logged_at_utc,group_key,title,category,days_to_resolve_at_scan,consensus_score,edge,num_sources,primary_outcome,primary_size_pct,primary_market_price,hedge_or_secondary_summary,warning,market_url
2026-08-31T19:25:54.346827+00:00,https://polymarket.com/event/massachusetts-democratic-senate-primary-winner,Massachusetts Democratic Senate Primary Winner,elections,0.19,0.0,0.0,0,Ed Markey,100.0,0.9905,,"no independent sources available — sized at floor, using market-implied favorite (برای این رقابت، RACE_PAGE_MAP در sources/polls.py تنظیم نشده است.)",https://polymarket.com/event/massachusetts-democratic-senate-primary-winner
2026-08-31T19:25:55.388770+00:00,https://polymarket.com/event/massachusetts-governor-republican-primary-winner,Massachusetts Governor Republican Primary Winner,elections,0.19,0.0,0.0,0,Michael Minogue,100.0,0.986,,"no independent sources available — sized at floor, using market-implied favorite (برای این رقابت، RACE_PAGE_MAP در sources/polls.py تنظیم نشده است.)",https://polymarket.com/event/massachusetts-governor-republican-primary-winner
2026-08-31T19:25:55.895918+00:00,https://polymarket.com/event/ma-08-democratic-primary-winner,MA-08 Democratic Primary Winner,elections,0.19,0.0,0.0,0,Stephen Lynch,86.62,0.825,secondary:Patrick Roath=8.0%; hedge:Andrew Zylberfink=5.3%,"no independent sources available — sized at floor, using market-implied favorite (برای این رقابت، RACE_PAGE_MAP در sources/polls.py تنظیم نشده است.)",https://polymarket.com/event/ma-08-democratic-primary-winner
2026-08-31T19:25:56.375830+00:00,https://polymarket.com/event/ma-05-democratic-primary-winner-20260727181542922,MA-05 Democratic Primary Winner,elections,0.19,0.0,0.0,0,Katherine Clark,100.0,0.9865,,"no independent sources available — sized at floor, using market-implied favorite (برای این رقابت، RACE_PAGE_MAP در sources/polls.py تنظیم نشده است.)",https://polymarket.com/event/ma-05-democratic-primary-winner-20260727181542922
2026-08-31T19:25:56.839861+00:00,https://polymarket.com/event/ma-09-democratic-primary-winner-20260727181858121,MA-09 Democratic Primary Winner,elections,0.19,0.0,0.0,0,Bill Keating,100.0,0.993,,"no independent sources available — sized at floor, using market-implied favorite (برای این رقابت، RACE_PAGE_MAP در sources/polls.py تنظیم نشده است.)",https://polymarket.com/event/ma-09-democratic-primary-winner-20260727181858121
2026-08-31T19:25:57.307217+00:00,https://polymarket.com/event/us-reissues-iran-oil-sales-sanction-relief-byptptpt-20260708142359046,US reissues Iran oil sales sanction relief by...?,commodities,0.356,0.0,0.0,0,August 31,35.0,0.0015,,"no independent sources available — sized at floor, using market-implied favorite (برای دسته‌ی commodities: یا کلید API مربوطه در .env خالی است، یا سؤال این بازار آستانه‌ی عددی صریح ندارد که مدل فعلی بتواند از آن تخمین بزند — این محدودیت مدل است، نه فقط کلید، و دقیقاً موضوع کالیبراسیون فاز ۷ است.)",https://polymarket.com/event/us-reissues-iran-oil-sales-sanction-relief-byptptpt-20260708142359046
2026-08-31T19:25:57.773896+00:00,https://polymarket.com/event/mitch-mcconnell-votes-in-the-senate-by-august-31-20260729184249668,Mitch McConnell votes in the Senate by August 31?,elections,0.356,0.0,0.0,0,Mitch McConnell votes in the Senate by August 31?,35.0,0.0005,,"no independent sources available — sized at floor, using market-implied favorite (برای این رقابت، RACE_PAGE_MAP در sources/polls.py تنظیم نشده است.)",https://polymarket.com/event/mitch-mcconnell-votes-in-the-senate-by-august-31-20260729184249668
2026-08-31T19:25:58.275112+00:00,https://polymarket.com/event/will-wisconsin-order-a-democratic-governor-primary-recount-by-august-31-20260812123408427,Will Wisconsin order a Democratic governor primary recount by August 31?,elections,0.356,0.0,0.0,0,Will Wisconsin order a Democratic governor primary recount by August 31?,35.0,0.0015,,"no independent sources available — sized at floor, using market-implied favorite (برای این رقابت، RACE_PAGE_MAP در sources/polls.py تنظیم نشده است.)",https://polymarket.com/event/will-wisconsin-order-a-democratic-governor-primary-recount-by-august-31-20260812123408427
2026-08-31T19:25:58.786758+00:00,https://polymarket.com/event/what-price-will-spy-hit-in-august-2026,What will S&P 500 (SPY) hit in August 2026?,stocks,0.357,0.0,0.0,0,↑ $790,35.0,0.0105,secondary:↑ $780=10.7%; secondary:↓ $680=9.2%; secondary:↓ $700=4.6%; secondary:↑ $800=3.8%; secondary:↓ $690=3.8%; secondary:↓ $720=2.3%; secondary:↓ $710=2.3%; secondary:↓ $730=1.5%; secondary:↓ $670=26.8%,"no independent sources available — sized at floor, using market-implied favorite (برای دسته‌ی stocks: یا کلید API مربوطه در .env خالی است، یا سؤال این بازار آستانه‌ی عددی صریح ندارد که مدل فعلی بتواند از آن تخمین بزند — این محدودیت مدل است، نه فقط کلید، و دقیقاً موضوع کالیبراسیون فاز ۷ است.)",https://polymarket.com/event/what-price-will-spy-hit-in-august-2026
2026-08-31T19:25:59.286891+00:00,https://polymarket.com/event/what-price-will-xauusd-hit-in-august-2026,What will Gold (XAUUSD) hit in August 2026?,commodities,0.357,0.0,0.0,0,"↑ $4,700",35.0,0.002,"secondary:↓ $4,000=11.7%; secondary:↓ $3,900=7.8%; secondary:↓ $3,800=3.9%; secondary:↓ $3,700=3.9%; secondary:↓ $3,600=3.9%; secondary:↓ $3,500=3.9%; secondary:↓ $3,400=29.9%","no independent sources available — sized at floor, using market-implied favorite (برای دسته‌ی commodities: یا کلید API مربوطه در .env خالی است، یا سؤال این بازار آستانه‌ی عددی صریح ندارد که مدل فعلی بتواند از آن تخمین بزند — این محدودیت مدل است، نه فقط کلید، و دقیقاً موضوع کالیبراسیون فاز ۷ است.)",https://polymarket.com/event/what-price-will-xauusd-hit-in-august-2026
2026-08-31T19:25:59.821852+00:00,https://polymarket.com/event/what-price-will-xagusd-hit-in-august-2026,What will Silver (XAGUSD) hit in August 2026?,commodities,0.357,0.0,0.0,0,↓ $56,35.0,0.0135,secondary:↓ $54=22.9%; secondary:↑ $72=4.6%; secondary:↓ $52=4.6%; secondary:↓ $50=2.3%; secondary:↓ $48=2.3%; secondary:↓ $46=28.3%,"no independent sources available — sized at floor, using market-implied favorite (برای دسته‌ی commodities: یا کلید API مربوطه در .env خالی است، یا سؤال این بازار آستانه‌ی عددی صریح ندارد که مدل فعلی بتواند از آن تخمین بزند — این محدودیت مدل است، نه فقط کلید، و دقیقاً موضوع کالیبراسیون فاز ۷ است.)",https://polymarket.com/event/what-price-will-xagusd-hit-in-august-2026
2026-08-31T19:26:00.324491+00:00,https://polymarket.com/event/what-price-will-wti-hit-in-august-2026,What will WTI Crude Oil (WTI) hit in August 2026?,commodities,0.357,0.0,0.0,0,↑ $90,35.0,0.0015,secondary:↓ $75=4.1%; secondary:↑ $150=2.0%; secondary:↑ $140=2.0%; secondary:↑ $130=2.0%; secondary:↑ $120=2.0%; secondary:↑ $110=2.0%; secondary:↑ $100=2.0%; secondary:↓ $70=2.0%; secondary:↓ $60=2.0%; secondary:↓ $50=2.0%; secondary:↓ $40=2.0%; secondary:↓ $30=2.0%; secondary:↓ $20=2.0%; secondary:↑ $95=2.0%; secondary:↑ $105=2.0%; secondary:↑ $115=2.0%; secondary:↓ $65=2.0%; secondary:↓ $55=28.1%,"no independent sources available — sized at floor, using market-implied favorite (برای دسته‌ی commodities: یا کلید API مربوطه در .env خالی است، یا سؤال این بازار آستانه‌ی عددی صریح ندارد که مدل فعلی بتواند از آن تخمین بزند — این محدودیت مدل است، نه فقط کلید، و دقیقاً موضوع کالیبراسیون فاز ۷ است.)",https://polymarket.com/event/what-price-will-wti-hit-in-august-2026
2026-08-31T19:26:00.841660+00:00,https://polymarket.com/event/what-price-will-ng-hit-in-august-2026,What will Natural Gas (NG) hit in August 2026?,commodities,0.357,0.0,0.0,0,↑ $3.00,41.84,0.3985,secondary:↑ $3.20=17.6%; secondary:↑ $3.40=3.5%; secondary:↑ $3.80=3.1%; secondary:↓ $2.60=1.8%; secondary:↑ $4.20=1.5%; secondary:↑ $4.00=1.5%; secondary:↑ $3.60=1.5%; secondary:↓ $1.80=1.5%; secondary:↓ $2.20=1.0%; secondary:↓ $2.00=0.8%; secondary:↓ $1.60=0.7%; secondary:↓ $2.40=23.8%,"no independent sources available — sized at floor, using market-implied favorite (برای دسته‌ی commodities: یا کلید API مربوطه در .env خالی است، یا سؤال این بازار آستانه‌ی عددی صریح ندارد که مدل فعلی بتواند از آن تخمین بزند — این محدودیت مدل است، نه فقط کلید، و دقیقاً موضوع کالیبراسیون فاز ۷ است.)",https://polymarket.com/event/what-price-will-ng-hit-in-august-2026
2026-08-31T19:26:01.368264+00:00,https://polymarket.com/event/what-price-will-bitcoin-hit-in-august-2026,What price will Bitcoin hit in August?,crypto,0.357,0.0,0.0,0,"↑ 82,500",35.0,0.0135,"secondary:↑ 85,000=12.2%; secondary:↑ 100,000=2.4%; secondary:↓ 60,000=2.4%; secondary:↓ 57,500=2.4%; secondary:↓ 55,000=2.4%; secondary:↓ 52,500=2.4%; secondary:↓ 50,000=2.4%; secondary:↓ 47,500=2.4%; secondary:↓ 45,000=2.4%; secondary:↓ 42,500=2.4%; secondary:↓ 40,000=2.4%; secondary:↓ 62,500=28.4%","no independent sources available — sized at floor, using market-implied favorite (برای دسته‌ی crypto: یا کلید API مربوطه در .env خالی است، یا سؤال این بازار آستانه‌ی عددی صریح ندارد که مدل فعلی بتواند از آن تخمین بزند — این محدودیت مدل است، نه فقط کلید، و دقیقاً موضوع کالیبراسیون فاز ۷ است.)",https://polymarket.com/event/what-price-will-bitcoin-hit-in-august-2026
2026-08-31T19:26:01.982777+00:00,https://polymarket.com/event/what-price-will-ethereum-hit-in-august-2026,What price will Ethereum hit in August?,crypto,0.357,0.0,0.0,0,"↑ 2,600",35.0,0.023,"secondary:↑ 2,700=9.8%; secondary:↑ 3,000=4.9%; secondary:↓ 1,800=2.4%; secondary:↓ 1,700=2.4%; secondary:↓ 1,600=2.4%; secondary:↓ 1,500=2.4%; secondary:↓ 1,400=2.4%; secondary:↓ 1,300=2.4%; secondary:↓ 1,200=2.4%; secondary:↓ 1,100=2.4%; secondary:↓ 1,000=2.4%; secondary:↓ 900=28.4%","no independent sources available — sized at floor, using market-implied favorite (برای دسته‌ی crypto: یا کلید API مربوطه در .env خالی است، یا سؤال این بازار آستانه‌ی عددی صریح ندارد که مدل فعلی بتواند از آن تخمین بزند — این محدودیت مدل است، نه فقط کلید، و دقیقاً موضوع کالیبراسیون فاز ۷ است.)",https://polymarket.com/event/what-price-will-ethereum-hit-in-august-2026
2026-08-31T19:26:02.496528+00:00,https://polymarket.com/event/what-will-the-ethereum-implied-volatility-index-hit-by-august-31-2026,What will the Ethereum Implied Volatility Index hit by August 31?,crypto,0.357,0.0,0.0,0,↑ 70,35.0,0.055,secondary:↑ 65=10.5%; secondary:↑ 80=8.3%; secondary:↓ 45=6.5%; secondary:↓ 40=5.2%; secondary:↓ 35=4.0%; secondary:↑ 90=2.8%; secondary:↑ 100=27.6%,"no independent sources available — sized at floor, using market-implied favorite (برای دسته‌ی crypto: یا کلید API مربوطه در .env خالی است، یا سؤال این بازار آستانه‌ی عددی صریح ندارد که مدل فعلی بتواند از آن تخمین بزند — این محدودیت مدل است، نه فقط کلید، و دقیقاً موضوع کالیبراسیون فاز ۷ است.)",https://polymarket.com/event/what-will-the-ethereum-implied-volatility-index-hit-by-august-31-2026
2026-08-31T19:26:03.007926+00:00,https://polymarket.com/event/what-will-the-bitcoin-implied-volatility-index-hit-by-august-31-2026,What will the Bitcoin Implied Volatility index hit by August 31?,crypto,0.357,0.0,0.0,0,↑ 55,35.0,0.0705,secondary:↑ 70=11.3%; secondary:↑ 60=11.3%; secondary:↑ 50=5.8%; secondary:↓ 35=5.7%; secondary:↓ 25=3.8%; secondary:↓ 30=27.1%,"no independent sources available — sized at floor, using market-implied favorite (برای دسته‌ی crypto: یا کلید API مربوطه در .env خالی است، یا سؤال این بازار آستانه‌ی عددی صریح ندارد که مدل فعلی بتواند از آن تخمین بزند — این محدودیت مدل است، نه فقط کلید، و دقیقاً موضوع کالیبراسیون فاز ۷ است.)",https://polymarket.com/event/what-will-the-bitcoin-implied-volatility-index-hit-by-august-31-2026
2026-08-31T19:26:03.519814+00:00,https://polymarket.com/event/brazil-gdp-growth-in-q2-2026-qoq,Brazil GDP Growth in Q2 2026 (QoQ)?,gdp,1.19,0.0,0.0,0,0.3%–0.5%,79.75,0.7595,secondary:0.6%–0.8%=12.2%; hedge:<0.0%=2.7%; hedge:0.0%–0.2%=5.0%; hedge:0.9%–1.1%=0.3%; hedge:1.2%–1.4%=0.0%; hedge:≥1.5%=0.0%,"no independent sources available — sized at floor, using market-implied favorite (برای دسته‌ی gdp: یا کلید API مربوطه در .env خالی است، یا سؤال این بازار آستانه‌ی عددی صریح ندارد که مدل فعلی بتواند از آن تخمین بزند — این محدودیت مدل است، نه فقط کلید، و دقیقاً موضوع کالیبراسیون فاز ۷ است.)",https://polymarket.com/event/brazil-gdp-growth-in-q2-2026-qoq
2026-08-31T19:26:04.034452+00:00,https://polymarket.com/event/ma-01-democratic-primary-winner-20260727173754524,MA-01 Democratic Primary Winner,elections,1.19,0.0,0.0,0,Richard Neal,96.71,0.921,hedge:Jeromie Whalen=3.3%,"no independent sources available — sized at floor, using market-implied favorite (برای این رقابت، RACE_PAGE_MAP در sources/polls.py تنظیم نشده است.)",https://polymarket.com/event/ma-01-democratic-primary-winner-20260727173754524
2026-08-31T19:26:04.534079+00:00,https://polymarket.com/event/ma-04-democratic-primary-winner-20260727180932560,MA-04 Democratic Primary Winner,elections,1.19,0.0,0.0,0,Jake Auchincloss,100.0,0.981,,"no independent sources available — sized at floor, using market-implied favorite (برای این رقابت، RACE_PAGE_MAP در sources/polls.py تنظیم نشده است.)",https://polymarket.com/event/ma-04-democratic-primary-winner-20260727180932560
2026-08-31T19:26:05.141035+00:00,https://polymarket.com/event/bank-of-canada-decision-in-september-20260701223913897,Bank of Canada Decision in September?,boc,1.19,0.0,0.0,0,No Change,100.0,0.9975,,"no independent sources available — sized at floor, using market-implied favorite (برای دسته‌ی boc: یا کلید API مربوطه در .env خالی است، یا سؤال این بازار آستانه‌ی عددی صریح ندارد که مدل فعلی بتواند از آن تخمین بزند — این محدودیت مدل است، نه فقط کلید، و دقیقاً موضوع کالیبراسیون فاز ۷ است.)",https://polymarket.com/event/bank-of-canada-decision-in-september-20260701223913897
2026-08-31T19:26:05.696986+00:00,https://polymarket.com/event/reserve-bank-of-new-zealand-decision-in-september-20260710022000963,Reserve Bank of New Zealand decision in September?,central_banks_other,2.19,0.0,0.0,0,Increase,100.0,0.989,,"no independent sources available — sized at floor, using market-implied favorite (برای دسته‌ی central_banks_other: یا کلید API مربوطه در .env خالی است، یا سؤال این بازار آستانه‌ی عددی صریح ندارد که مدل فعلی بتواند از آن تخمین بزند — این محدودیت مدل است، نه فقط کلید، و دقیقاً موضوع کالیبراسیون فاز ۷ است.)",https://polymarket.com/event/reserve-bank-of-new-zealand-decision-in-september-20260710022000963
2026-08-31T19:26:06.616854+00:00,https://polymarket.com/event/august-unemployment-rate-1786116586124,August Unemployment Rate,employment,3.544,100.0,0.33999900000000005,1,4.1%,64.4,0.34,secondary:4.2%=11.4%; secondary:4.3%=5.4%; secondary:4.0%=4.5%; hedge:≤3.8%=1.0%; hedge:3.9%=4.2%; hedge:4.4%=5.7%; hedge:4.5%=0.8%; hedge:≥4.6%=2.6%,,https://polymarket.com/event/august-unemployment-rate-1786116586124
2026-08-31T19:32:17.667243+00:00,https://polymarket.com/event/massachusetts-democratic-senate-primary-winner,Massachusetts Democratic Senate Primary Winner,elections,0.186,0.0,0.0,0,Ed Markey,100.0,0.991,,"no independent sources available — sized at floor, using market-implied favorite (RACE_PAGE_MAP در sources/polls.py تنظیم نشده است.)",https://polymarket.com/event/massachusetts-democratic-senate-primary-winner
2026-08-31T19:32:17.667536+00:00,https://polymarket.com/event/massachusetts-governor-republican-primary-winner,Massachusetts Governor Republican Primary Winner,elections,0.186,0.0,0.0,0,Michael Minogue,100.0,0.986,,"no independent sources available — sized at floor, using market-implied favorite (RACE_PAGE_MAP در sources/polls.py تنظیم نشده است.)",https://polymarket.com/event/massachusetts-governor-republican-primary-winner
2026-08-31T19:32:17.667800+00:00,https://polymarket.com/event/ma-08-democratic-primary-winner,MA-08 Democratic Primary Winner,elections,0.186,0.0,0.0,0,Stephen Lynch,86.62,0.825,secondary:Patrick Roath=8.0%; hedge:Andrew Zylberfink=5.3%,"no independent sources available — sized at floor, using market-implied favorite (RACE_PAGE_MAP در sources/polls.py تنظیم نشده است.)",https://polymarket.com/event/ma-08-democratic-primary-winner
2026-08-31T19:32:17.668019+00:00,https://polymarket.com/event/ma-05-democratic-primary-winner-20260727181542922,MA-05 Democratic Primary Winner,elections,0.186,0.0,0.0,0,Katherine Clark,100.0,0.987,,"no independent sources available — sized at floor, using market-implied favorite (RACE_PAGE_MAP در sources/polls.py تنظیم نشده است.)",https://polymarket.com/event/ma-05-democratic-primary-winner-20260727181542922
2026-08-31T19:32:17.668260+00:00,https://polymarket.com/event/ma-09-democratic-primary-winner-20260727181858121,MA-09 Democratic Primary Winner,elections,0.186,0.0,0.0,0,Bill Keating,100.0,0.993,,"no independent sources available — sized at floor, using market-implied favorite (RACE_PAGE_MAP در sources/polls.py تنظیم نشده است.)",https://polymarket.com/event/ma-09-democratic-primary-winner-20260727181858121
2026-08-31T19:32:17.668424+00:00,https://polymarket.com/event/us-reissues-iran-oil-sales-sanction-relief-byptptpt-20260708142359046,US reissues Iran oil sales sanction relief by...?,commodities,0.352,0.0,0.0,0,August 31,35.0,0.0015,,"no independent sources available — sized at floor, using market-implied favorite (commodities API/.env؟)",https://polymarket.com/event/us-reissues-iran-oil-sales-sanction-relief-byptptpt-20260708142359046
2026-08-31T19:32:17.668592+00:00,https://polymarket.com/event/mitch-mcconnell-votes-in-the-senate-by-august-31-20260729184249668,Mitch McConnell votes in the Senate by August 31?,elections,0.352,0.0,0.0,0,Mitch McConnell votes in the Senate by August 31?,35.0,0.0005,,"no independent sources available — sized at floor, using market-implied favorite (RACE_PAGE_MAP در sources/polls.py تنظیم نشده است.)",https://polymarket.com/event/mitch-mcconnell-votes-in-the-senate-by-august-31-20260729184249668
2026-08-31T19:32:17.668821+00:00,https://polymarket.com/event/will-wisconsin-order-a-democratic-governor-primary-recount-by-august-31-20260812123408427,Will Wisconsin order a Democratic governor primary recount by August 31?,elections,0.352,0.0,0.0,0,Will Wisconsin order a Democratic governor primary recount by August 31?,35.0,0.0015,,"no independent sources available — sized at floor, using market-implied favorite (RACE_PAGE_MAP در sources/polls.py تنظیم نشده است.)",https://polymarket.com/event/will-wisconsin-order-a-democratic-governor-primary-recount-by-august-31-20260812123408427
2026-08-31T19:32:17.669112+00:00,https://polymarket.com/event/what-price-will-spy-hit-in-august-2026,What will S&P 500 (SPY) hit in August 2026?,stocks,0.353,0.0,0.0,0,↑ $790,35.0,0.011,secondary:↑ $780=9.8%; secondary:↓ $680=8.4%; secondary:↓ $700=7.7%; secondary:↑ $800=3.5%; secondary:↓ $690=3.5%; secondary:↓ $720=2.1%; secondary:↓ $710=2.1%; secondary:↓ $730=1.4%; secondary:↓ $670=26.7%,"no independent sources available — sized at floor, using market-implied favorite (stocks API/.env؟)",https://polymarket.com/event/what-price-will-spy-hit-in-august-2026
2026-08-31T19:32:17.669256+00:00,https://polymarket.com/event/what-price-will-xauusd-hit-in-august-2026,What will Gold (XAUUSD) hit in August 2026?,commodities,0.353,0.0,0.0,0,"↑ $4,700",35.0,0.002,"secondary:↓ $4,000=11.7%; secondary:↓ $3,900=7.8%; secondary:↓ $3,800=3.9%; secondary:↓ $3,700=3.9%; secondary:↓ $3,600=3.9%; secondary:↓ $3,500=3.9%; secondary:↓ $3,400=29.9%","no independent sources available — sized at floor, using market-implied favorite (commodities API/.env؟)",https://polymarket.com/event/what-price-will-xauusd-hit-in-august-2026
2026-08-31T19:32:17.669383+00:00,https://polymarket.com/event/what-price-will-xagusd-hit-in-august-2026,What will Silver (XAGUSD) hit in August 2026?,commodities,0.353,0.0,0.0,0,↓ $56,35.0,0.005,secondary:↓ $54=21.7%; secondary:↑ $72=6.5%; secondary:↓ $52=4.3%; secondary:↓ $50=2.2%; secondary:↓ $48=2.2%; secondary:↓ $46=28.2%,"no independent sources available — sized at floor, using market-implied favorite (commodities API/.env؟)",https://polymarket.com/event/what-price-will-xagusd-hit-in-august-2026
2026-08-31T19:32:17.669555+00:00,https://polymarket.com/event/what-price-will-wti-hit-in-august-2026,What will WTI Crude Oil (WTI) hit in August 2026?,commodities,0.353,0.0,0.0,0,↑ $90,35.0,0.0015,secondary:↓ $75=4.1%; secondary:↑ $150=2.0%; secondary:↑ $140=2.0%; secondary:↑ $130=2.0%; secondary:↑ $120=2.0%; secondary:↑ $110=2.0%; secondary:↑ $100=2.0%; secondary:↓ $70=2.0%; secondary:↓ $60=2.0%; secondary:↓ $50=2.0%; secondary:↓ $40=2.0%; secondary:↓ $30=2.0%; secondary:↓ $20=2.0%; secondary:↑ $95=2.0%; secondary:↑ $105=2.0%; secondary:↑ $115=2.0%; secondary:↓ $65=2.0%; secondary:↓ $55=28.1%,"no independent sources available — sized at floor, using market-implied favorite (commodities API/.env؟)",https://polymarket.com/event/what-price-will-wti-hit-in-august-2026
2026-08-31T19:32:17.669755+00:00,https://polymarket.com/event/what-price-will-ng-hit-in-august-2026,What will Natural Gas (NG) hit in August 2026?,commodities,0.353,0.0,0.0,0,↑ $3.00,35.0,0.0105,secondary:↑ $3.80=5.2%; secondary:↑ $3.20=4.9%; secondary:↑ $3.40=4.1%; secondary:↓ $2.60=4.1%; secondary:↑ $3.60=3.8%; secondary:↑ $4.20=3.4%; secondary:↑ $4.00=3.4%; secondary:↓ $1.80=3.4%; secondary:↓ $2.20=2.2%; secondary:↓ $2.00=1.9%; secondary:↓ $1.60=1.5%; secondary:↓ $2.40=27.1%,"no independent sources available — sized at floor, using market-implied favorite (commodities API/.env؟)",https://polymarket.com/event/what-price-will-ng-hit-in-august-2026
2026-08-31T19:32:17.669913+00:00,https://polymarket.com/event/what-price-will-bitcoin-hit-in-august-2026,What price will Bitcoin hit in August?,crypto,0.353,0.0,0.0,0,"↑ 82,500",35.0,0.0105,"secondary:↑ 85,000=12.2%; secondary:↑ 100,000=2.4%; secondary:↓ 60,000=2.4%; secondary:↓ 57,500=2.4%; secondary:↓ 55,000=2.4%; secondary:↓ 52,500=2.4%; secondary:↓ 50,000=2.4%; secondary:↓ 47,500=2.4%; secondary:↓ 45,000=2.4%; secondary:↓ 42,500=2.4%; secondary:↓ 40,000=2.4%; secondary:↓ 62,500=28.4%","no independent sources available — sized at floor, using market-implied favorite (crypto API/.env؟)",https://polymarket.com/event/what-price-will-bitcoin-hit-in-august-2026
2026-08-31T19:32:17.670064+00:00,https://polymarket.com/event/what-price-will-ethereum-hit-in-august-2026,What price will Ethereum hit in August?,crypto,0.353,0.0,0.0,0,"↑ 2,600",35.0,0.023,"secondary:↑ 2,700=9.8%; secondary:↑ 3,000=4.9%; secondary:↓ 1,800=2.4%; secondary:↓ 1,700=2.4%; secondary:↓ 1,600=2.4%; secondary:↓ 1,500=2.4%; secondary:↓ 1,400=2.4%; secondary:↓ 1,300=2.4%; secondary:↓ 1,200=2.4%; secondary:↓ 1,100=2.4%; secondary:↓ 1,000=2.4%; secondary:↓ 900=28.4%","no independent sources available — sized at floor, using market-implied favorite (crypto API/.env؟)",https://polymarket.com/event/what-price-will-ethereum-hit-in-august-2026
2026-08-31T19:32:17.670194+00:00,https://polymarket.com/event/what-will-the-ethereum-implied-volatility-index-hit-by-august-31-2026,What will the Ethereum Implied Volatility Index hit by August 31?,crypto,0.353,0.0,0.0,0,↑ 70,35.0,0.055,secondary:↑ 65=10.5%; secondary:↑ 80=8.3%; secondary:↓ 45=6.5%; secondary:↓ 40=5.2%; secondary:↓ 35=4.0%; secondary:↑ 90=2.8%; secondary:↑ 100=27.6%,"no independent sources available — sized at floor, using market-implied favorite (crypto API/.env؟)",https://polymarket.com/event/what-will-the-ethereum-implied-volatility-index-hit-by-august-31-2026
2026-08-31T19:32:17.670314+00:00,https://polymarket.com/event/what-will-the-bitcoin-implied-volatility-index-hit-by-august-31-2026,What will the Bitcoin Implied Volatility index hit by August 31?,crypto,0.353,0.0,0.0,0,↑ 55,35.0,0.0705,secondary:↑ 60=11.5%; secondary:↑ 70=11.3%; secondary:↑ 50=5.9%; secondary:↓ 35=5.2%; secondary:↓ 25=3.9%; secondary:↓ 30=27.1%,"no independent sources available — sized at floor, using market-implied favorite (crypto API/.env؟)",https://polymarket.com/event/what-will-the-bitcoin-implied-volatility-index-hit-by-august-31-2026
2026-08-31T19:32:17.670471+00:00,https://polymarket.com/event/brazil-gdp-growth-in-q2-2026-qoq,Brazil GDP Growth in Q2 2026 (QoQ)?,gdp,1.185,0.0,0.0,0,0.3%–0.5%,80.06,0.7625,secondary:0.6%–0.8%=12.0%; hedge:<0.0%=2.7%; hedge:0.0%–0.2%=4.9%; hedge:0.9%–1.1%=0.3%; hedge:1.2%–1.4%=0.0%; hedge:≥1.5%=0.0%,"no independent sources available — sized at floor, using market-implied favorite (gdp API/.env؟)",https://polymarket.com/event/brazil-gdp-growth-in-q2-2026-qoq
2026-08-31T19:32:17.670631+00:00,https://polymarket.com/event/ma-01-democratic-primary-winner-20260727173754524,MA-01 Democratic Primary Winner,elections,1.185,0.0,0.0,0,Richard Neal,96.71,0.921,hedge:Jeromie Whalen=3.3%,"no independent sources available — sized at floor, using market-implied favorite (RACE_PAGE_MAP در sources/polls.py تنظیم نشده است.)",https://polymarket.com/event/ma-01-democratic-primary-winner-20260727173754524
2026-08-31T19:32:17.670849+00:00,https://polymarket.com/event/ma-04-democratic-primary-winner-20260727180932560,MA-04 Democratic Primary Winner,elections,1.185,0.0,0.0,0,Jake Auchincloss,100.0,0.9825,,"no independent sources available — sized at floor, using market-implied favorite (RACE_PAGE_MAP در sources/polls.py تنظیم نشده است.)",https://polymarket.com/event/ma-04-democratic-primary-winner-20260727180932560
2026-08-31T19:32:17.671010+00:00,https://polymarket.com/event/bank-of-canada-decision-in-september-20260701223913897,Bank of Canada Decision in September?,boc,1.186,0.0,0.0,0,No Change,100.0,0.9975,,"no independent sources available — sized at floor, using market-implied favorite (boc API/.env؟)",https://polymarket.com/event/bank-of-canada-decision-in-september-20260701223913897
2026-08-31T19:32:17.671121+00:00,https://polymarket.com/event/reserve-bank-of-new-zealand-decision-in-september-20260710022000963,Reserve Bank of New Zealand decision in September?,central_banks_other,2.185,0.0,0.0,0,Increase,100.0,0.989,,"no independent sources available — sized at floor, using market-implied favorite (central_banks_other API/.env؟)",https://polymarket.com/event/reserve-bank-of-new-zealand-decision-in-september-20260710022000963
2026-08-31T19:32:18.261589+00:00,https://polymarket.com/event/august-unemployment-rate-1786116586124,August Unemployment Rate,employment,3.54,100.0,0.33999900000000005,1,4.1%,64.4,0.34,secondary:4.2%=11.3%; secondary:4.3%=5.4%; secondary:4.0%=4.7%; hedge:≤3.8%=1.0%; hedge:3.9%=4.2%; hedge:4.4%=5.2%; hedge:4.5%=0.8%; hedge:≥4.6%=3.0%,,https://polymarket.com/event/august-unemployment-rate-1786116586124
2026-09-01T17:23:53.995592+00:00,https://polymarket.com/event/panw-quarterly-earnings-nongaap-eps-09-01-2026-0pt98,Will Palo Alto Networks (PANW) beat quarterly earnings?,stocks,0.15,0.0,0.0,0,Will Palo Alto Networks (PANW) beat quarterly earnings?,99.12,0.944,,"no independent sources available — sized at floor, using market-implied favorite (stocks API/.env؟)",https://polymarket.com/event/panw-quarterly-earnings-nongaap-eps-09-01-2026-0pt98
2026-09-01T17:23:53.995895+00:00,https://polymarket.com/event/mdb-quarterly-earnings-nongaap-eps-09-01-2026-1pt61,Will MongoDB (MDB) beat quarterly earnings?,stocks,0.15,0.0,0.0,0,Will MongoDB (MDB) beat quarterly earnings?,100.0,0.9705,,"no independent sources available — sized at floor, using market-implied favorite (stocks API/.env؟)",https://polymarket.com/event/mdb-quarterly-earnings-nongaap-eps-09-01-2026-1pt61
2026-09-01T17:23:53.996076+00:00,https://polymarket.com/event/ma-01-democratic-primary-winner-20260727173754524,MA-01 Democratic Primary Winner,elections,0.274,0.0,0.0,0,Richard Neal,96.97,0.9235,hedge:Jeromie Whalen=3.0%,"no independent sources available — sized at floor, using market-implied favorite (RACE_PAGE_MAP در sources/polls.py تنظیم نشده است.)",https://polymarket.com/event/ma-01-democratic-primary-winner-20260727173754524
2026-09-01T17:23:53.996298+00:00,https://polymarket.com/event/ma-04-democratic-primary-winner-20260727180932560,MA-04 Democratic Primary Winner,elections,0.274,0.0,0.0,0,Jake Auchincloss,100.0,0.984,,"no independent sources available — sized at floor, using market-implied favorite (RACE_PAGE_MAP در sources/polls.py تنظیم نشده است.)",https://polymarket.com/event/ma-04-democratic-primary-winner-20260727180932560
2026-09-01T17:23:53.996492+00:00,https://polymarket.com/event/bank-of-canada-decision-in-september-20260701223913897,Bank of Canada Decision in September?,boc,0.275,0.0,0.0,0,No Change,100.0,0.998,,"no independent sources available — sized at floor, using market-implied favorite (boc API/.env؟)",https://polymarket.com/event/bank-of-canada-decision-in-september-20260701223913897
2026-09-01T17:23:53.996631+00:00,https://polymarket.com/event/reserve-bank-of-new-zealand-decision-in-september-20260710022000963,Reserve Bank of New Zealand decision in September?,central_banks_other,1.274,0.0,0.0,0,Increase,100.0,0.993,,"no independent sources available — sized at floor, using market-implied favorite (central_banks_other API/.env؟)",https://polymarket.com/event/reserve-bank-of-new-zealand-decision-in-september-20260710022000963
2026-09-01T17:23:54.378476+00:00,https://polymarket.com/event/august-unemployment-rate-1786116586124,August Unemployment Rate,employment,2.629,100.0,0.344999,1,4.1%,64.57,0.345,secondary:4.2%=12.1%; secondary:4.0%=6.1%; secondary:4.3%=3.1%; hedge:≤3.8%=1.2%; hedge:3.9%=5.0%; hedge:4.4%=4.0%; hedge:4.5%=0.9%; hedge:≥4.6%=3.0%,,https://polymarket.com/event/august-unemployment-rate-1786116586124
2026-09-01T17:23:54.378816+00:00,https://polymarket.com/event/nh-01-democratic-primary-winner,NH-01 Democratic Primary Winner,elections,6.275,0.0,0.0,0,Maura Sullivan,70.88,0.675,secondary:Stefany Shaheen=17.5%; hedge:Carleigh Beriont=11.0%; hedge:Heath Howard=0.6%,"no independent sources available — sized at floor, using market-implied favorite (RACE_PAGE_MAP در sources/polls.py تنظیم نشده است.)",https://polymarket.com/event/nh-01-democratic-primary-winner
2026-09-01T17:23:54.379004+00:00,https://polymarket.com/event/new-hampshire-democratic-senate-primary-winner,New Hampshire Democratic Senate Primary Winner,elections,6.275,0.0,0.0,0,Chris Pappas,99.38,0.9465,hedge:Karishma Manzur=0.6%,"no independent sources available — sized at floor, using market-implied favorite (RACE_PAGE_MAP در sources/polls.py تنظیم نشده است.)",https://polymarket.com/event/new-hampshire-democratic-senate-primary-winner
2026-09-01T17:23:54.379186+00:00,https://polymarket.com/event/rhode-island-democratic-senate-primary-winner,Rhode Island Democratic Senate Primary Winner,elections,6.275,0.0,0.0,0,Jack Reed,100.0,0.979,,"no independent sources available — sized at floor, using market-implied favorite (RACE_PAGE_MAP در sources/polls.py تنظیم نشده است.)",https://polymarket.com/event/rhode-island-democratic-senate-primary-winner
2026-09-01T17:23:54.379368+00:00,https://polymarket.com/event/new-hampshire-republican-senate-primary-winner-296,New Hampshire Republican Senate Primary Winner,elections,6.275,0.0,0.0,0,John E. Sununu,100.0,0.9755,,"no independent sources available — sized at floor, using market-implied favorite (RACE_PAGE_MAP در sources/polls.py تنظیم نشده است.)",https://polymarket.com/event/new-hampshire-republican-senate-primary-winner-296
2026-09-01T17:23:54.379506+00:00,https://polymarket.com/event/rhode-island-republican-senate-primary-winner,Rhode Island Republican Senate Primary Winner,elections,6.275,0.0,0.0,0,Raymond McKay,100.0,0.9755,,"no independent sources available — sized at floor, using market-implied favorite (RACE_PAGE_MAP در sources/polls.py تنظیم نشده است.)",https://polymarket.com/event/rhode-island-republican-senate-primary-winner
2026-09-01T17:23:54.379654+00:00,https://polymarket.com/event/new-hampshire-governor-republican-primary-winner,New Hampshire Governor Republican Primary Winner,elections,6.275,0.0,0.0,0,Kelly Ayotte,100.0,0.981,,"no independent sources available — sized at floor, using market-implied favorite (RACE_PAGE_MAP در sources/polls.py تنظیم نشده است.)",https://polymarket.com/event/new-hampshire-governor-republican-primary-winner
2026-09-01T17:23:54.379762+00:00,https://polymarket.com/event/new-hampshire-governor-democratic-primary-winner,New Hampshire Governor Democratic Primary Winner,elections,6.275,0.0,0.0,0,Cinde Warmington,100.0,0.9855,,"no independent sources available — sized at floor, using market-implied favorite (RACE_PAGE_MAP در sources/polls.py تنظیم نشده است.)",https://polymarket.com/event/new-hampshire-governor-democratic-primary-winner
2026-09-01T17:23:54.379855+00:00,https://polymarket.com/event/rhode-island-governor-democratic-primary-winner,Rhode Island Governor Democratic Primary Winner,elections,6.275,0.0,0.0,0,Helena Foulkes,100.0,0.99,,"no independent sources available — sized at floor, using market-implied favorite (RACE_PAGE_MAP در sources/polls.py تنظیم نشده است.)",https://polymarket.com/event/rhode-island-governor-democratic-primary-winner
2026-09-01T17:23:54.379955+00:00,https://polymarket.com/event/rhode-island-governor-republican-primary-winner,Rhode Island Governor Republican Primary Winner,elections,6.275,0.0,0.0,0,Elaine Pelino,95.55,0.91,hedge:Aaron Guckian=1.8%; hedge:Robert Raimondo=0.0%; hedge:Jessica de la Cruz=0.0%; hedge:Ashley Kalus=0.0%,"no independent sources available — sized at floor, using market-implied favorite (RACE_PAGE_MAP در sources/polls.py تنظیم نشده است.)",https://polymarket.com/event/rhode-island-governor-republican-primary-winner
2026-09-01T17:23:54.380066+00:00,https://polymarket.com/event/nh-01-republican-primary-winner,NH-01 Republican Primary Winner,boe,6.275,0.0,0.0,0,Anthony DiLorenzo,78.22,0.745,secondary:Hollie Noveletsky=13.1%; hedge:Melissa Bailey=3.4%; hedge:Brian Cole=1.8%; hedge:Elizabeth Girard=3.6%,"no independent sources available — sized at floor, using market-implied favorite (boe API/.env؟)",https://polymarket.com/event/nh-01-republican-primary-winner
2026-09-02T17:23:20.990254+00:00,https://polymarket.com/event/august-unemployment-rate-1786116586124,August Unemployment Rate,employment,1.63,100.0,0.359999,1,4.1%,65.1,0.36,secondary:4.2%=11.1%; secondary:4.0%=6.0%; secondary:4.3%=3.9%; hedge:≤3.8%=1.2%; hedge:3.9%=4.9%; hedge:4.4%=4.0%; hedge:4.5%=1.2%; hedge:≥4.6%=2.7%,,https://polymarket.com/event/august-unemployment-rate-1786116586124
2026-09-02T17:23:20.990606+00:00,https://polymarket.com/event/nh-01-democratic-primary-winner,NH-01 Democratic Primary Winner,elections,5.275,0.0,0.0,0,Maura Sullivan,72.97,0.695,secondary:Stefany Shaheen=16.2%; hedge:Carleigh Beriont=10.5%; hedge:Heath Howard=0.3%,"no independent sources available — sized at floor, using market-implied favorite (RACE_PAGE_MAP در sources/polls.py تنظیم نشده است.)",https://polymarket.com/event/nh-01-democratic-primary-winner
2026-09-02T17:23:20.990838+00:00,https://polymarket.com/event/new-hampshire-democratic-senate-primary-winner,New Hampshire Democratic Senate Primary Winner,elections,5.275,0.0,0.0,0,Chris Pappas,100.0,0.9675,,"no independent sources available — sized at floor, using market-implied favorite (RACE_PAGE_MAP در sources/polls.py تنظیم نشده است.)",https://polymarket.com/event/new-hampshire-democratic-senate-primary-winner
2026-09-02T17:23:20.991032+00:00,https://polymarket.com/event/rhode-island-democratic-senate-primary-winner,Rhode Island Democratic Senate Primary Winner,elections,5.275,0.0,0.0,0,Jack Reed,100.0,0.983,,"no independent sources available — sized at floor, using market-implied favorite (RACE_PAGE_MAP در sources/polls.py تنظیم نشده است.)",https://polymarket.com/event/rhode-island-democratic-senate-primary-winner
2026-09-02T17:23:20.991230+00:00,https://polymarket.com/event/new-hampshire-republican-senate-primary-winner-296,New Hampshire Republican Senate Primary Winner,elections,5.275,0.0,0.0,0,John E. Sununu,100.0,0.983,,"no independent sources available — sized at floor, using market-implied favorite (RACE_PAGE_MAP در sources/polls.py تنظیم نشده است.)",https://polymarket.com/event/new-hampshire-republican-senate-primary-winner-296
2026-09-02T17:23:20.991496+00:00,https://polymarket.com/event/rhode-island-republican-senate-primary-winner,Rhode Island Republican Senate Primary Winner,elections,5.275,0.0,0.0,0,Raymond McKay,100.0,0.9605,,"no independent sources available — sized at floor, using market-implied favorite (RACE_PAGE_MAP در sources/polls.py تنظیم نشده است.)",https://polymarket.com/event/rhode-island-republican-senate-primary-winner
2026-09-02T17:23:20.991687+00:00,https://polymarket.com/event/new-hampshire-governor-republican-primary-winner,New Hampshire Governor Republican Primary Winner,elections,5.275,0.0,0.0,0,Kelly Ayotte,100.0,0.982,,"no independent sources available — sized at floor, using market-implied favorite (RACE_PAGE_MAP در sources/polls.py تنظیم نشده است.)",https://polymarket.com/event/new-hampshire-governor-republican-primary-winner
2026-09-02T17:23:20.991891+00:00,https://polymarket.com/event/new-hampshire-governor-democratic-primary-winner,New Hampshire Governor Democratic Primary Winner,elections,5.275,0.0,0.0,0,Cinde Warmington,100.0,0.986,,"no independent sources available — sized at floor, using market-implied favorite (RACE_PAGE_MAP در sources/polls.py تنظیم نشده است.)",https://polymarket.com/event/new-hampshire-governor-democratic-primary-winner
2026-09-02T17:23:20.992063+00:00,https://polymarket.com/event/rhode-island-governor-democratic-primary-winner,Rhode Island Governor Democratic Primary Winner,elections,5.275,0.0,0.0,0,Helena Foulkes,100.0,0.989,,"no independent sources available — sized at floor, using market-implied favorite (RACE_PAGE_MAP در sources/polls.py تنظیم نشده است.)",https://polymarket.com/event/rhode-island-governor-democratic-primary-winner
2026-09-02T17:23:20.992280+00:00,https://polymarket.com/event/rhode-island-governor-republican-primary-winner,Rhode Island Governor Republican Primary Winner,elections,5.275,0.0,0.0,0,Elaine Pelino,97.12,0.925,hedge:Aaron Guckian=1.1%; hedge:Robert Raimondo=0.0%; hedge:Jessica de la Cruz=0.0%; hedge:Ashley Kalus=0.0%,"no independent sources available — sized at floor, using market-implied favorite (RACE_PAGE_MAP در sources/polls.py تنظیم نشده است.)",https://polymarket.com/event/rhode-island-governor-republican-primary-winner
2026-09-02T17:23:20.992469+00:00,https://polymarket.com/event/nh-01-republican-primary-winner,NH-01 Republican Primary Winner,boe,5.275,0.0,0.0,0,Anthony DiLorenzo,78.22,0.745,secondary:Hollie Noveletsky=13.1%; hedge:Melissa Bailey=3.7%; hedge:Brian Cole=2.2%; hedge:Elizabeth Girard=2.9%,"no independent sources available — sized at floor, using market-implied favorite (boe API/.env؟)",https://polymarket.com/event/nh-01-republican-primary-winner
2026-09-02T17:23:20.992594+00:00,https://polymarket.com/event/will-us-crude-oil-reserves-fall-to-by-august-28-20260714142248732,Will US crude oil reserves fall to __ by August 28?,commodities,6.275,0.0,0.0,0,285M,35.0,0.0115,secondary:255M=19.5%; secondary:240M=45.5%,"no independent sources available — sized at floor, using market-implied favorite (commodities API/.env؟)",https://polymarket.com/event/will-us-crude-oil-reserves-fall-to-by-august-28-20260714142248732
2026-09-02T18:56:17.751354+00:00,https://polymarket.com/event/avgo-quarterly-earnings-nongaap-eps-09-02-2026-3pt24,Will Broadcom (AVGO) beat quarterly earnings?,stocks,0.086,0.0,0.0,0,Will Broadcom (AVGO) beat quarterly earnings?,100.0,0.9775,,"no independent sources available — sized at floor, using market-implied favorite (stocks API/.env؟)",https://polymarket.com/event/avgo-quarterly-earnings-nongaap-eps-09-02-2026-3pt24
2026-09-02T18:56:17.751693+00:00,https://polymarket.com/event/snow-quarterly-earnings-nongaap-eps-09-02-2026-0pt45,Will Snowflake (SNOW) beat quarterly earnings?,stocks,0.086,0.0,0.0,0,Will Snowflake (SNOW) beat quarterly earnings?,100.0,0.959,,"no independent sources available — sized at floor, using market-implied favorite (stocks API/.env؟)",https://polymarket.com/event/snow-quarterly-earnings-nongaap-eps-09-02-2026-0pt45
2026-09-02T18:56:17.751905+00:00,https://polymarket.com/event/hpe-quarterly-earnings-nongaap-eps-09-02-2026-0pt93,Will Hewlett Packard Enterprise (HPE) beat quarterly earnings?,stocks,0.086,0.0,0.0,0,Will Hewlett Packard Enterprise (HPE) beat quarterly earnings?,99.75,0.95,,"no independent sources available — sized at floor, using market-implied favorite (stocks API/.env؟)",https://polymarket.com/event/hpe-quarterly-earnings-nongaap-eps-09-02-2026-0pt93
2026-09-02T18:56:17.752102+00:00,https://polymarket.com/event/aeo-quarterly-earnings-gaap-eps-09-02-2026-0pt21,Will American Eagle Outfitters (AEO) beat quarterly earnings?,stocks,0.086,0.0,0.0,0,Will American Eagle Outfitters (AEO) beat quarterly earnings?,95.55,0.91,,"no independent sources available — sized at floor, using market-implied favorite (stocks API/.env؟)",https://polymarket.com/event/aeo-quarterly-earnings-gaap-eps-09-02-2026-0pt21
2026-09-02T18:56:17.752278+00:00,https://polymarket.com/event/cpb-quarterly-earnings-nongaap-eps-09-03-2026-0pt39,Will Campbell's (CPB) beat quarterly earnings?,stocks,0.753,0.0,0.0,0,Will Campbell's (CPB) beat quarterly earnings?,93.45,0.89,,"no independent sources available — sized at floor, using market-implied favorite (stocks API/.env؟)",https://polymarket.com/event/cpb-quarterly-earnings-nongaap-eps-09-03-2026-0pt39
2026-09-02T18:56:17.752464+00:00,https://polymarket.com/event/iot-quarterly-earnings-nongaap-eps-09-03-2026-0pt16,Will Samsara (IOT) beat quarterly earnings?,stocks,1.086,0.0,0.0,0,Will Samsara (IOT) beat quarterly earnings?,100.0,0.96,,"no independent sources available — sized at floor, using market-implied favorite (stocks API/.env؟)",https://polymarket.com/event/iot-quarterly-earnings-nongaap-eps-09-03-2026-0pt16
2026-09-02T18:56:17.752648+00:00,https://polymarket.com/event/lulu-quarterly-earnings-gaap-eps-09-03-2026-1pt79,Will lululemon athletica (LULU) beat quarterly earnings?,stocks,1.086,0.0,0.0,0,Will lululemon athletica (LULU) beat quarterly earnings?,98.18,0.935,,"no independent sources available — sized at floor, using market-implied favorite (stocks API/.env؟)",https://polymarket.com/event/lulu-quarterly-earnings-gaap-eps-09-03-2026-1pt79
2026-09-02T18:56:17.752853+00:00,https://polymarket.com/event/docu-quarterly-earnings-nongaap-eps-09-03-2026-1pt09,Will Docusign (DOCU) beat quarterly earnings?,stocks,1.086,0.0,0.0,0,Will Docusign (DOCU) beat quarterly earnings?,100.0,0.9905,,"no independent sources available — sized at floor, using market-implied favorite (stocks API/.env؟)",https://polymarket.com/event/docu-quarterly-earnings-nongaap-eps-09-03-2026-1pt09
2026-09-02T18:56:17.753027+00:00,https://polymarket.com/event/asan-quarterly-earnings-nongaap-eps-09-03-2026-0pt09,Will Asana (ASAN) beat quarterly earnings?,stocks,1.086,0.0,0.0,0,Will Asana (ASAN) beat quarterly earnings?,98.18,0.935,,"no independent sources available — sized at floor, using market-implied favorite (stocks API/.env؟)",https://polymarket.com/event/asan-quarterly-earnings-nongaap-eps-09-03-2026-0pt09
2026-09-02T18:56:17.753200+00:00,https://polymarket.com/event/swbi-quarterly-earnings-nongaap-eps-09-03-2026-neg0pt05,Will Smith & Wesson (SWBI) beat quarterly earnings?,stocks,1.086,0.0,0.0,0,Will Smith & Wesson (SWBI) beat quarterly earnings?,70.35,0.67,,"no independent sources available — sized at floor, using market-implied favorite (stocks API/.env؟)",https://polymarket.com/event/swbi-quarterly-earnings-nongaap-eps-09-03-2026-neg0pt05
2026-09-02T18:56:18.196405+00:00,https://polymarket.com/event/august-unemployment-rate-1786116586124,August Unemployment Rate,employment,1.565,100.0,0.359999,1,4.1%,65.1,0.36,secondary:4.2%=11.2%; secondary:4.0%=6.1%; secondary:4.3%=3.7%; hedge:≤3.8%=0.7%; hedge:3.9%=4.5%; hedge:4.4%=3.7%; hedge:4.5%=2.9%; hedge:≥4.6%=2.2%,,https://polymarket.com/event/august-unemployment-rate-1786116586124
2026-09-02T18:56:18.196733+00:00,https://polymarket.com/event/nh-01-democratic-primary-winner,NH-01 Democratic Primary Winner,elections,5.211,0.0,0.0,0,Maura Sullivan,75.6,0.72,secondary:Stefany Shaheen=14.6%; hedge:Carleigh Beriont=9.6%; hedge:Heath Howard=0.2%,"no independent sources available — sized at floor, using market-implied favorite (RACE_PAGE_MAP در sources/polls.py تنظیم نشده است.)",https://polymarket.com/event/nh-01-democratic-primary-winner
2026-09-02T18:56:18.196917+00:00,https://polymarket.com/event/new-hampshire-democratic-senate-primary-winner,New Hampshire Democratic Senate Primary Winner,elections,5.211,0.0,0.0,0,Chris Pappas,100.0,0.9675,,"no independent sources available — sized at floor, using market-implied favorite (RACE_PAGE_MAP در sources/polls.py تنظیم نشده است.)",https://polymarket.com/event/new-hampshire-democratic-senate-primary-winner
2026-09-02T18:56:18.197100+00:00,https://polymarket.com/event/rhode-island-democratic-senate-primary-winner,Rhode Island Democratic Senate Primary Winner,elections,5.211,0.0,0.0,0,Jack Reed,100.0,0.986,,"no independent sources available — sized at floor, using market-implied favorite (RACE_PAGE_MAP در sources/polls.py تنظیم نشده است.)",https://polymarket.com/event/rhode-island-democratic-senate-primary-winner
2026-09-02T18:56:18.197301+00:00,https://polymarket.com/event/new-hampshire-republican-senate-primary-winner-296,New Hampshire Republican Senate Primary Winner,elections,5.211,0.0,0.0,0,John E. Sununu,100.0,0.9835,,"no independent sources available — sized at floor, using market-implied favorite (RACE_PAGE_MAP در sources/polls.py تنظیم نشده است.)",https://polymarket.com/event/new-hampshire-republican-senate-primary-winner-296
2026-09-02T18:56:18.197527+00:00,https://polymarket.com/event/rhode-island-republican-senate-primary-winner,Rhode Island Republican Senate Primary Winner,elections,5.211,0.0,0.0,0,Raymond McKay,100.0,0.973,,"no independent sources available — sized at floor, using market-implied favorite (RACE_PAGE_MAP در sources/polls.py تنظیم نشده است.)",https://polymarket.com/event/rhode-island-republican-senate-primary-winner
2026-09-02T18:56:18.197709+00:00,https://polymarket.com/event/new-hampshire-governor-republican-primary-winner,New Hampshire Governor Republican Primary Winner,elections,5.211,0.0,0.0,0,Kelly Ayotte,100.0,0.9815,,"no independent sources available — sized at floor, using market-implied favorite (RACE_PAGE_MAP در sources/polls.py تنظیم نشده است.)",https://polymarket.com/event/new-hampshire-governor-republican-primary-winner
2026-09-02T18:56:18.197885+00:00,https://polymarket.com/event/new-hampshire-governor-democratic-primary-winner,New Hampshire Governor Democratic Primary Winner,elections,5.211,0.0,0.0,0,Cinde Warmington,100.0,0.986,,"no independent sources available — sized at floor, using market-implied favorite (RACE_PAGE_MAP در sources/polls.py تنظیم نشده است.)",https://polymarket.com/event/new-hampshire-governor-democratic-primary-winner
2026-09-02T18:56:18.198067+00:00,https://polymarket.com/event/rhode-island-governor-democratic-primary-winner,Rhode Island Governor Democratic Primary Winner,elections,5.211,0.0,0.0,0,Helena Foulkes,100.0,0.989,,"no independent sources available — sized at floor, using market-implied favorite (RACE_PAGE_MAP در sources/polls.py تنظیم نشده است.)",https://polymarket.com/event/rhode-island-governor-democratic-primary-winner
2026-09-02T18:56:18.198278+00:00,https://polymarket.com/event/rhode-island-governor-republican-primary-winner,Rhode Island Governor Republican Primary Winner,elections,5.211,0.0,0.0,0,Elaine Pelino,98.18,0.935,hedge:Aaron Guckian=0.7%; hedge:Robert Raimondo=0.0%; hedge:Jessica de la Cruz=0.0%; hedge:Ashley Kalus=0.0%,"no independent sources available — sized at floor, using market-implied favorite (RACE_PAGE_MAP در sources/polls.py تنظیم نشده است.)",https://polymarket.com/event/rhode-island-governor-republican-primary-winner
2026-09-02T18:56:18.198529+00:00,https://polymarket.com/event/nh-01-republican-primary-winner,NH-01 Republican Primary Winner,boe,5.211,0.0,0.0,0,Anthony DiLorenzo,79.28,0.755,secondary:Hollie Noveletsky=12.4%; hedge:Melissa Bailey=3.5%; hedge:Brian Cole=2.2%; hedge:Elizabeth Girard=2.6%,"no independent sources available — sized at floor, using market-implied favorite (boe API/.env؟)",https://polymarket.com/event/nh-01-republican-primary-winner
2026-09-02T18:56:18.198721+00:00,https://polymarket.com/event/will-us-crude-oil-reserves-fall-to-by-august-28-20260714142248732,Will US crude oil reserves fall to __ by August 28?,commodities,6.21,0.0,0.0,0,285M,35.0,0.0125,secondary:255M=19.5%; secondary:240M=45.5%,"no independent sources available — sized at floor, using market-implied favorite (commodities API/.env؟)",https://polymarket.com/event/will-us-crude-oil-reserves-fall-to-by-august-28-20260714142248732
2026-09-03T17:24:37.120630+00:00,https://polymarket.com/event/iot-quarterly-earnings-nongaap-eps-09-03-2026-0pt16,Will Samsara (IOT) beat quarterly earnings?,stocks,0.15,0.0,0.0,0,Will Samsara (IOT) beat quarterly earnings?,100.0,0.9695,,"no independent sources available — sized at floor, using market-implied favorite (stocks API/.env؟)",https://polymarket.com/event/iot-quarterly-earnings-nongaap-eps-09-03-2026-0pt16
2026-09-03T17:24:37.120950+00:00,https://polymarket.com/event/lulu-quarterly-earnings-gaap-eps-09-03-2026-1pt79,Will lululemon athletica (LULU) beat quarterly earnings?,stocks,0.15,0.0,0.0,0,Will lululemon athletica (LULU) beat quarterly earnings?,93.98,0.895,,"no independent sources available — sized at floor, using market-implied favorite (stocks API/.env؟)",https://polymarket.com/event/lulu-quarterly-earnings-gaap-eps-09-03-2026-1pt79
2026-09-03T17:24:37.121148+00:00,https://polymarket.com/event/docu-quarterly-earnings-nongaap-eps-09-03-2026-1pt09,Will Docusign (DOCU) beat quarterly earnings?,stocks,0.15,0.0,0.0,0,Will Docusign (DOCU) beat quarterly earnings?,97.7,0.9305,,"no independent sources available — sized at floor, using market-implied favorite (stocks API/.env؟)",https://polymarket.com/event/docu-quarterly-earnings-nongaap-eps-09-03-2026-1pt09
2026-09-03T17:24:37.121342+00:00,https://polymarket.com/event/asan-quarterly-earnings-nongaap-eps-09-03-2026-0pt09,Will Asana (ASAN) beat quarterly earnings?,stocks,0.15,0.0,0.0,0,Will Asana (ASAN) beat quarterly earnings?,100.0,0.96,,"no independent sources available — sized at floor, using market-implied favorite (stocks API/.env؟)",https://polymarket.com/event/asan-quarterly-earnings-nongaap-eps-09-03-2026-0pt09
2026-09-03T17:24:37.121529+00:00,https://polymarket.com/event/swbi-quarterly-earnings-nongaap-eps-09-03-2026-neg0pt05,Will Smith & Wesson (SWBI) beat quarterly earnings?,stocks,0.15,0.0,0.0,0,Will Smith & Wesson (SWBI) beat quarterly earnings?,49.88,0.475,,"no independent sources available — sized at floor, using market-implied favorite (stocks API/.env؟)",https://polymarket.com/event/swbi-quarterly-earnings-nongaap-eps-09-03-2026-neg0pt05
2026-09-03T17:24:37.506365+00:00,https://polymarket.com/event/august-unemployment-rate-1786116586124,August Unemployment Rate,employment,0.629,100.0,0.349999,1,4.1%,64.75,0.35,secondary:4.2%=11.5%; secondary:4.0%=5.4%; secondary:4.3%=4.2%; hedge:≤3.8%=0.9%; hedge:3.9%=5.8%; hedge:4.4%=4.5%; hedge:4.5%=1.5%; hedge:≥4.6%=1.3%,,https://polymarket.com/event/august-unemployment-rate-1786116586124
2026-09-03T17:24:37.506727+00:00,https://polymarket.com/event/nh-01-democratic-primary-winner,NH-01 Democratic Primary Winner,elections,4.275,0.0,0.0,0,Maura Sullivan,90.3,0.86,secondary:Stefany Shaheen=5.8%; hedge:Carleigh Beriont=3.8%; hedge:Heath Howard=0.1%,"no independent sources available — sized at floor, using market-implied favorite (RACE_PAGE_MAP در sources/polls.py تنظیم نشده است.)",https://polymarket.com/event/nh-01-democratic-primary-winner
2026-09-03T17:24:37.506943+00:00,https://polymarket.com/event/new-hampshire-democratic-senate-primary-winner,New Hampshire Democratic Senate Primary Winner,elections,4.275,0.0,0.0,0,Chris Pappas,100.0,0.9595,,"no independent sources available — sized at floor, using market-implied favorite (RACE_PAGE_MAP در sources/polls.py تنظیم نشده است.)",https://polymarket.com/event/new-hampshire-democratic-senate-primary-winner
2026-09-03T17:24:37.507108+00:00,https://polymarket.com/event/rhode-island-democratic-senate-primary-winner,Rhode Island Democratic Senate Primary Winner,elections,4.275,0.0,0.0,0,Jack Reed,100.0,0.9865,,"no independent sources available — sized at floor, using market-implied favorite (RACE_PAGE_MAP در sources/polls.py تنظیم نشده است.)",https://polymarket.com/event/rhode-island-democratic-senate-primary-winner
2026-09-03T17:24:37.507263+00:00,https://polymarket.com/event/new-hampshire-republican-senate-primary-winner-296,New Hampshire Republican Senate Primary Winner,elections,4.275,0.0,0.0,0,John E. Sununu,100.0,0.9905,,"no independent sources available — sized at floor, using market-implied favorite (RACE_PAGE_MAP در sources/polls.py تنظیم نشده است.)",https://polymarket.com/event/new-hampshire-republican-senate-primary-winner-296
2026-09-03T17:24:37.507431+00:00,https://polymarket.com/event/rhode-island-republican-senate-primary-winner,Rhode Island Republican Senate Primary Winner,elections,4.275,0.0,0.0,0,Raymond McKay,99.75,0.95,hedge:Allen Waters=0.2%,"no independent sources available — sized at floor, using market-implied favorite (RACE_PAGE_MAP در sources/polls.py تنظیم نشده است.)",https://polymarket.com/event/rhode-island-republican-senate-primary-winner
2026-09-03T17:24:37.507654+00:00,https://polymarket.com/event/new-hampshire-governor-republican-primary-winner,New Hampshire Governor Republican Primary Winner,elections,4.275,0.0,0.0,0,Kelly Ayotte,100.0,0.99,,"no independent sources available — sized at floor, using market-implied favorite (RACE_PAGE_MAP در sources/polls.py تنظیم نشده است.)",https://polymarket.com/event/new-hampshire-governor-republican-primary-winner
2026-09-03T17:24:37.507840+00:00,https://polymarket.com/event/new-hampshire-governor-democratic-primary-winner,New Hampshire Governor Democratic Primary Winner,elections,4.275,0.0,0.0,0,Cinde Warmington,100.0,0.9875,,"no independent sources available — sized at floor, using market-implied favorite (RACE_PAGE_MAP در sources/polls.py تنظیم نشده است.)",https://polymarket.com/event/new-hampshire-governor-democratic-primary-winner
2026-09-03T17:24:37.508014+00:00,https://polymarket.com/event/rhode-island-governor-democratic-primary-winner,Rhode Island Governor Democratic Primary Winner,elections,4.275,0.0,0.0,0,Helena Foulkes,100.0,0.989,,"no independent sources available — sized at floor, using market-implied favorite (RACE_PAGE_MAP در sources/polls.py تنظیم نشده است.)",https://polymarket.com/event/rhode-island-governor-democratic-primary-winner
2026-09-03T17:24:37.508187+00:00,https://polymarket.com/event/rhode-island-governor-republican-primary-winner,Rhode Island Governor Republican Primary Winner,elections,4.275,0.0,0.0,0,Elaine Pelino,99.22,0.945,hedge:Aaron Guckian=0.3%; hedge:Robert Raimondo=0.0%; hedge:Jessica de la Cruz=0.0%; hedge:Ashley Kalus=0.0%,"no independent sources available — sized at floor, using market-implied favorite (RACE_PAGE_MAP در sources/polls.py تنظیم نشده است.)",https://polymarket.com/event/rhode-island-governor-republican-primary-winner
2026-09-03T17:24:37.508356+00:00,https://polymarket.com/event/nh-01-republican-primary-winner,NH-01 Republican Primary Winner,boe,4.275,0.0,0.0,0,Anthony DiLorenzo,79.28,0.755,secondary:Hollie Noveletsky=12.4%; hedge:Melissa Bailey=4.2%; hedge:Brian Cole=2.3%; hedge:Elizabeth Girard=1.7%,"no independent sources available — sized at floor, using market-implied favorite (boe API/.env؟)",https://polymarket.com/event/nh-01-republican-primary-winner
2026-09-03T17:24:37.508732+00:00,https://polymarket.com/event/aeo-quarterly-earnings-gaap-eps-09-02-2026-0pt21,Will American Eagle Outfitters (AEO) beat quarterly earnings?,stocks,6.15,0.0,0.0,0,Will American Eagle Outfitters (AEO) beat quarterly earnings?,93.98,0.895,,"no independent sources available — sized at floor, using market-implied favorite (stocks API/.env؟)",https://polymarket.com/event/aeo-quarterly-earnings-gaap-eps-09-02-2026-0pt21
2026-09-03T17:24:37.508973+00:00,https://polymarket.com/event/august-inflation-china-annual,August Inflation China - Annual,cpi,6.274,0.0,0.0,0,0.5% - 0.6%,44.1,0.42,secondary:0.7% - 0.8%=24.4%; secondary:0.9%+=9.2%; hedge:≤0.2%=4.5%; hedge:0.3% - 0.4%=17.9%,"no independent sources available — sized at floor, using market-implied favorite (cpi API/.env؟)",https://polymarket.com/event/august-inflation-china-annual
2026-09-03T17:24:37.509190+00:00,https://polymarket.com/event/rhode-island-attorney-general-democratic-primary-winner,Rhode Island Attorney General Democratic Primary Winner,elections,6.274,0.0,0.0,0,Kim Ahern,90.83,0.865,secondary:Keith Hoffmann=5.5%; hedge:Jason Knight=0.6%; hedge:Joseph Solomon Jr.=3.1%,"no independent sources available — sized at floor, using market-implied favorite (RACE_PAGE_MAP در sources/polls.py تنظیم نشده است.)",https://polymarket.com/event/rhode-island-attorney-general-democratic-primary-winner
2026-09-03T17:24:37.509377+00:00,https://polymarket.com/event/ri-02-republican-primary-winner,RI-02 Republican Primary Winner,elections,6.274,0.0,0.0,0,Stephen Skoly,83.48,0.795,hedge:Victor Mellor=16.5%,"no independent sources available — sized at floor, using market-implied favorite (RACE_PAGE_MAP در sources/polls.py تنظیم نشده است.)",https://polymarket.com/event/ri-02-republican-primary-winner
2026-09-03T17:24:37.509480+00:00,https://polymarket.com/event/ecb-interest-rates-september-2026-20260616222636097,ECB Interest Rates: September 2026,ecb,6.774,0.0,0.0,0,25 bps increase,100.0,0.9925,,"no independent sources available — sized at floor, using market-implied favorite (ecb API/.env؟)",https://polymarket.com/event/ecb-interest-rates-september-2026-20260616222636097
2026-09-03T17:24:37.509660+00:00,https://polymarket.com/event/argentina-monthly-inflation-august-20260814110157100,Argentina Monthly Inflation - August,cpi,6.941,0.0,0.0,0,1.5-1.7%,57.07,0.5435,secondary:1.8-2.0%=17.3%; secondary:1.2-1.4%=8.5%; hedge:≤1.1%=2.7%; hedge:2.1-2.3%=12.1%; hedge:2.4-2.6%=1.0%; hedge:2.7-2.9%=0.7%; hedge:3.0%+=0.7%,"no independent sources available — sized at floor, using market-implied favorite (cpi API/.env؟)",https://polymarket.com/event/argentina-monthly-inflation-august-20260814110157100
2026-09-04T18:43:51.015296+00:00,https://polymarket.com/event/nh-01-democratic-primary-winner,NH-01 Democratic Primary Winner,elections,3.22,0.0,0.0,0,Maura Sullivan,85.58,0.815,secondary:Stefany Shaheen=8.7%; hedge:Carleigh Beriont=5.6%; hedge:Heath Howard=0.1%,"no independent sources available — sized at floor, using market-implied favorite (RACE_PAGE_MAP در sources/polls.py تنظیم نشده است.)",https://polymarket.com/event/nh-01-democratic-primary-winner
2026-09-04T18:43:51.015653+00:00,https://polymarket.com/event/new-hampshire-democratic-senate-primary-winner,New Hampshire Democratic Senate Primary Winner,elections,3.22,0.0,0.0,0,Chris Pappas,100.0,0.9605,,"no independent sources available — sized at floor, using market-implied favorite (RACE_PAGE_MAP در sources/polls.py تنظیم نشده است.)",https://polymarket.com/event/new-hampshire-democratic-senate-primary-winner
2026-09-04T18:43:51.015884+00:00,https://polymarket.com/event/rhode-island-democratic-senate-primary-winner,Rhode Island Democratic Senate Primary Winner,elections,3.22,0.0,0.0,0,Jack Reed,100.0,0.9815,,"no independent sources available — sized at floor, using market-implied favorite (RACE_PAGE_MAP در sources/polls.py تنظیم نشده است.)",https://polymarket.com/event/rhode-island-democratic-senate-primary-winner
2026-09-04T18:43:51.016111+00:00,https://polymarket.com/event/new-hampshire-republican-senate-primary-winner-296,New Hampshire Republican Senate Primary Winner,elections,3.22,0.0,0.0,0,John E. Sununu,100.0,0.989,,"no independent sources available — sized at floor, using market-implied favorite (RACE_PAGE_MAP در sources/polls.py تنظیم نشده است.)",https://polymarket.com/event/new-hampshire-republican-senate-primary-winner-296
2026-09-04T18:43:51.016338+00:00,https://polymarket.com/event/rhode-island-republican-senate-primary-winner,Rhode Island Republican Senate Primary Winner,elections,3.22,0.0,0.0,0,Raymond McKay,100.0,0.9795,,"no independent sources available — sized at floor, using market-implied favorite (RACE_PAGE_MAP در sources/polls.py تنظیم نشده است.)",https://polymarket.com/event/rhode-island-republican-senate-primary-winner
2026-09-04T18:43:51.016560+00:00,https://polymarket.com/event/new-hampshire-governor-republican-primary-winner,New Hampshire Governor Republican Primary Winner,elections,3.22,0.0,0.0,0,Kelly Ayotte,100.0,0.9935,,"no independent sources available — sized at floor, using market-implied favorite (RACE_PAGE_MAP در sources/polls.py تنظیم نشده است.)",https://polymarket.com/event/new-hampshire-governor-republican-primary-winner
2026-09-04T18:43:51.016770+00:00,https://polymarket.com/event/new-hampshire-governor-democratic-primary-winner,New Hampshire Governor Democratic Primary Winner,elections,3.22,0.0,0.0,0,Cinde Warmington,100.0,0.987,,"no independent sources available — sized at floor, using market-implied favorite (RACE_PAGE_MAP در sources/polls.py تنظیم نشده است.)",https://polymarket.com/event/new-hampshire-governor-democratic-primary-winner
2026-09-04T18:43:51.016980+00:00,https://polymarket.com/event/rhode-island-governor-democratic-primary-winner,Rhode Island Governor Democratic Primary Winner,elections,3.22,0.0,0.0,0,Helena Foulkes,100.0,0.991,,"no independent sources available — sized at floor, using market-implied favorite (RACE_PAGE_MAP در sources/polls.py تنظیم نشده است.)",https://polymarket.com/event/rhode-island-governor-democratic-primary-winner
2026-09-04T18:43:51.017211+00:00,https://polymarket.com/event/rhode-island-governor-republican-primary-winner,Rhode Island Governor Republican Primary Winner,elections,3.22,0.0,0.0,0,Elaine Pelino,98.7,0.94,hedge:Aaron Guckian=0.5%; hedge:Robert Raimondo=0.0%; hedge:Jessica de la Cruz=0.0%; hedge:Ashley Kalus=0.0%,"no independent sources available — sized at floor, using market-implied favorite (RACE_PAGE_MAP در sources/polls.py تنظیم نشده است.)",https://polymarket.com/event/rhode-island-governor-republican-primary-winner
2026-09-04T18:43:51.017382+00:00,https://polymarket.com/event/nh-01-republican-primary-winner,NH-01 Republican Primary Winner,boe,3.22,0.0,0.0,0,Anthony DiLorenzo,78.22,0.745,secondary:Hollie Noveletsky=13.1%; hedge:Melissa Bailey=3.1%; hedge:Brian Cole=1.9%; hedge:Elizabeth Girard=3.7%,"no independent sources available — sized at floor, using market-implied favorite (boe API/.env؟)",https://polymarket.com/event/nh-01-republican-primary-winner
2026-09-04T18:43:51.018252+00:00,https://polymarket.com/event/aeo-quarterly-earnings-gaap-eps-09-02-2026-0pt21,Will American Eagle Outfitters (AEO) beat quarterly earnings?,stocks,5.095,0.0,0.0,0,Will American Eagle Outfitters (AEO) beat quarterly earnings?,97.65,0.93,,"no independent sources available — sized at floor, using market-implied favorite (stocks API/.env؟)",https://polymarket.com/event/aeo-quarterly-earnings-gaap-eps-09-02-2026-0pt21
2026-09-04T18:43:51.018434+00:00,https://polymarket.com/event/august-inflation-china-annual,August Inflation China - Annual,cpi,5.219,0.0,0.0,0,0.7% - 0.8%,46.2,0.44,secondary:0.5% - 0.6%=23.8%; secondary:0.9%+=8.5%; hedge:≤0.2%=3.4%; hedge:0.3% - 0.4%=18.1%,"no independent sources available — sized at floor, using market-implied favorite (cpi API/.env؟)",https://polymarket.com/event/august-inflation-china-annual
2026-09-04T18:43:51.018643+00:00,https://polymarket.com/event/rhode-island-attorney-general-democratic-primary-winner,Rhode Island Attorney General Democratic Primary Winner,elections,5.219,0.0,0.0,0,Kim Ahern,76.12,0.725,secondary:Keith Hoffmann=14.3%; hedge:Jason Knight=1.6%; hedge:Joseph Solomon Jr.=8.0%,"no independent sources available — sized at floor, using market-implied favorite (RACE_PAGE_MAP در sources/polls.py تنظیم نشده است.)",https://polymarket.com/event/rhode-island-attorney-general-democratic-primary-winner
2026-09-04T18:43:51.018845+00:00,https://polymarket.com/event/ri-02-republican-primary-winner,RI-02 Republican Primary Winner,elections,5.219,0.0,0.0,0,Stephen Skoly,82.42,0.785,hedge:Victor Mellor=17.6%,"no independent sources available — sized at floor, using market-implied favorite (RACE_PAGE_MAP در sources/polls.py تنظیم نشده است.)",https://polymarket.com/event/ri-02-republican-primary-winner
2026-09-04T18:43:51.018989+00:00,https://polymarket.com/event/ecb-interest-rates-september-2026-20260616222636097,ECB Interest Rates: September 2026,ecb,5.719,0.0,0.0,0,25 bps increase,100.0,0.9935,,"no independent sources available — sized at floor, using market-implied favorite (ecb API/.env؟)",https://polymarket.com/event/ecb-interest-rates-september-2026-20260616222636097
2026-09-04T18:43:51.019144+00:00,https://polymarket.com/event/argentina-monthly-inflation-august-20260814110157100,Argentina Monthly Inflation - August,cpi,5.886,0.0,0.0,0,1.5-1.7%,65.15,0.6205,secondary:1.8-2.0%=13.3%; secondary:1.2-1.4%=7.6%; hedge:≤1.1%=1.7%; hedge:2.1-2.3%=11.6%; hedge:2.4-2.6%=0.3%; hedge:2.7-2.9%=0.2%; hedge:3.0%+=0.2%,"no independent sources available — sized at floor, using market-implied favorite (cpi API/.env؟)",https://polymarket.com/event/argentina-monthly-inflation-august-20260814110157100
2026-09-04T18:43:51.019296+00:00,https://polymarket.com/event/august-inflation-us-monthly-1786474662954,August Inflation US - Monthly,cpi,6.386,0.0,0.0,0,0.4%,48.83,0.465,secondary:0.3%=19.2%; secondary:≥0.5%=6.8%; secondary:0.2%=4.7%; hedge:≤-0.3%=0.8%; hedge:-0.2%=10.2%; hedge:-0.1%=1.6%; hedge:0.0%=2.9%; hedge:0.1%=4.9%,"no independent sources available — sized at floor, using market-implied favorite (cpi API/.env؟)",https://polymarket.com/event/august-inflation-us-monthly-1786474662954
2026-09-04T18:43:51.302845+00:00,https://polymarket.com/event/august-inflation-us-annual-1786474662954,August Inflation US - Annual,cpi,6.386,100.0,0.414999,1,3.4%,67.02,0.415,secondary:3.3%=10.1%; secondary:3.5%=5.8%; secondary:3.2%=3.9%; hedge:≤2.9%=0.6%; hedge:3.0%=1.2%; hedge:3.1%=4.5%; hedge:3.6%=2.5%; hedge:3.7%=2.4%; hedge:3.8%=0.7%; hedge:3.9%=0.6%; hedge:≥4.0%=0.7%,,https://polymarket.com/event/august-inflation-us-annual-1786474662954
2026-09-04T18:43:51.796797+00:00,https://polymarket.com/event/core-cpi-mom-august-2026-1786474662954,Core CPI MoM - August 2026,cpi,6.386,100.0,0.504999,1,0.2%,70.0,0.505,secondary:0.3%=12.3%; secondary:0.1%=5.7%; hedge:≤0.0%=4.0%; hedge:0.4%=4.3%; hedge:0.5%=2.8%; hedge:0.6%+=0.8%,,https://polymarket.com/event/core-cpi-mom-august-2026-1786474662954
2026-09-04T18:43:52.027129+00:00,https://polymarket.com/event/core-cpi-yoy-august-2026-1786474662954,Core CPI YoY - August 2026,cpi,6.386,100.0,0.484999,1,2.4%,69.47,0.485,secondary:2.3%=13.1%; secondary:2.5%=5.2%; hedge:≤2.0%=0.5%; hedge:2.1%=0.9%; hedge:2.2%=4.6%; hedge:2.6%=2.0%; hedge:2.7%=1.9%; hedge:2.8%=1.7%; hedge:≥2.9%=0.7%,,https://polymarket.com/event/core-cpi-yoy-august-2026-1786474662954
2026-09-04T19:19:51.651498+00:00,https://polymarket.com/event/nh-01-democratic-primary-winner,NH-01 Democratic Primary Winner,elections,3.195,0.0,0.0,0,Maura Sullivan,85.58,0.815,secondary:Stefany Shaheen=8.7%; hedge:Carleigh Beriont=5.6%; hedge:Heath Howard=0.1%,"no independent sources available — sized at floor, using market-implied favorite (RACE_PAGE_MAP در sources/polls.py تنظیم نشده است.)",https://polymarket.com/event/nh-01-democratic-primary-winner
2026-09-04T19:19:51.651777+00:00,https://polymarket.com/event/new-hampshire-democratic-senate-primary-winner,New Hampshire Democratic Senate Primary Winner,elections,3.195,0.0,0.0,0,Chris Pappas,100.0,0.9595,,"no independent sources available — sized at floor, using market-implied favorite (RACE_PAGE_MAP در sources/polls.py تنظیم نشده است.)",https://polymarket.com/event/new-hampshire-democratic-senate-primary-winner
2026-09-04T19:19:51.651924+00:00,https://polymarket.com/event/rhode-island-democratic-senate-primary-winner,Rhode Island Democratic Senate Primary Winner,elections,3.195,0.0,0.0,0,Jack Reed,100.0,0.9855,,"no independent sources available — sized at floor, using market-implied favorite (RACE_PAGE_MAP در sources/polls.py تنظیم نشده است.)",https://polymarket.com/event/rhode-island-democratic-senate-primary-winner
2026-09-04T19:19:51.652070+00:00,https://polymarket.com/event/new-hampshire-republican-senate-primary-winner-296,New Hampshire Republican Senate Primary Winner,elections,3.195,0.0,0.0,0,John E. Sununu,100.0,0.989,,"no independent sources available — sized at floor, using market-implied favorite (RACE_PAGE_MAP در sources/polls.py تنظیم نشده است.)",https://polymarket.com/event/new-hampshire-republican-senate-primary-winner-296
2026-09-04T19:19:51.652227+00:00,https://polymarket.com/event/rhode-island-republican-senate-primary-winner,Rhode Island Republican Senate Primary Winner,elections,3.195,0.0,0.0,0,Raymond McKay,100.0,0.9855,,"no independent sources available — sized at floor, using market-implied favorite (RACE_PAGE_MAP در sources/polls.py تنظیم نشده است.)",https://polymarket.com/event/rhode-island-republican-senate-primary-winner
2026-09-04T19:19:51.652354+00:00,https://polymarket.com/event/new-hampshire-governor-republican-primary-winner,New Hampshire Governor Republican Primary Winner,elections,3.195,0.0,0.0,0,Kelly Ayotte,100.0,0.9935,,"no independent sources available — sized at floor, using market-implied favorite (RACE_PAGE_MAP در sources/polls.py تنظیم نشده است.)",https://polymarket.com/event/new-hampshire-governor-republican-primary-winner
2026-09-04T19:19:51.652482+00:00,https://polymarket.com/event/new-hampshire-governor-democratic-primary-winner,New Hampshire Governor Democratic Primary Winner,elections,3.195,0.0,0.0,0,Cinde Warmington,100.0,0.987,,"no independent sources available — sized at floor, using market-implied favorite (RACE_PAGE_MAP در sources/polls.py تنظیم نشده است.)",https://polymarket.com/event/new-hampshire-governor-democratic-primary-winner
2026-09-04T19:19:51.652646+00:00,https://polymarket.com/event/rhode-island-governor-democratic-primary-winner,Rhode Island Governor Democratic Primary Winner,elections,3.195,0.0,0.0,0,Helena Foulkes,100.0,0.991,,"no independent sources available — sized at floor, using market-implied favorite (RACE_PAGE_MAP در sources/polls.py تنظیم نشده است.)",https://polymarket.com/event/rhode-island-governor-democratic-primary-winner
2026-09-04T19:19:51.652794+00:00,https://polymarket.com/event/rhode-island-governor-republican-primary-winner,Rhode Island Governor Republican Primary Winner,elections,3.195,0.0,0.0,0,Elaine Pelino,98.7,0.94,hedge:Aaron Guckian=0.5%; hedge:Robert Raimondo=0.0%; hedge:Jessica de la Cruz=0.0%; hedge:Ashley Kalus=0.0%,"no independent sources available — sized at floor, using market-implied favorite (RACE_PAGE_MAP در sources/polls.py تنظیم نشده است.)",https://polymarket.com/event/rhode-island-governor-republican-primary-winner
2026-09-04T19:19:51.652922+00:00,https://polymarket.com/event/nh-01-republican-primary-winner,NH-01 Republican Primary Winner,boe,3.195,0.0,0.0,0,Anthony DiLorenzo,78.22,0.745,secondary:Hollie Noveletsky=13.1%; hedge:Melissa Bailey=2.4%; hedge:Brian Cole=2.4%; hedge:Elizabeth Girard=4.0%,"no independent sources available — sized at floor, using market-implied favorite (boe API/.env؟)",https://polymarket.com/event/nh-01-republican-primary-winner
2026-09-04T19:19:51.653487+00:00,https://polymarket.com/event/aeo-quarterly-earnings-gaap-eps-09-02-2026-0pt21,Will American Eagle Outfitters (AEO) beat quarterly earnings?,stocks,5.07,0.0,0.0,0,Will American Eagle Outfitters (AEO) beat quarterly earnings?,97.65,0.93,,"no independent sources available — sized at floor, using market-implied favorite (stocks API/.env؟)",https://polymarket.com/event/aeo-quarterly-earnings-gaap-eps-09-02-2026-0pt21
2026-09-04T19:19:51.653645+00:00,https://polymarket.com/event/august-inflation-china-annual,August Inflation China - Annual,cpi,5.194,0.0,0.0,0,0.7% - 0.8%,46.2,0.44,secondary:0.5% - 0.6%=23.9%; secondary:0.9%+=8.3%; hedge:≤0.2%=3.6%; hedge:0.3% - 0.4%=18.0%,"no independent sources available — sized at floor, using market-implied favorite (cpi API/.env؟)",https://polymarket.com/event/august-inflation-china-annual
2026-09-04T19:19:51.653771+00:00,https://polymarket.com/event/rhode-island-attorney-general-democratic-primary-winner,Rhode Island Attorney General Democratic Primary Winner,elections,5.194,0.0,0.0,0,Kim Ahern,76.12,0.725,secondary:Keith Hoffmann=14.3%; hedge:Jason Knight=1.6%; hedge:Joseph Solomon Jr.=8.0%,"no independent sources available — sized at floor, using market-implied favorite (RACE_PAGE_MAP در sources/polls.py تنظیم نشده است.)",https://polymarket.com/event/rhode-island-attorney-general-democratic-primary-winner
2026-09-04T19:19:51.653907+00:00,https://polymarket.com/event/ri-02-republican-primary-winner,RI-02 Republican Primary Winner,elections,5.194,0.0,0.0,0,Stephen Skoly,82.42,0.785,hedge:Victor Mellor=17.6%,"no independent sources available — sized at floor, using market-implied favorite (RACE_PAGE_MAP در sources/polls.py تنظیم نشده است.)",https://polymarket.com/event/ri-02-republican-primary-winner
2026-09-04T19:19:51.654009+00:00,https://polymarket.com/event/ecb-interest-rates-september-2026-20260616222636097,ECB Interest Rates: September 2026,ecb,5.694,0.0,0.0,0,25 bps increase,100.0,0.9935,,"no independent sources available — sized at floor, using market-implied favorite (ecb API/.env؟)",https://polymarket.com/event/ecb-interest-rates-september-2026-20260616222636097
2026-09-04T19:19:51.654131+00:00,https://polymarket.com/event/argentina-monthly-inflation-august-20260814110157100,Argentina Monthly Inflation - August,cpi,5.861,0.0,0.0,0,1.5-1.7%,65.2,0.621,secondary:1.8-2.0%=13.9%; secondary:1.2-1.4%=7.0%; hedge:≤1.1%=1.6%; hedge:2.1-2.3%=11.7%; hedge:2.4-2.6%=0.3%; hedge:2.7-2.9%=0.1%; hedge:3.0%+=0.1%,"no independent sources available — sized at floor, using market-implied favorite (cpi API/.env؟)",https://polymarket.com/event/argentina-monthly-inflation-august-20260814110157100
2026-09-04T19:19:51.654241+00:00,https://polymarket.com/event/august-inflation-us-monthly-1786474662954,August Inflation US - Monthly,cpi,6.361,0.0,0.0,0,0.4%,48.83,0.465,secondary:0.3%=19.2%; secondary:≥0.5%=6.8%; secondary:0.2%=4.7%; hedge:≤-0.3%=0.8%; hedge:-0.2%=10.2%; hedge:-0.1%=1.6%; hedge:0.0%=2.9%; hedge:0.1%=4.9%,"no independent sources available — sized at floor, using market-implied favorite (cpi API/.env؟)",https://polymarket.com/event/august-inflation-us-monthly-1786474662954
2026-09-04T19:19:52.143113+00:00,https://polymarket.com/event/august-inflation-us-annual-1786474662954,August Inflation US - Annual,cpi,6.361,100.0,0.414999,1,3.4%,67.02,0.415,secondary:3.3%=9.9%; secondary:3.5%=5.9%; secondary:3.2%=3.9%; hedge:≤2.9%=0.6%; hedge:3.0%=1.2%; hedge:3.1%=4.5%; hedge:3.6%=2.5%; hedge:3.7%=2.4%; hedge:3.8%=0.7%; hedge:3.9%=0.6%; hedge:≥4.0%=0.7%,,https://polymarket.com/event/august-inflation-us-annual-1786474662954
2026-09-04T19:19:52.395020+00:00,https://polymarket.com/event/core-cpi-mom-august-2026-1786474662954,Core CPI MoM - August 2026,cpi,6.361,100.0,0.499999,1,0.2%,70.0,0.5,secondary:0.3%=11.9%; secondary:0.1%=6.1%; hedge:≤0.0%=4.9%; hedge:0.4%=4.9%; hedge:0.5%=1.4%; hedge:0.6%+=0.9%,,https://polymarket.com/event/core-cpi-mom-august-2026-1786474662954
2026-09-04T19:19:52.863224+00:00,https://polymarket.com/event/core-cpi-yoy-august-2026-1786474662954,Core CPI YoY - August 2026,cpi,6.36,100.0,0.484999,1,2.4%,69.47,0.485,secondary:2.3%=13.1%; secondary:2.5%=5.2%; hedge:≤2.0%=0.5%; hedge:2.1%=0.9%; hedge:2.2%=4.6%; hedge:2.6%=2.0%; hedge:2.7%=1.9%; hedge:2.8%=1.7%; hedge:≥2.9%=0.7%,,https://polymarket.com/event/core-cpi-yoy-august-2026-1786474662954
2026-09-05T17:21:35.366805+00:00,https://polymarket.com/event/nh-01-democratic-primary-winner,NH-01 Democratic Primary Winner,elections,2.277,0.0,0.0,0,Maura Sullivan,85.58,0.815,secondary:Stefany Shaheen=8.7%; hedge:Carleigh Beriont=5.7%; hedge:Heath Howard=0.1%,"no independent sources available — sized at floor, using market-implied favorite (RACE_PAGE_MAP در sources/polls.py تنظیم نشده است.)",https://polymarket.com/event/nh-01-democratic-primary-winner
2026-09-05T17:21:35.367103+00:00,https://polymarket.com/event/new-hampshire-democratic-senate-primary-winner,New Hampshire Democratic Senate Primary Winner,elections,2.277,0.0,0.0,0,Chris Pappas,100.0,0.9625,,"no independent sources available — sized at floor, using market-implied favorite (RACE_PAGE_MAP در sources/polls.py تنظیم نشده است.)",https://polymarket.com/event/new-hampshire-democratic-senate-primary-winner
2026-09-05T17:21:35.367318+00:00,https://polymarket.com/event/rhode-island-democratic-senate-primary-winner,Rhode Island Democratic Senate Primary Winner,elections,2.277,0.0,0.0,0,Jack Reed,100.0,0.9905,,"no independent sources available — sized at floor, using market-implied favorite (RACE_PAGE_MAP در sources/polls.py تنظیم نشده است.)",https://polymarket.com/event/rhode-island-democratic-senate-primary-winner
2026-09-05T17:21:35.367584+00:00,https://polymarket.com/event/new-hampshire-republican-senate-primary-winner-296,New Hampshire Republican Senate Primary Winner,elections,2.277,0.0,0.0,0,John E. Sununu,100.0,0.989,,"no independent sources available — sized at floor, using market-implied favorite (RACE_PAGE_MAP در sources/polls.py تنظیم نشده است.)",https://polymarket.com/event/new-hampshire-republican-senate-primary-winner-296
2026-09-05T17:21:35.367785+00:00,https://polymarket.com/event/rhode-island-republican-senate-primary-winner,Rhode Island Republican Senate Primary Winner,elections,2.277,0.0,0.0,0,Raymond McKay,100.0,0.9895,,"no independent sources available — sized at floor, using market-implied favorite (RACE_PAGE_MAP در sources/polls.py تنظیم نشده است.)",https://polymarket.com/event/rhode-island-republican-senate-primary-winner
2026-09-05T17:21:35.367983+00:00,https://polymarket.com/event/new-hampshire-governor-republican-primary-winner,New Hampshire Governor Republican Primary Winner,elections,2.277,0.0,0.0,0,Kelly Ayotte,100.0,0.995,,"no independent sources available — sized at floor, using market-implied favorite (RACE_PAGE_MAP در sources/polls.py تنظیم نشده است.)",https://polymarket.com/event/new-hampshire-governor-republican-primary-winner
2026-09-05T17:21:35.368177+00:00,https://polymarket.com/event/new-hampshire-governor-democratic-primary-winner,New Hampshire Governor Democratic Primary Winner,elections,2.277,0.0,0.0,0,Cinde Warmington,100.0,0.9865,,"no independent sources available — sized at floor, using market-implied favorite (RACE_PAGE_MAP در sources/polls.py تنظیم نشده است.)",https://polymarket.com/event/new-hampshire-governor-democratic-primary-winner
2026-09-05T17:21:35.368407+00:00,https://polymarket.com/event/rhode-island-governor-democratic-primary-winner,Rhode Island Governor Democratic Primary Winner,elections,2.277,0.0,0.0,0,Helena Foulkes,100.0,0.991,,"no independent sources available — sized at floor, using market-implied favorite (RACE_PAGE_MAP در sources/polls.py تنظیم نشده است.)",https://polymarket.com/event/rhode-island-governor-democratic-primary-winner
2026-09-05T17:21:35.368621+00:00,https://polymarket.com/event/rhode-island-governor-republican-primary-winner,Rhode Island Governor Republican Primary Winner,elections,2.277,0.0,0.0,0,Elaine Pelino,98.7,0.94,hedge:Aaron Guckian=0.5%; hedge:Robert Raimondo=0.0%; hedge:Jessica de la Cruz=0.0%; hedge:Ashley Kalus=0.0%,"no independent sources available — sized at floor, using market-implied favorite (RACE_PAGE_MAP در sources/polls.py تنظیم نشده است.)",https://polymarket.com/event/rhode-island-governor-republican-primary-winner
2026-09-05T17:21:35.368806+00:00,https://polymarket.com/event/nh-01-republican-primary-winner,NH-01 Republican Primary Winner,boe,2.277,0.0,0.0,0,Anthony DiLorenzo,78.22,0.745,secondary:Hollie Noveletsky=13.1%; hedge:Melissa Bailey=4.0%; hedge:Brian Cole=2.4%; hedge:Elizabeth Girard=2.4%,"no independent sources available — sized at floor, using market-implied favorite (boe API/.env؟)",https://polymarket.com/event/nh-01-republican-primary-winner
2026-09-05T17:21:35.369665+00:00,https://polymarket.com/event/aeo-quarterly-earnings-gaap-eps-09-02-2026-0pt21,Will American Eagle Outfitters (AEO) beat quarterly earnings?,stocks,4.152,0.0,0.0,0,Will American Eagle Outfitters (AEO) beat quarterly earnings?,98.7,0.94,,"no independent sources available — sized at floor, using market-implied favorite (stocks API/.env؟)",https://polymarket.com/event/aeo-quarterly-earnings-gaap-eps-09-02-2026-0pt21
2026-09-05T17:21:35.369885+00:00,https://polymarket.com/event/august-inflation-china-annual,August Inflation China - Annual,cpi,4.276,0.0,0.0,0,0.7% - 0.8%,44.62,0.425,secondary:0.9%+=13.4%; secondary:0.3% - 0.4%=11.2%; secondary:0.5% - 0.6%=8.7%; hedge:≤0.2%=22.1%,"no independent sources available — sized at floor, using market-implied favorite (cpi API/.env؟)",https://polymarket.com/event/august-inflation-china-annual
2026-09-05T17:21:35.370050+00:00,https://polymarket.com/event/rhode-island-attorney-general-democratic-primary-winner,Rhode Island Attorney General Democratic Primary Winner,elections,4.276,0.0,0.0,0,Kim Ahern,77.18,0.735,secondary:Keith Hoffmann=13.7%; hedge:Jason Knight=1.5%; hedge:Joseph Solomon Jr.=7.6%,"no independent sources available — sized at floor, using market-implied favorite (RACE_PAGE_MAP در sources/polls.py تنظیم نشده است.)",https://polymarket.com/event/rhode-island-attorney-general-democratic-primary-winner
2026-09-05T17:21:35.370252+00:00,https://polymarket.com/event/ri-02-republican-primary-winner,RI-02 Republican Primary Winner,elections,4.276,0.0,0.0,0,Stephen Skoly,82.95,0.79,hedge:Victor Mellor=17.1%,"no independent sources available — sized at floor, using market-implied favorite (RACE_PAGE_MAP در sources/polls.py تنظیم نشده است.)",https://polymarket.com/event/ri-02-republican-primary-winner
2026-09-05T17:21:35.370466+00:00,https://polymarket.com/event/ecb-interest-rates-september-2026-20260616222636097,ECB Interest Rates: September 2026,ecb,4.776,0.0,0.0,0,25 bps increase,100.0,0.994,,"no independent sources available — sized at floor, using market-implied favorite (ecb API/.env؟)",https://polymarket.com/event/ecb-interest-rates-september-2026-20260616222636097
2026-09-05T17:21:35.370695+00:00,https://polymarket.com/event/argentina-monthly-inflation-august-20260814110157100,Argentina Monthly Inflation - August,cpi,4.943,0.0,0.0,0,1.5-1.7%,67.15,0.6395,secondary:1.8-2.0%=19.7%; hedge:≤1.1%=0.7%; hedge:1.2-1.4%=8.7%; hedge:2.1-2.3%=3.6%; hedge:2.4-2.6%=0.1%; hedge:2.7-2.9%=0.1%; hedge:3.0%+=0.1%,"no independent sources available — sized at floor, using market-implied favorite (cpi API/.env؟)",https://polymarket.com/event/argentina-monthly-inflation-august-20260814110157100
2026-09-05T17:21:35.370852+00:00,https://polymarket.com/event/august-inflation-us-monthly-1786474662954,August Inflation US - Monthly,cpi,5.443,0.0,0.0,0,0.4%,50.4,0.48,secondary:0.3%=18.2%; secondary:≥0.5%=11.5%; hedge:≤-0.3%=0.6%; hedge:-0.2%=2.0%; hedge:-0.1%=0.9%; hedge:0.0%=1.6%; hedge:0.1%=2.9%; hedge:0.2%=11.9%,"no independent sources available — sized at floor, using market-implied favorite (cpi API/.env؟)",https://polymarket.com/event/august-inflation-us-monthly-1786474662954
2026-09-05T17:21:36.555905+00:00,https://polymarket.com/event/august-inflation-us-annual-1786474662954,August Inflation US - Annual,cpi,5.443,100.0,0.45999900000000005,1,3.4%,68.6,0.46,secondary:3.3%=11.8%; secondary:3.5%=7.0%; hedge:≤2.9%=0.3%; hedge:3.0%=0.6%; hedge:3.1%=1.9%; hedge:3.2%=6.5%; hedge:3.6%=1.1%; hedge:3.7%=1.2%; hedge:3.8%=0.4%; hedge:3.9%=0.2%; hedge:≥4.0%=0.4%,,https://polymarket.com/event/august-inflation-us-annual-1786474662954
2026-09-05T17:21:36.782269+00:00,https://polymarket.com/event/core-cpi-mom-august-2026-1786474662954,Core CPI MoM - August 2026,cpi,5.443,100.0,0.529999,1,0.2%,70.0,0.53,secondary:0.3%=11.7%; secondary:0.1%=6.3%; hedge:≤0.0%=5.9%; hedge:0.4%=4.0%; hedge:0.5%=1.2%; hedge:0.6%+=0.8%,,https://polymarket.com/event/core-cpi-mom-august-2026-1786474662954
2026-09-05T17:21:37.049962+00:00,https://polymarket.com/event/core-cpi-yoy-august-2026-1786474662954,Core CPI YoY - August 2026,cpi,5.443,100.0,0.484999,1,2.4%,69.47,0.485,secondary:2.3%=13.1%; secondary:2.5%=5.2%; hedge:≤2.0%=0.3%; hedge:2.1%=0.8%; hedge:2.2%=5.3%; hedge:2.6%=1.9%; hedge:2.7%=1.8%; hedge:2.8%=1.5%; hedge:≥2.9%=0.6%,,https://polymarket.com/event/core-cpi-yoy-august-2026-1786474662954
2026-09-06T19:09:24.054571+00:00,https://polymarket.com/event/nh-01-democratic-primary-winner,NH-01 Democratic Primary Winner,elections,1.202,0.0,0.0,0,Maura Sullivan,85.58,0.815,secondary:Stefany Shaheen=8.7%; hedge:Carleigh Beriont=5.7%; hedge:Heath Howard=0.1%,"no independent sources available — sized at floor, using market-implied favorite (RACE_PAGE_MAP در sources/polls.py تنظیم نشده است.)",https://polymarket.com/event/nh-01-democratic-primary-winner
2026-09-06T19:09:24.054857+00:00,https://polymarket.com/event/new-hampshire-democratic-senate-primary-winner,New Hampshire Democratic Senate Primary Winner,elections,1.202,0.0,0.0,0,Chris Pappas,100.0,0.963,,"no independent sources available — sized at floor, using market-implied favorite (RACE_PAGE_MAP در sources/polls.py تنظیم نشده است.)",https://polymarket.com/event/new-hampshire-democratic-senate-primary-winner
2026-09-06T19:09:24.054990+00:00,https://polymarket.com/event/rhode-island-democratic-senate-primary-winner,Rhode Island Democratic Senate Primary Winner,elections,1.202,0.0,0.0,0,Jack Reed,100.0,0.993,,"no independent sources available — sized at floor, using market-implied favorite (RACE_PAGE_MAP در sources/polls.py تنظیم نشده است.)",https://polymarket.com/event/rhode-island-democratic-senate-primary-winner
2026-09-06T19:09:24.055133+00:00,https://polymarket.com/event/new-hampshire-republican-senate-primary-winner-296,New Hampshire Republican Senate Primary Winner,elections,1.202,0.0,0.0,0,John E. Sununu,100.0,0.993,,"no independent sources available — sized at floor, using market-implied favorite (RACE_PAGE_MAP در sources/polls.py تنظیم نشده است.)",https://polymarket.com/event/new-hampshire-republican-senate-primary-winner-296
2026-09-06T19:09:24.055284+00:00,https://polymarket.com/event/rhode-island-republican-senate-primary-winner,Rhode Island Republican Senate Primary Winner,elections,1.202,0.0,0.0,0,Raymond McKay,100.0,0.99,,"no independent sources available — sized at floor, using market-implied favorite (RACE_PAGE_MAP در sources/polls.py تنظیم نشده است.)",https://polymarket.com/event/rhode-island-republican-senate-primary-winner
2026-09-06T19:09:24.055455+00:00,https://polymarket.com/event/new-hampshire-governor-republican-primary-winner,New Hampshire Governor Republican Primary Winner,elections,1.202,0.0,0.0,0,Kelly Ayotte,100.0,0.9935,,"no independent sources available — sized at floor, using market-implied favorite (RACE_PAGE_MAP در sources/polls.py تنظیم نشده است.)",https://polymarket.com/event/new-hampshire-governor-republican-primary-winner
2026-09-06T19:09:24.055626+00:00,https://polymarket.com/event/new-hampshire-governor-democratic-primary-winner,New Hampshire Governor Democratic Primary Winner,elections,1.202,0.0,0.0,0,Cinde Warmington,100.0,0.9865,,"no independent sources available — sized at floor, using market-implied favorite (RACE_PAGE_MAP در sources/polls.py تنظیم نشده است.)",https://polymarket.com/event/new-hampshire-governor-democratic-primary-winner
2026-09-06T19:09:24.055794+00:00,https://polymarket.com/event/rhode-island-governor-democratic-primary-winner,Rhode Island Governor Democratic Primary Winner,elections,1.202,0.0,0.0,0,Helena Foulkes,100.0,0.9885,,"no independent sources available — sized at floor, using market-implied favorite (RACE_PAGE_MAP در sources/polls.py تنظیم نشده است.)",https://polymarket.com/event/rhode-island-governor-democratic-primary-winner
2026-09-06T19:09:24.055978+00:00,https://polymarket.com/event/rhode-island-governor-republican-primary-winner,Rhode Island Governor Republican Primary Winner,elections,1.202,0.0,0.0,0,Elaine Pelino,95.03,0.905,hedge:Aaron Guckian=1.9%; hedge:Robert Raimondo=0.0%; hedge:Jessica de la Cruz=0.0%; hedge:Ashley Kalus=0.0%,"no independent sources available — sized at floor, using market-implied favorite (RACE_PAGE_MAP در sources/polls.py تنظیم نشده است.)",https://polymarket.com/event/rhode-island-governor-republican-primary-winner
2026-09-06T19:09:24.056124+00:00,https://polymarket.com/event/nh-01-republican-primary-winner,NH-01 Republican Primary Winner,boe,1.202,0.0,0.0,0,Anthony DiLorenzo,79.28,0.755,secondary:Hollie Noveletsky=12.4%; hedge:Melissa Bailey=4.5%; hedge:Brian Cole=1.9%; hedge:Elizabeth Girard=1.9%,"no independent sources available — sized at floor, using market-implied favorite (boe API/.env؟)",https://polymarket.com/event/nh-01-republican-primary-winner
2026-09-06T19:09:24.056904+00:00,https://polymarket.com/event/aeo-quarterly-earnings-gaap-eps-09-02-2026-0pt21,Will American Eagle Outfitters (AEO) beat quarterly earnings?,stocks,3.077,0.0,0.0,0,Will American Eagle Outfitters (AEO) beat quarterly earnings?,100.0,0.9585,,"no independent sources available — sized at floor, using market-implied favorite (stocks API/.env؟)",https://polymarket.com/event/aeo-quarterly-earnings-gaap-eps-09-02-2026-0pt21
2026-09-06T19:09:24.057079+00:00,https://polymarket.com/event/august-inflation-china-annual,August Inflation China - Annual,cpi,3.201,0.0,0.0,0,0.7% - 0.8%,49.35,0.47,secondary:0.5% - 0.6%=18.1%; secondary:0.9%+=12.3%; hedge:≤0.2%=1.4%; hedge:0.3% - 0.4%=18.8%,"no independent sources available — sized at floor, using market-implied favorite (cpi API/.env؟)",https://polymarket.com/event/august-inflation-china-annual
2026-09-06T19:09:24.057226+00:00,https://polymarket.com/event/rhode-island-attorney-general-democratic-primary-winner,Rhode Island Attorney General Democratic Primary Winner,elections,3.201,0.0,0.0,0,Kim Ahern,88.2,0.84,secondary:Keith Hoffmann=7.1%; hedge:Jason Knight=0.2%; hedge:Joseph Solomon Jr.=4.5%,"no independent sources available — sized at floor, using market-implied favorite (RACE_PAGE_MAP در sources/polls.py تنظیم نشده است.)",https://polymarket.com/event/rhode-island-attorney-general-democratic-primary-winner
2026-09-06T19:09:24.057417+00:00,https://polymarket.com/event/ri-02-republican-primary-winner,RI-02 Republican Primary Winner,elections,3.201,0.0,0.0,0,Stephen Skoly,85.05,0.81,hedge:Victor Mellor=14.9%,"no independent sources available — sized at floor, using market-implied favorite (RACE_PAGE_MAP در sources/polls.py تنظیم نشده است.)",https://polymarket.com/event/ri-02-republican-primary-winner
2026-09-06T19:09:24.057549+00:00,https://polymarket.com/event/ecb-interest-rates-september-2026-20260616222636097,ECB Interest Rates: September 2026,ecb,3.701,0.0,0.0,0,25 bps increase,100.0,0.996,,"no independent sources available — sized at floor, using market-implied favorite (ecb API/.env؟)",https://polymarket.com/event/ecb-interest-rates-september-2026-20260616222636097
2026-09-06T19:09:24.057685+00:00,https://polymarket.com/event/argentina-monthly-inflation-august-20260814110157100,Argentina Monthly Inflation - August,cpi,3.868,0.0,0.0,0,1.5-1.7%,82.84,0.789,secondary:1.8-2.0%=10.3%; hedge:≤1.1%=0.3%; hedge:1.2-1.4%=3.8%; hedge:2.1-2.3%=1.5%; hedge:2.4-2.6%=0.3%; hedge:2.7-2.9%=0.5%; hedge:3.0%+=0.5%,"no independent sources available — sized at floor, using market-implied favorite (cpi API/.env؟)",https://polymarket.com/event/argentina-monthly-inflation-august-20260814110157100
2026-09-06T19:09:24.057813+00:00,https://polymarket.com/event/august-inflation-us-monthly-1786474662954,August Inflation US - Monthly,cpi,4.368,0.0,0.0,0,0.4%,49.88,0.475,secondary:0.3%=17.8%; secondary:≥0.5%=8.4%; secondary:0.2%=3.9%; hedge:≤-0.3%=1.6%; hedge:-0.2%=1.9%; hedge:-0.1%=1.9%; hedge:0.0%=5.2%; hedge:0.1%=9.4%,"no independent sources available — sized at floor, using market-implied favorite (cpi API/.env؟)",https://polymarket.com/event/august-inflation-us-monthly-1786474662954
2026-09-06T19:09:24.412759+00:00,https://polymarket.com/event/august-inflation-us-annual-1786474662954,August Inflation US - Annual,cpi,4.368,100.0,0.45499900000000004,1,3.4%,68.42,0.455,secondary:3.3%=12.9%; secondary:3.5%=6.0%; hedge:≤2.9%=0.3%; hedge:3.0%=0.7%; hedge:3.1%=1.6%; hedge:3.2%=6.8%; hedge:3.6%=1.1%; hedge:3.7%=1.3%; hedge:3.8%=0.3%; hedge:3.9%=0.1%; hedge:≥4.0%=0.3%,,https://polymarket.com/event/august-inflation-us-annual-1786474662954
2026-09-06T19:09:25.013764+00:00,https://polymarket.com/event/core-cpi-mom-august-2026-1786474662954,Core CPI MoM - August 2026,cpi,4.368,100.0,0.544999,1,0.2%,70.0,0.545,secondary:0.3%=12.8%; secondary:0.1%=5.2%; hedge:≤0.0%=5.2%; hedge:0.4%=5.5%; hedge:0.5%=0.7%; hedge:0.6%+=0.6%,,https://polymarket.com/event/core-cpi-mom-august-2026-1786474662954
2026-09-06T19:09:25.573699+00:00,https://polymarket.com/event/core-cpi-yoy-august-2026-1786474662954,Core CPI YoY - August 2026,cpi,4.368,100.0,0.494999,1,2.4%,69.82,0.495,secondary:2.3%=11.9%; secondary:2.5%=6.2%; hedge:≤2.0%=0.4%; hedge:2.1%=1.1%; hedge:2.2%=3.8%; hedge:2.6%=2.2%; hedge:2.7%=2.2%; hedge:2.8%=1.5%; hedge:≥2.9%=0.8%,,https://polymarket.com/event/core-cpi-yoy-august-2026-1786474662954
2026-09-07T20:33:50.769835+00:00,https://polymarket.com/event/nh-01-democratic-primary-winner,NH-01 Democratic Primary Winner,elections,0.143,0.0,0.0,0,Maura Sullivan,88.2,0.84,secondary:Stefany Shaheen=7.1%; hedge:Carleigh Beriont=4.6%; hedge:Heath Howard=0.1%,"no independent sources available — sized at floor, using market-implied favorite (RACE_PAGE_MAP در sources/polls.py تنظیم نشده است.)",https://polymarket.com/event/nh-01-democratic-primary-winner
2026-09-07T20:33:50.770127+00:00,https://polymarket.com/event/new-hampshire-democratic-senate-primary-winner,New Hampshire Democratic Senate Primary Winner,elections,0.143,0.0,0.0,0,Chris Pappas,100.0,0.9765,,"no independent sources available — sized at floor, using market-implied favorite (RACE_PAGE_MAP در sources/polls.py تنظیم نشده است.)",https://polymarket.com/event/new-hampshire-democratic-senate-primary-winner
2026-09-07T20:33:50.770286+00:00,https://polymarket.com/event/rhode-island-democratic-senate-primary-winner,Rhode Island Democratic Senate Primary Winner,elections,0.143,0.0,0.0,0,Jack Reed,100.0,0.9975,,"no independent sources available — sized at floor, using market-implied favorite (RACE_PAGE_MAP در sources/polls.py تنظیم نشده است.)",https://polymarket.com/event/rhode-island-democratic-senate-primary-winner
2026-09-07T20:33:50.770437+00:00,https://polymarket.com/event/new-hampshire-republican-senate-primary-winner-296,New Hampshire Republican Senate Primary Winner,elections,0.143,0.0,0.0,0,John E. Sununu,100.0,0.991,,"no independent sources available — sized at floor, using market-implied favorite (RACE_PAGE_MAP در sources/polls.py تنظیم نشده است.)",https://polymarket.com/event/new-hampshire-republican-senate-primary-winner-296
2026-09-07T20:33:50.770589+00:00,https://polymarket.com/event/rhode-island-republican-senate-primary-winner,Rhode Island Republican Senate Primary Winner,elections,0.143,0.0,0.0,0,Raymond McKay,100.0,0.9905,,"no independent sources available — sized at floor, using market-implied favorite (RACE_PAGE_MAP در sources/polls.py تنظیم نشده است.)",https://polymarket.com/event/rhode-island-republican-senate-primary-winner
2026-09-07T20:33:50.770714+00:00,https://polymarket.com/event/new-hampshire-governor-republican-primary-winner,New Hampshire Governor Republican Primary Winner,elections,0.143,0.0,0.0,0,Kelly Ayotte,100.0,0.99,,"no independent sources available — sized at floor, using market-implied favorite (RACE_PAGE_MAP در sources/polls.py تنظیم نشده است.)",https://polymarket.com/event/new-hampshire-governor-republican-primary-winner
2026-09-07T20:33:50.770841+00:00,https://polymarket.com/event/new-hampshire-governor-democratic-primary-winner,New Hampshire Governor Democratic Primary Winner,elections,0.143,0.0,0.0,0,Cinde Warmington,100.0,0.988,,"no independent sources available — sized at floor, using market-implied favorite (RACE_PAGE_MAP در sources/polls.py تنظیم نشده است.)",https://polymarket.com/event/new-hampshire-governor-democratic-primary-winner
2026-09-07T20:33:50.770977+00:00,https://polymarket.com/event/rhode-island-governor-democratic-primary-winner,Rhode Island Governor Democratic Primary Winner,elections,0.143,0.0,0.0,0,Helena Foulkes,100.0,0.9895,,"no independent sources available — sized at floor, using market-implied favorite (RACE_PAGE_MAP در sources/polls.py تنظیم نشده است.)",https://polymarket.com/event/rhode-island-governor-democratic-primary-winner
2026-09-07T20:33:50.771136+00:00,https://polymarket.com/event/rhode-island-governor-republican-primary-winner,Rhode Island Governor Republican Primary Winner,elections,0.143,0.0,0.0,0,Elaine Pelino,95.03,0.905,hedge:Aaron Guckian=2.0%; hedge:Robert Raimondo=0.0%; hedge:Jessica de la Cruz=0.0%; hedge:Ashley Kalus=0.0%,"no independent sources available — sized at floor, using market-implied favorite (RACE_PAGE_MAP در sources/polls.py تنظیم نشده است.)",https://polymarket.com/event/rhode-island-governor-republican-primary-winner
2026-09-07T20:33:50.771269+00:00,https://polymarket.com/event/nh-01-republican-primary-winner,NH-01 Republican Primary Winner,boe,0.143,0.0,0.0,0,Anthony DiLorenzo,90.83,0.865,secondary:Hollie Noveletsky=5.5%; hedge:Melissa Bailey=0.7%; hedge:Brian Cole=0.7%; hedge:Elizabeth Girard=2.2%,"no independent sources available — sized at floor, using market-implied favorite (boe API/.env؟)",https://polymarket.com/event/nh-01-republican-primary-winner
2026-09-07T20:33:50.771849+00:00,https://polymarket.com/event/aeo-quarterly-earnings-gaap-eps-09-02-2026-0pt21,Will American Eagle Outfitters (AEO) beat quarterly earnings?,stocks,2.018,0.0,0.0,0,Will American Eagle Outfitters (AEO) beat quarterly earnings?,98.54,0.9385,,"no independent sources available — sized at floor, using market-implied favorite (stocks API/.env؟)",https://polymarket.com/event/aeo-quarterly-earnings-gaap-eps-09-02-2026-0pt21
2026-09-07T20:33:50.771983+00:00,https://polymarket.com/event/august-inflation-china-annual,August Inflation China - Annual,cpi,2.142,0.0,0.0,0,0.7% - 0.8%,47.78,0.455,secondary:0.9%+=18.0%; secondary:0.5% - 0.6%=13.3%; hedge:≤0.2%=2.7%; hedge:0.3% - 0.4%=18.2%,"no independent sources available — sized at floor, using market-implied favorite (cpi API/.env؟)",https://polymarket.com/event/august-inflation-china-annual
2026-09-07T20:33:50.772117+00:00,https://polymarket.com/event/rhode-island-attorney-general-democratic-primary-winner,Rhode Island Attorney General Democratic Primary Winner,elections,2.142,0.0,0.0,0,Kim Ahern,89.78,0.855,secondary:Keith Hoffmann=6.1%; hedge:Jason Knight=0.2%; hedge:Joseph Solomon Jr.=3.9%,"no independent sources available — sized at floor, using market-implied favorite (RACE_PAGE_MAP در sources/polls.py تنظیم نشده است.)",https://polymarket.com/event/rhode-island-attorney-general-democratic-primary-winner
2026-09-07T20:33:50.772258+00:00,https://polymarket.com/event/ri-02-republican-primary-winner,RI-02 Republican Primary Winner,elections,2.142,0.0,0.0,0,Stephen Skoly,80.33,0.765,hedge:Victor Mellor=19.7%,"no independent sources available — sized at floor, using market-implied favorite (RACE_PAGE_MAP در sources/polls.py تنظیم نشده است.)",https://polymarket.com/event/ri-02-republican-primary-winner
2026-09-07T20:33:50.772362+00:00,https://polymarket.com/event/ecb-interest-rates-september-2026-20260616222636097,ECB Interest Rates: September 2026,ecb,2.642,0.0,0.0,0,25 bps increase,100.0,0.9965,,"no independent sources available — sized at floor, using market-implied favorite (ecb API/.env؟)",https://polymarket.com/event/ecb-interest-rates-september-2026-20260616222636097
2026-09-07T20:33:50.772484+00:00,https://polymarket.com/event/argentina-monthly-inflation-august-20260814110157100,Argentina Monthly Inflation - August,cpi,2.809,0.0,0.0,0,1.5-1.7%,70.56,0.672,secondary:1.8-2.0%=17.7%; hedge:≤1.1%=0.5%; hedge:1.2-1.4%=5.7%; hedge:2.1-2.3%=3.5%; hedge:2.4-2.6%=0.4%; hedge:2.7-2.9%=1.2%; hedge:3.0%+=0.4%,"no independent sources available — sized at floor, using market-implied favorite (cpi API/.env؟)",https://polymarket.com/event/argentina-monthly-inflation-august-20260814110157100
2026-09-07T20:33:50.772584+00:00,https://polymarket.com/event/august-inflation-us-monthly-1786474662954,August Inflation US - Monthly,cpi,3.309,0.0,0.0,0,0.4%,50.4,0.48,secondary:0.3%=21.8%; secondary:≥0.5%=8.0%; hedge:≤-0.3%=0.6%; hedge:-0.2%=0.8%; hedge:-0.1%=0.8%; hedge:0.0%=1.7%; hedge:0.1%=3.2%; hedge:0.2%=12.7%,"no independent sources available — sized at floor, using market-implied favorite (cpi API/.env؟)",https://polymarket.com/event/august-inflation-us-monthly-1786474662954
2026-09-07T20:33:51.046266+00:00,https://polymarket.com/event/august-inflation-us-annual-1786474662954,August Inflation US - Annual,cpi,3.309,100.0,0.45999900000000005,1,3.4%,68.6,0.46,secondary:3.3%=13.3%; secondary:3.5%=5.5%; hedge:≤2.9%=0.3%; hedge:3.0%=0.8%; hedge:3.1%=1.2%; hedge:3.2%=6.8%; hedge:3.6%=1.6%; hedge:3.7%=1.3%; hedge:3.8%=0.3%; hedge:3.9%=0.0%; hedge:≥4.0%=0.3%,,https://polymarket.com/event/august-inflation-us-annual-1786474662954
2026-09-07T20:33:51.307463+00:00,https://polymarket.com/event/core-cpi-mom-august-2026-1786474662954,Core CPI MoM - August 2026,cpi,3.309,100.0,0.549999,1,0.2%,70.0,0.55,secondary:0.3%=13.0%; secondary:0.1%=5.0%; hedge:≤0.0%=4.8%; hedge:0.4%=4.9%; hedge:0.5%=0.7%; hedge:0.6%+=1.6%,,https://polymarket.com/event/core-cpi-mom-august-2026-1786474662954
2026-09-07T20:33:51.702990+00:00,https://polymarket.com/event/core-cpi-yoy-august-2026-1786474662954,Core CPI YoY - August 2026,cpi,3.309,100.0,0.46499900000000005,1,2.4%,68.77,0.465,secondary:2.3%=11.6%; secondary:2.5%=4.3%; secondary:2.2%=2.8%; hedge:≤2.0%=2.2%; hedge:2.1%=1.6%; hedge:2.6%=3.0%; hedge:2.7%=2.8%; hedge:2.8%=2.0%; hedge:≥2.9%=1.0%,,https://polymarket.com/event/core-cpi-yoy-august-2026-1786474662954
2026-09-07T20:33:51.703248+00:00,https://polymarket.com/event/okinawa-governor-election-winner-2026,Okinawa Governor Election Winner,elections,6.142,0.0,0.0,0,Genta Koja,70.88,0.675,secondary:Denny Tamaki=17.5%; hedge:Mikio Shimoji=2.6%; hedge:Takashi Higa=2.6%; hedge:Chosuke Yara=0.3%; hedge:Shun Kaneshima=3.1%; hedge:Masahiro Sueyoshi=3.1%,"no independent sources available — sized at floor, using market-implied favorite (RACE_PAGE_MAP در sources/polls.py تنظیم نشده است.)",https://polymarket.com/event/okinawa-governor-election-winner-2026
2026-09-07T20:33:51.703364+00:00,https://polymarket.com/event/pro-football-jets-week-1-starting-qb,Pro Football: Jets Week 1 Starting QB,boe,6.143,0.0,0.0,0,Bailey Zappe,35.0,0.002,,"no independent sources available — sized at floor, using market-implied favorite (boe API/.env؟)",https://polymarket.com/event/pro-football-jets-week-1-starting-qb
2026-09-08T19:54:08.806062+00:00,https://polymarket.com/event/casy-quarterly-earnings-gaap-eps-09-08-2026-6pt75,Will Casey's General Stores (CASY) beat quarterly earnings?,stocks,0.046,0.0,0.0,0,Will Casey's General Stores (CASY) beat quarterly earnings?,94.5,0.9,,"no independent sources available — sized at floor, using market-implied favorite (stocks API/.env؟)",https://polymarket.com/event/casy-quarterly-earnings-gaap-eps-09-08-2026-6pt75
2026-09-08T19:54:08.806301+00:00,https://polymarket.com/event/brze-quarterly-earnings-nongaap-eps-09-08-2026-0pt15,Will Braze (BRZE) beat quarterly earnings?,stocks,0.046,0.0,0.0,0,Will Braze (BRZE) beat quarterly earnings?,36.75,0.35,,"no independent sources available — sized at floor, using market-implied favorite (stocks API/.env؟)",https://polymarket.com/event/brze-quarterly-earnings-nongaap-eps-09-08-2026-0pt15
2026-09-08T19:54:08.806458+00:00,https://polymarket.com/event/aso-quarterly-earnings-nongaap-eps-09-01-2026-2pt1,Will Academy Sports (ASO) beat quarterly earnings?,stocks,0.712,0.0,0.0,0,Will Academy Sports (ASO) beat quarterly earnings?,51.45,0.49,,"no independent sources available — sized at floor, using market-implied favorite (stocks API/.env؟)",https://polymarket.com/event/aso-quarterly-earnings-nongaap-eps-09-01-2026-2pt1
2026-09-08T19:54:08.806599+00:00,https://polymarket.com/event/chwy-quarterly-earnings-nongaap-eps-09-09-2026-0pt36,Will Chewy (CHWY) beat quarterly earnings?,stocks,0.712,0.0,0.0,0,Will Chewy (CHWY) beat quarterly earnings?,50.92,0.485,,"no independent sources available — sized at floor, using market-implied favorite (stocks API/.env؟)",https://polymarket.com/event/chwy-quarterly-earnings-nongaap-eps-09-09-2026-0pt36
2026-09-08T19:54:08.806750+00:00,https://polymarket.com/event/aeo-quarterly-earnings-gaap-eps-09-02-2026-0pt21,Will American Eagle Outfitters (AEO) beat quarterly earnings?,stocks,1.046,0.0,0.0,0,Will American Eagle Outfitters (AEO) beat quarterly earnings?,92.87,0.8845,,"no independent sources available — sized at floor, using market-implied favorite (stocks API/.env؟)",https://polymarket.com/event/aeo-quarterly-earnings-gaap-eps-09-02-2026-0pt21
2026-09-08T19:54:08.806891+00:00,https://polymarket.com/event/august-inflation-china-annual,August Inflation China - Annual,cpi,1.17,0.0,0.0,0,0.9%+,38.27,0.3645,secondary:0.5% - 0.6%=18.8%; secondary:0.7% - 0.8%=18.2%; hedge:≤0.2%=3.4%; hedge:0.3% - 0.4%=21.3%,"no independent sources available — sized at floor, using market-implied favorite (cpi API/.env؟)",https://polymarket.com/event/august-inflation-china-annual
2026-09-08T19:54:08.807065+00:00,https://polymarket.com/event/rhode-island-attorney-general-democratic-primary-winner,Rhode Island Attorney General Democratic Primary Winner,elections,1.17,0.0,0.0,0,Kim Ahern,89.25,0.85,secondary:Keith Hoffmann=6.5%; hedge:Jason Knight=0.2%; hedge:Joseph Solomon Jr.=4.1%,"no independent sources available — sized at floor, using market-implied favorite (RACE_PAGE_MAP در sources/polls.py تنظیم نشده است.)",https://polymarket.com/event/rhode-island-attorney-general-democratic-primary-winner
2026-09-08T19:54:08.807215+00:00,https://polymarket.com/event/ri-02-republican-primary-winner,RI-02 Republican Primary Winner,elections,1.17,0.0,0.0,0,Stephen Skoly,77.18,0.735,hedge:Victor Mellor=22.8%,"no independent sources available — sized at floor, using market-implied favorite (RACE_PAGE_MAP در sources/polls.py تنظیم نشده است.)",https://polymarket.com/event/ri-02-republican-primary-winner
2026-09-08T19:54:08.807302+00:00,https://polymarket.com/event/ecb-interest-rates-september-2026-20260616222636097,ECB Interest Rates: September 2026,ecb,1.67,0.0,0.0,0,25 bps increase,100.0,0.9955,,"no independent sources available — sized at floor, using market-implied favorite (ecb API/.env؟)",https://polymarket.com/event/ecb-interest-rates-september-2026-20260616222636097
2026-09-08T19:54:08.807406+00:00,https://polymarket.com/event/argentina-monthly-inflation-august-20260814110157100,Argentina Monthly Inflation - August,cpi,1.837,0.0,0.0,0,1.5-1.7%,67.88,0.6465,secondary:1.8-2.0%=16.4%; secondary:1.2-1.4%=2.8%; hedge:≤1.1%=1.3%; hedge:2.1-2.3%=6.7%; hedge:2.4-2.6%=1.0%; hedge:2.7-2.9%=2.8%; hedge:3.0%+=1.0%,"no independent sources available — sized at floor, using market-implied favorite (cpi API/.env؟)",https://polymarket.com/event/argentina-monthly-inflation-august-20260814110157100
2026-09-08T19:54:08.807550+00:00,https://polymarket.com/event/orcl-quarterly-earnings-nongaap-eps-09-08-2026-1pt74,Will Oracle (ORCL) beat quarterly earnings?,stocks,2.046,0.0,0.0,0,Will Oracle (ORCL) beat quarterly earnings?,91.88,0.875,,"no independent sources available — sized at floor, using market-implied favorite (stocks API/.env؟)",https://polymarket.com/event/orcl-quarterly-earnings-nongaap-eps-09-08-2026-1pt74
2026-09-08T19:54:08.807644+00:00,https://polymarket.com/event/august-inflation-us-monthly-1786474662954,August Inflation US - Monthly,cpi,2.337,0.0,0.0,0,0.4%,50.4,0.48,secondary:0.3%=22.0%; secondary:≥0.5%=7.8%; hedge:≤-0.3%=0.5%; hedge:-0.2%=0.7%; hedge:-0.1%=0.7%; hedge:0.0%=1.8%; hedge:0.1%=4.8%; hedge:0.2%=11.3%,"no independent sources available — sized at floor, using market-implied favorite (cpi API/.env؟)",https://polymarket.com/event/august-inflation-us-monthly-1786474662954
2026-09-08T19:54:09.299979+00:00,https://polymarket.com/event/august-inflation-us-annual-1786474662954,August Inflation US - Annual,cpi,2.337,100.0,0.44499900000000003,1,3.4%,68.07,0.445,secondary:3.3%=13.3%; secondary:3.5%=5.9%; hedge:≤2.9%=0.3%; hedge:3.0%=1.1%; hedge:3.1%=0.9%; hedge:3.2%=5.7%; hedge:3.6%=2.3%; hedge:3.7%=0.9%; hedge:3.8%=0.4%; hedge:3.9%=0.5%; hedge:≥4.0%=0.6%,,https://polymarket.com/event/august-inflation-us-annual-1786474662954
2026-09-08T19:54:09.523823+00:00,https://polymarket.com/event/core-cpi-mom-august-2026-1786474662954,Core CPI MoM - August 2026,cpi,2.337,100.0,0.534999,1,0.2%,70.0,0.535,secondary:0.3%=13.7%; secondary:0.1%=4.3%; hedge:≤0.0%=2.1%; hedge:0.4%=9.0%; hedge:0.5%=0.1%; hedge:0.6%+=0.8%,,https://polymarket.com/event/core-cpi-mom-august-2026-1786474662954
2026-09-08T19:54:09.857883+00:00,https://polymarket.com/event/core-cpi-yoy-august-2026-1786474662954,Core CPI YoY - August 2026,cpi,2.337,100.0,0.474999,1,2.4%,69.12,0.475,secondary:2.3%=12.7%; secondary:2.5%=5.8%; hedge:≤2.0%=1.1%; hedge:2.1%=0.7%; hedge:2.2%=6.5%; hedge:2.6%=1.3%; hedge:2.7%=1.4%; hedge:2.8%=0.9%; hedge:≥2.9%=0.4%,,https://polymarket.com/event/core-cpi-yoy-august-2026-1786474662954
2026-09-08T19:54:09.858180+00:00,https://polymarket.com/event/okinawa-governor-election-winner-2026,Okinawa Governor Election Winner,elections,5.17,0.0,0.0,0,Genta Koja,71.4,0.68,secondary:Denny Tamaki=17.2%; hedge:Mikio Shimoji=2.5%; hedge:Takashi Higa=2.5%; hedge:Chosuke Yara=0.3%; hedge:Shun Kaneshima=3.1%; hedge:Masahiro Sueyoshi=3.1%,"no independent sources available — sized at floor, using market-implied favorite (RACE_PAGE_MAP در sources/polls.py تنظیم نشده است.)",https://polymarket.com/event/okinawa-governor-election-winner-2026
2026-09-08T19:54:09.858312+00:00,https://polymarket.com/event/pro-football-jets-week-1-starting-qb,Pro Football: Jets Week 1 Starting QB,boe,5.171,0.0,0.0,0,Bailey Zappe,35.0,0.0015,,"no independent sources available — sized at floor, using market-implied favorite (boe API/.env؟)",https://polymarket.com/event/pro-football-jets-week-1-starting-qb
2026-09-08T19:54:09.858440+00:00,https://polymarket.com/event/delaware-democratic-senate-primary-winner,Delaware Democratic Senate Primary Winner,elections,6.171,0.0,0.0,0,Chris Coons,100.0,0.9905,,"no independent sources available — sized at floor, using market-implied favorite (RACE_PAGE_MAP در sources/polls.py تنظیم نشده است.)",https://polymarket.com/event/delaware-democratic-senate-primary-winner
2026-09-08T19:54:09.858583+00:00,https://polymarket.com/event/delaware-republican-senate-primary-winner,Delaware Republican Senate Primary Winner,elections,6.171,0.0,0.0,0,Michael Katz,98.7,0.94,hedge:John Shulli=1.3%,"no independent sources available — sized at floor, using market-implied favorite (RACE_PAGE_MAP در sources/polls.py تنظیم نشده است.)",https://polymarket.com/event/delaware-republican-senate-primary-winner
2026-09-09T19:45:27.385414+00:00,https://polymarket.com/event/aeo-quarterly-earnings-gaap-eps-09-02-2026-0pt21,Will American Eagle Outfitters (AEO) beat quarterly earnings?,stocks,0.052,0.0,0.0,0,Will American Eagle Outfitters (AEO) beat quarterly earnings?,88.62,0.844,,"no independent sources available — sized at floor, using market-implied favorite (stocks API/.env؟)",https://polymarket.com/event/aeo-quarterly-earnings-gaap-eps-09-02-2026-0pt21
2026-09-09T19:45:27.385682+00:00,https://polymarket.com/event/rhode-island-attorney-general-democratic-primary-winner,Rhode Island Attorney General Democratic Primary Winner,elections,0.176,0.0,0.0,0,Kim Ahern,76.12,0.725,secondary:Keith Hoffmann=14.3%; hedge:Jason Knight=0.4%; hedge:Joseph Solomon Jr.=9.1%,"no independent sources available — sized at floor, using market-implied favorite (RACE_PAGE_MAP در sources/polls.py تنظیم نشده است.)",https://polymarket.com/event/rhode-island-attorney-general-democratic-primary-winner
2026-09-09T19:45:27.385924+00:00,https://polymarket.com/event/ri-02-republican-primary-winner,RI-02 Republican Primary Winner,elections,0.176,0.0,0.0,0,Stephen Skoly,71.93,0.685,hedge:Victor Mellor=28.1%,"no independent sources available — sized at floor, using market-implied favorite (RACE_PAGE_MAP در sources/polls.py تنظیم نشده است.)",https://polymarket.com/event/ri-02-republican-primary-winner
2026-09-09T19:45:27.386110+00:00,https://polymarket.com/event/ecb-interest-rates-september-2026-20260616222636097,ECB Interest Rates: September 2026,ecb,0.676,0.0,0.0,0,25 bps increase,100.0,0.9965,,"no independent sources available — sized at floor, using market-implied favorite (ecb API/.env؟)",https://polymarket.com/event/ecb-interest-rates-september-2026-20260616222636097
2026-09-09T19:45:27.386352+00:00,https://polymarket.com/event/argentina-monthly-inflation-august-20260814110157100,Argentina Monthly Inflation - August,cpi,0.843,0.0,0.0,0,1.5-1.7%,77.7,0.74,secondary:1.8-2.0%=13.4%; hedge:≤1.1%=0.3%; hedge:1.2-1.4%=4.9%; hedge:2.1-2.3%=2.7%; hedge:2.4-2.6%=0.2%; hedge:2.7-2.9%=0.5%; hedge:3.0%+=0.3%,"no independent sources available — sized at floor, using market-implied favorite (cpi API/.env؟)",https://polymarket.com/event/argentina-monthly-inflation-august-20260814110157100
2026-09-09T19:45:27.386567+00:00,https://polymarket.com/event/orcl-quarterly-earnings-nongaap-eps-09-08-2026-1pt74,Will Oracle (ORCL) beat quarterly earnings?,stocks,1.052,0.0,0.0,0,Will Oracle (ORCL) beat quarterly earnings?,79.8,0.76,,"no independent sources available — sized at floor, using market-implied favorite (stocks API/.env؟)",https://polymarket.com/event/orcl-quarterly-earnings-nongaap-eps-09-08-2026-1pt74
2026-09-09T19:45:27.386729+00:00,https://polymarket.com/event/august-inflation-us-monthly-1786474662954,August Inflation US - Monthly,cpi,1.343,0.0,0.0,0,0.4%,51.45,0.49,secondary:0.3%=22.2%; secondary:≥0.5%=6.9%; hedge:≤-0.3%=0.5%; hedge:-0.2%=0.7%; hedge:-0.1%=0.7%; hedge:0.0%=1.5%; hedge:0.1%=5.9%; hedge:0.2%=10.1%,"no independent sources available — sized at floor, using market-implied favorite (cpi API/.env؟)",https://polymarket.com/event/august-inflation-us-monthly-1786474662954
2026-09-09T19:45:29.148512+00:00,https://polymarket.com/event/august-inflation-us-annual-1786474662954,August Inflation US - Annual,cpi,1.343,100.0,0.45499900000000004,1,3.4%,68.42,0.455,secondary:3.3%=12.7%; secondary:3.5%=6.2%; hedge:≤2.9%=0.3%; hedge:3.0%=1.1%; hedge:3.1%=0.9%; hedge:3.2%=5.4%; hedge:3.6%=1.9%; hedge:3.7%=1.1%; hedge:3.8%=0.9%; hedge:3.9%=0.5%; hedge:≥4.0%=0.5%,,https://polymarket.com/event/august-inflation-us-annual-1786474662954
2026-09-09T19:45:32.211295+00:00,https://polymarket.com/event/core-cpi-mom-august-2026-1786474662954,Core CPI MoM - August 2026,cpi,1.343,100.0,0.604999,1,0.2%,70.0,0.605,secondary:0.3%=13.6%; secondary:0.1%=4.4%; hedge:≤0.0%=3.0%; hedge:0.4%=8.0%; hedge:0.5%=0.2%; hedge:0.6%+=0.8%,,https://polymarket.com/event/core-cpi-mom-august-2026-1786474662954
2026-09-09T19:45:33.633766+00:00,https://polymarket.com/event/core-cpi-yoy-august-2026-1786474662954,Core CPI YoY - August 2026,cpi,1.343,100.0,0.469999,1,2.4%,68.95,0.47,secondary:2.3%=13.5%; secondary:2.5%=5.2%; hedge:≤2.0%=1.5%; hedge:2.1%=1.2%; hedge:2.2%=4.0%; hedge:2.6%=2.7%; hedge:2.7%=1.5%; hedge:2.8%=1.1%; hedge:≥2.9%=0.4%,,https://polymarket.com/event/core-cpi-yoy-august-2026-1786474662954
2026-09-09T19:45:33.634082+00:00,https://polymarket.com/event/okinawa-governor-election-winner-2026,Okinawa Governor Election Winner,elections,4.176,0.0,0.0,0,Genta Koja,68.78,0.655,secondary:Denny Tamaki=18.7%; hedge:Mikio Shimoji=2.7%; hedge:Takashi Higa=2.7%; hedge:Chosuke Yara=0.3%; hedge:Shun Kaneshima=3.4%; hedge:Masahiro Sueyoshi=3.4%,"no independent sources available — sized at floor, using market-implied favorite (RACE_PAGE_MAP در sources/polls.py تنظیم نشده است.)",https://polymarket.com/event/okinawa-governor-election-winner-2026
2026-09-09T19:45:33.634268+00:00,https://polymarket.com/event/pro-football-jets-week-1-starting-qb,Pro Football: Jets Week 1 Starting QB,boe,4.177,0.0,0.0,0,Bailey Zappe,35.0,0.0015,,"no independent sources available — sized at floor, using market-implied favorite (boe API/.env؟)",https://polymarket.com/event/pro-football-jets-week-1-starting-qb
2026-09-09T19:45:33.634437+00:00,https://polymarket.com/event/delaware-democratic-senate-primary-winner,Delaware Democratic Senate Primary Winner,elections,5.177,0.0,0.0,0,Chris Coons,100.0,0.991,,"no independent sources available — sized at floor, using market-implied favorite (RACE_PAGE_MAP در sources/polls.py تنظیم نشده است.)",https://polymarket.com/event/delaware-democratic-senate-primary-winner
2026-09-09T19:45:33.634635+00:00,https://polymarket.com/event/delaware-republican-senate-primary-winner,Delaware Republican Senate Primary Winner,elections,5.177,0.0,0.0,0,Michael Katz,98.18,0.935,hedge:John Shulli=1.8%,"no independent sources available — sized at floor, using market-implied favorite (RACE_PAGE_MAP در sources/polls.py تنظیم نشده است.)",https://polymarket.com/event/delaware-republican-senate-primary-winner
2026-09-09T19:45:33.634813+00:00,https://polymarket.com/event/fed-decisions-jun-sep,Fed decisions (Jun-Sep),fed,6.177,0.0,0.0,0,Other,56.7,0.54,secondary:Pause–Pause–Pause=26.0%; hedge:Pause–Pause–Cut=17.3%,"no independent sources available — sized at floor, using market-implied favorite (fed API/.env؟)",https://polymarket.com/event/fed-decisions-jun-sep
2026-09-09T19:45:33.635005+00:00,https://polymarket.com/event/fed-decision-in-september-762,Fed Decision in September?,fed,6.177,0.0,0.0,0,25 bps increase,56.18,0.535,secondary:No change=26.3%; hedge:50+ bps decrease=1.8%; hedge:25 bps decrease=4.2%; hedge:50+ bps increase=11.5%,"no independent sources available — sized at floor, using market-implied favorite (fed API/.env؟)",https://polymarket.com/event/fed-decision-in-september-762
2026-09-10T19:40:34.777021+00:00,https://polymarket.com/event/orcl-quarterly-earnings-nongaap-eps-09-08-2026-1pt74,Will Oracle (ORCL) beat quarterly earnings?,stocks,0.055,0.0,0.0,0,Will Oracle (ORCL) beat quarterly earnings?,84.0,0.8,,"no independent sources available — sized at floor, using market-implied favorite (stocks API/.env؟)",https://polymarket.com/event/orcl-quarterly-earnings-nongaap-eps-09-08-2026-1pt74
2026-09-10T19:40:34.777354+00:00,https://polymarket.com/event/august-inflation-us-monthly-1786474662954,August Inflation US - Monthly,cpi,0.346,0.0,0.0,0,0.4%,50.92,0.485,secondary:0.3%=21.9%; secondary:≥0.5%=7.6%; hedge:≤-0.3%=0.3%; hedge:-0.2%=0.3%; hedge:-0.1%=0.3%; hedge:0.0%=0.3%; hedge:0.1%=1.1%; hedge:0.2%=17.4%,"no independent sources available — sized at floor, using market-implied favorite (cpi API/.env؟)",https://polymarket.com/event/august-inflation-us-monthly-1786474662954
2026-09-10T19:40:35.036069+00:00,https://polymarket.com/event/august-inflation-us-annual-1786474662954,August Inflation US - Annual,cpi,0.346,100.0,0.46499900000000005,1,3.4%,68.77,0.465,secondary:3.3%=12.8%; secondary:3.5%=5.9%; hedge:≤2.9%=0.4%; hedge:3.0%=1.2%; hedge:3.1%=1.1%; hedge:3.2%=3.7%; hedge:3.6%=3.5%; hedge:3.7%=1.2%; hedge:3.8%=1.1%; hedge:3.9%=0.1%; hedge:≥4.0%=0.1%,,https://polymarket.com/event/august-inflation-us-annual-1786474662954
2026-09-10T19:40:35.421356+00:00,https://polymarket.com/event/core-cpi-mom-august-2026-1786474662954,Core CPI MoM - August 2026,cpi,0.346,100.0,0.629999,1,0.2%,70.0,0.63,secondary:0.3%=13.3%; secondary:0.1%=4.7%; hedge:≤0.0%=3.1%; hedge:0.4%=7.1%; hedge:0.5%=1.0%; hedge:0.6%+=0.8%,,https://polymarket.com/event/core-cpi-mom-august-2026-1786474662954
2026-09-10T19:40:35.671508+00:00,https://polymarket.com/event/core-cpi-yoy-august-2026-1786474662954,Core CPI YoY - August 2026,cpi,0.346,100.0,0.484999,1,2.4%,69.47,0.485,secondary:2.3%=11.0%; secondary:2.5%=4.7%; secondary:2.1%=2.7%; hedge:≤2.0%=1.6%; hedge:2.2%=3.3%; hedge:2.6%=3.5%; hedge:2.7%=1.9%; hedge:2.8%=1.4%; hedge:≥2.9%=0.5%,,https://polymarket.com/event/core-cpi-yoy-august-2026-1786474662954
2026-09-10T19:40:35.671782+00:00,https://polymarket.com/event/okinawa-governor-election-winner-2026,Okinawa Governor Election Winner,elections,3.179,0.0,0.0,0,Genta Koja,69.83,0.665,secondary:Denny Tamaki=18.1%; hedge:Mikio Shimoji=0.7%; hedge:Takashi Higa=3.2%; hedge:Chosuke Yara=0.3%; hedge:Shun Kaneshima=3.9%; hedge:Masahiro Sueyoshi=3.9%,"no independent sources available — sized at floor, using market-implied favorite (RACE_PAGE_MAP در sources/polls.py تنظیم نشده است.)",https://polymarket.com/event/okinawa-governor-election-winner-2026
2026-09-10T19:40:35.671921+00:00,https://polymarket.com/event/pro-football-jets-week-1-starting-qb,Pro Football: Jets Week 1 Starting QB,boe,3.18,0.0,0.0,0,Bailey Zappe,35.0,0.0015,,"no independent sources available — sized at floor, using market-implied favorite (boe API/.env؟)",https://polymarket.com/event/pro-football-jets-week-1-starting-qb
2026-09-10T19:40:35.672077+00:00,https://polymarket.com/event/delaware-democratic-senate-primary-winner,Delaware Democratic Senate Primary Winner,elections,4.18,0.0,0.0,0,Chris Coons,100.0,0.995,,"no independent sources available — sized at floor, using market-implied favorite (RACE_PAGE_MAP در sources/polls.py تنظیم نشده است.)",https://polymarket.com/event/delaware-democratic-senate-primary-winner
2026-09-10T19:40:35.672229+00:00,https://polymarket.com/event/delaware-republican-senate-primary-winner,Delaware Republican Senate Primary Winner,elections,4.18,0.0,0.0,0,Michael Katz,95.55,0.91,hedge:John Shulli=4.5%,"no independent sources available — sized at floor, using market-implied favorite (RACE_PAGE_MAP در sources/polls.py تنظیم نشده است.)",https://polymarket.com/event/delaware-republican-senate-primary-winner
2026-09-10T19:40:35.672374+00:00,https://polymarket.com/event/fed-decisions-jun-sep,Fed decisions (Jun-Sep),fed,5.18,0.0,0.0,0,Other,68.25,0.65,secondary:Pause–Pause–Pause=19.1%; hedge:Pause–Pause–Cut=12.7%,"no independent sources available — sized at floor, using market-implied favorite (fed API/.env؟)",https://polymarket.com/event/fed-decisions-jun-sep
2026-09-10T19:40:35.672476+00:00,https://polymarket.com/event/fed-decision-in-september-762,Fed Decision in September?,fed,5.18,0.0,0.0,0,25 bps increase,68.78,0.655,secondary:No change=18.7%; hedge:50+ bps decrease=1.4%; hedge:25 bps decrease=3.2%; hedge:50+ bps increase=7.9%,"no independent sources available — sized at floor, using market-implied favorite (fed API/.env؟)",https://polymarket.com/event/fed-decision-in-september-762
2026-09-10T19:40:35.672560+00:00,https://polymarket.com/event/how-many-dissent-at-the-september-fed-meeting,How many dissent at the September Fed meeting?,fed,5.846,0.0,0.0,0,3,35.0,0.305,secondary:4+=16.0%; secondary:1=8.5%; secondary:2=7.9%; secondary:0=32.6%,"no independent sources available — sized at floor, using market-implied favorite (fed API/.env؟)",https://polymarket.com/event/how-many-dissent-at-the-september-fed-meeting
2026-09-11T19:40:59.629651+00:00,https://polymarket.com/event/okinawa-governor-election-winner-2026,Okinawa Governor Election Winner,elections,2.179,0.0,0.0,0,Genta Koja,72.45,0.69,secondary:Denny Tamaki=16.5%; hedge:Mikio Shimoji=1.4%; hedge:Takashi Higa=4.1%; hedge:Chosuke Yara=1.4%; hedge:Shun Kaneshima=2.8%; hedge:Masahiro Sueyoshi=1.4%,"no independent sources available — sized at floor, using market-implied favorite (RACE_PAGE_MAP در sources/polls.py تنظیم نشده است.)",https://polymarket.com/event/okinawa-governor-election-winner-2026
2026-09-11T19:40:59.629925+00:00,https://polymarket.com/event/pro-football-jets-week-1-starting-qb,Pro Football: Jets Week 1 Starting QB,boe,2.18,0.0,0.0,0,Bailey Zappe,35.0,0.0015,,"no independent sources available — sized at floor, using market-implied favorite (boe API/.env؟)",https://polymarket.com/event/pro-football-jets-week-1-starting-qb
2026-09-11T19:40:59.630058+00:00,https://polymarket.com/event/delaware-democratic-senate-primary-winner,Delaware Democratic Senate Primary Winner,elections,3.18,0.0,0.0,0,Chris Coons,100.0,0.998,,"no independent sources available — sized at floor, using market-implied favorite (RACE_PAGE_MAP در sources/polls.py تنظیم نشده است.)",https://polymarket.com/event/delaware-democratic-senate-primary-winner
2026-09-11T19:40:59.630140+00:00,https://polymarket.com/event/delaware-republican-senate-primary-winner,Delaware Republican Senate Primary Winner,elections,3.18,0.0,0.0,0,Michael Katz,92.92,0.885,hedge:John Shulli=7.1%,"no independent sources available — sized at floor, using market-implied favorite (RACE_PAGE_MAP در sources/polls.py تنظیم نشده است.)",https://polymarket.com/event/delaware-republican-senate-primary-winner
2026-09-11T19:40:59.630223+00:00,https://polymarket.com/event/fed-decisions-jun-sep,Fed decisions (Jun-Sep),fed,4.18,0.0,0.0,0,Other,85.05,0.81,secondary:Pause–Pause–Pause=9.0%; hedge:Pause–Pause–Cut=6.0%,"no independent sources available — sized at floor, using market-implied favorite (fed API/.env؟)",https://polymarket.com/event/fed-decisions-jun-sep
2026-09-11T19:40:59.630299+00:00,https://polymarket.com/event/fed-decision-in-september-762,Fed Decision in September?,fed,4.18,0.0,0.0,0,25 bps increase,84.53,0.805,secondary:No change=9.3%; hedge:50+ bps decrease=0.3%; hedge:25 bps decrease=1.9%; hedge:50+ bps increase=4.0%,"no independent sources available — sized at floor, using market-implied favorite (fed API/.env؟)",https://polymarket.com/event/fed-decision-in-september-762
2026-09-11T19:40:59.630382+00:00,https://polymarket.com/event/how-many-dissent-at-the-september-fed-meeting,How many dissent at the September Fed meeting?,fed,4.846,0.0,0.0,0,0,35.0,0.28,secondary:1=10.8%; secondary:4+=10.3%; secondary:3=9.8%; secondary:2=34.2%,"no independent sources available — sized at floor, using market-implied favorite (fed API/.env؟)",https://polymarket.com/event/how-many-dissent-at-the-september-fed-meeting
2026-09-11T19:40:59.630453+00:00,https://polymarket.com/event/bank-of-england-decision-in-september-20260623013317237,Bank of England decision in September?,boe,6.179,0.0,0.0,0,No change,100.0,0.9585,,"no independent sources available — sized at floor, using market-implied favorite (boe API/.env؟)",https://polymarket.com/event/bank-of-england-decision-in-september-20260623013317237
2026-09-11T19:40:59.630505+00:00,https://polymarket.com/event/bank-of-japan-decision-in-september-20260616002734979,Bank of Japan Decision in September?,central_banks_other,6.846,0.0,0.0,0,25 bps increase,100.0,0.983,,"no independent sources available — sized at floor, using market-implied favorite (central_banks_other API/.env؟)",https://polymarket.com/event/bank-of-japan-decision-in-september-20260616002734979
2026-09-12T19:18:45.322872+00:00,https://polymarket.com/event/okinawa-governor-election-winner-2026,Okinawa Governor Election Winner,elections,1.195,0.0,0.0,0,Genta Koja,82.95,0.79,secondary:Denny Tamaki=10.2%; hedge:Mikio Shimoji=0.8%; hedge:Takashi Higa=2.6%; hedge:Chosuke Yara=0.8%; hedge:Shun Kaneshima=1.7%; hedge:Masahiro Sueyoshi=0.8%,"no independent sources available — sized at floor, using market-implied favorite (RACE_PAGE_MAP در sources/polls.py تنظیم نشده است.)",https://polymarket.com/event/okinawa-governor-election-winner-2026
2026-09-12T19:18:45.323141+00:00,https://polymarket.com/event/pro-football-jets-week-1-starting-qb,Pro Football: Jets Week 1 Starting QB,boe,1.195,0.0,0.0,0,Bailey Zappe,35.0,0.0015,,"no independent sources available — sized at floor, using market-implied favorite (boe API/.env؟)",https://polymarket.com/event/pro-football-jets-week-1-starting-qb
2026-09-12T19:18:45.323303+00:00,https://polymarket.com/event/delaware-democratic-senate-primary-winner,Delaware Democratic Senate Primary Winner,elections,2.195,0.0,0.0,0,Chris Coons,100.0,0.996,,"no independent sources available — sized at floor, using market-implied favorite (RACE_PAGE_MAP در sources/polls.py تنظیم نشده است.)",https://polymarket.com/event/delaware-democratic-senate-primary-winner
2026-09-12T19:18:45.323525+00:00,https://polymarket.com/event/delaware-republican-senate-primary-winner,Delaware Republican Senate Primary Winner,elections,2.195,0.0,0.0,0,Michael Katz,91.88,0.875,hedge:John Shulli=8.1%,"no independent sources available — sized at floor, using market-implied favorite (RACE_PAGE_MAP در sources/polls.py تنظیم نشده است.)",https://polymarket.com/event/delaware-republican-senate-primary-winner
2026-09-12T19:18:45.323764+00:00,https://polymarket.com/event/fed-decisions-jun-sep,Fed decisions (Jun-Sep),fed,3.195,0.0,0.0,0,Other,85.05,0.81,secondary:Pause–Pause–Pause=9.0%; hedge:Pause–Pause–Cut=6.0%,"no independent sources available — sized at floor, using market-implied favorite (fed API/.env؟)",https://polymarket.com/event/fed-decisions-jun-sep
2026-09-12T19:18:45.323914+00:00,https://polymarket.com/event/fed-decision-in-september-762,Fed Decision in September?,fed,3.195,0.0,0.0,0,25 bps increase,83.48,0.795,secondary:No change=9.9%; hedge:50+ bps decrease=0.3%; hedge:25 bps decrease=2.4%; hedge:50+ bps increase=3.8%,"no independent sources available — sized at floor, using market-implied favorite (fed API/.env؟)",https://polymarket.com/event/fed-decision-in-september-762
2026-09-12T19:18:45.324041+00:00,https://polymarket.com/event/how-many-dissent-at-the-september-fed-meeting,How many dissent at the September Fed meeting?,fed,3.861,0.0,0.0,0,0,35.0,0.275,secondary:1=12.7%; secondary:3=10.1%; secondary:2=8.3%; secondary:4+=34.0%,"no independent sources available — sized at floor, using market-implied favorite (fed API/.env؟)",https://polymarket.com/event/how-many-dissent-at-the-september-fed-meeting
2026-09-12T19:18:45.324170+00:00,https://polymarket.com/event/bank-of-england-decision-in-september-20260623013317237,Bank of England decision in September?,boe,5.195,0.0,0.0,0,No change,100.0,0.968,,"no independent sources available — sized at floor, using market-implied favorite (boe API/.env؟)",https://polymarket.com/event/bank-of-england-decision-in-september-20260623013317237
2026-09-12T19:18:45.324268+00:00,https://polymarket.com/event/bank-of-japan-decision-in-september-20260616002734979,Bank of Japan Decision in September?,central_banks_other,5.861,0.0,0.0,0,25 bps increase,100.0,0.9815,,"no independent sources available — sized at floor, using market-implied favorite (central_banks_other API/.env؟)",https://polymarket.com/event/bank-of-japan-decision-in-september-20260616002734979
2026-09-13T19:27:03.975500+00:00,https://polymarket.com/event/pro-football-jets-week-1-starting-qb,Pro Football: Jets Week 1 Starting QB,boe,0.19,0.0,0.0,0,Bailey Zappe,35.0,0.0015,,"no independent sources available — sized at floor, using market-implied favorite (boe API/.env؟)",https://polymarket.com/event/pro-football-jets-week-1-starting-qb
2026-09-13T19:27:03.975763+00:00,https://polymarket.com/event/delaware-democratic-senate-primary-winner,Delaware Democratic Senate Primary Winner,elections,1.19,0.0,0.0,0,Chris Coons,100.0,0.9965,,"no independent sources available — sized at floor, using market-implied favorite (RACE_PAGE_MAP در sources/polls.py تنظیم نشده است.)",https://polymarket.com/event/delaware-democratic-senate-primary-winner
2026-09-13T19:27:03.975936+00:00,https://polymarket.com/event/delaware-republican-senate-primary-winner,Delaware Republican Senate Primary Winner,elections,1.19,0.0,0.0,0,Michael Katz,85.58,0.815,hedge:John Shulli=14.4%,"no independent sources available — sized at floor, using market-implied favorite (RACE_PAGE_MAP در sources/polls.py تنظیم نشده است.)",https://polymarket.com/event/delaware-republican-senate-primary-winner
2026-09-13T19:27:03.976074+00:00,https://polymarket.com/event/fed-decisions-jun-sep,Fed decisions (Jun-Sep),fed,2.19,0.0,0.0,0,Other,81.9,0.78,secondary:Pause–Pause–Pause=10.9%; hedge:Pause–Pause–Cut=7.2%,"no independent sources available — sized at floor, using market-implied favorite (fed API/.env؟)",https://polymarket.com/event/fed-decisions-jun-sep
2026-09-13T19:27:03.976202+00:00,https://polymarket.com/event/fed-decision-in-september-762,Fed Decision in September?,fed,2.19,0.0,0.0,0,25 bps increase,81.38,0.775,secondary:No change=11.2%; hedge:50+ bps decrease=0.3%; hedge:25 bps decrease=2.5%; hedge:50+ bps increase=4.6%,"no independent sources available — sized at floor, using market-implied favorite (fed API/.env؟)",https://polymarket.com/event/fed-decision-in-september-762
2026-09-13T19:27:03.976310+00:00,https://polymarket.com/event/how-many-dissent-at-the-september-fed-meeting,How many dissent at the September Fed meeting?,fed,2.856,0.0,0.0,0,0,35.18,0.335,secondary:2=14.5%; secondary:1=13.3%; secondary:3=11.2%; hedge:4+=25.9%,"no independent sources available — sized at floor, using market-implied favorite (fed API/.env؟)",https://polymarket.com/event/how-many-dissent-at-the-september-fed-meeting
2026-09-13T19:27:03.976445+00:00,https://polymarket.com/event/bank-of-england-decision-in-september-20260623013317237,Bank of England decision in September?,boe,4.189,0.0,0.0,0,No change,99.44,0.947,hedge:50+ bps decrease=0.0%; hedge:25 bps decrease=0.0%; hedge:25 bps increase=0.2%; hedge:50+ bps increase=0.0%,"no independent sources available — sized at floor, using market-implied favorite (boe API/.env؟)",https://polymarket.com/event/bank-of-england-decision-in-september-20260623013317237
2026-09-13T19:27:03.976562+00:00,https://polymarket.com/event/bank-of-japan-decision-in-september-20260616002734979,Bank of Japan Decision in September?,central_banks_other,4.856,0.0,0.0,0,25 bps increase,100.0,0.9845,,"no independent sources available — sized at floor, using market-implied favorite (central_banks_other API/.env؟)",https://polymarket.com/event/bank-of-japan-decision-in-september-20260616002734979
2026-09-14T20:56:33.118748+00:00,https://polymarket.com/event/delaware-democratic-senate-primary-winner,Delaware Democratic Senate Primary Winner,elections,0.127,0.0,0.0,0,Chris Coons,100.0,0.997,,"no independent sources available — sized at floor, using market-implied favorite (RACE_PAGE_MAP در sources/polls.py تنظیم نشده است.)",https://polymarket.com/event/delaware-democratic-senate-primary-winner
2026-09-14T20:56:33.119037+00:00,https://polymarket.com/event/delaware-republican-senate-primary-winner,Delaware Republican Senate Primary Winner,elections,0.127,0.0,0.0,0,Michael Katz,92.4,0.88,hedge:John Shulli=7.6%,"no independent sources available — sized at floor, using market-implied favorite (RACE_PAGE_MAP در sources/polls.py تنظیم نشده است.)",https://polymarket.com/event/delaware-republican-senate-primary-winner
2026-09-14T20:56:33.119226+00:00,https://polymarket.com/event/fed-decisions-jun-sep,Fed decisions (Jun-Sep),fed,1.127,0.0,0.0,0,Other,91.35,0.87,secondary:Pause–Pause–Pause=5.2%; hedge:Pause–Pause–Cut=3.5%,"no independent sources available — sized at floor, using market-implied favorite (fed API/.env؟)",https://polymarket.com/event/fed-decisions-jun-sep
2026-09-14T20:56:33.119380+00:00,https://polymarket.com/event/fed-decision-in-september-762,Fed Decision in September?,fed,1.127,0.0,0.0,0,25 bps increase,90.83,0.865,secondary:No change=5.5%; hedge:50+ bps decrease=0.2%; hedge:25 bps decrease=0.5%; hedge:50+ bps increase=3.0%,"no independent sources available — sized at floor, using market-implied favorite (fed API/.env؟)",https://polymarket.com/event/fed-decision-in-september-762
2026-09-14T20:56:33.119513+00:00,https://polymarket.com/event/how-many-dissent-at-the-september-fed-meeting,How many dissent at the September Fed meeting?,fed,1.793,0.0,0.0,0,0,36.22,0.345,secondary:1=17.1%; secondary:2=14.4%; secondary:3=6.7%; hedge:4+=25.5%,"no independent sources available — sized at floor, using market-implied favorite (fed API/.env؟)",https://polymarket.com/event/how-many-dissent-at-the-september-fed-meeting
2026-09-14T20:56:33.119637+00:00,https://polymarket.com/event/bank-of-england-decision-in-september-20260623013317237,Bank of England decision in September?,boe,3.127,0.0,0.0,0,No change,99.49,0.9475,hedge:50+ bps decrease=0.0%; hedge:25 bps decrease=0.0%; hedge:25 bps increase=0.2%; hedge:50+ bps increase=0.0%,"no independent sources available — sized at floor, using market-implied favorite (boe API/.env؟)",https://polymarket.com/event/bank-of-england-decision-in-september-20260623013317237
2026-09-14T20:56:33.119738+00:00,https://polymarket.com/event/bank-of-japan-decision-in-september-20260616002734979,Bank of Japan Decision in September?,central_banks_other,3.793,0.0,0.0,0,25 bps increase,100.0,0.9725,,"no independent sources available — sized at floor, using market-implied favorite (central_banks_other API/.env؟)",https://polymarket.com/event/bank-of-japan-decision-in-september-20260616002734979
2026-09-15T20:14:14.413095+00:00,https://polymarket.com/event/fed-decisions-jun-sep,Fed decisions (Jun-Sep),fed,0.157,0.0,0.0,0,Other,95.55,0.91,hedge:Pause–Pause–Pause=1.7%; hedge:Pause–Pause–Cut=0.1%,"no independent sources available — sized at floor, using market-implied favorite (fed API/.env؟)",https://polymarket.com/event/fed-decisions-jun-sep
2026-09-15T20:14:14.413298+00:00,https://polymarket.com/event/fed-decision-in-september-762,Fed Decision in September?,fed,0.157,0.0,0.0,0,25 bps increase,93.98,0.895,secondary:No change=3.6%; hedge:50+ bps decrease=0.1%; hedge:25 bps decrease=0.3%; hedge:50+ bps increase=2.0%,"no independent sources available — sized at floor, using market-implied favorite (fed API/.env؟)",https://polymarket.com/event/fed-decision-in-september-762
2026-09-15T20:14:14.413399+00:00,https://polymarket.com/event/how-many-dissent-at-the-september-fed-meeting,How many dissent at the September Fed meeting?,fed,0.823,0.0,0.0,0,0,37.27,0.355,secondary:2=15.6%; secondary:1=14.7%; secondary:3=7.3%; hedge:4+=25.1%,"no independent sources available — sized at floor, using market-implied favorite (fed API/.env؟)",https://polymarket.com/event/how-many-dissent-at-the-september-fed-meeting
2026-09-15T20:14:14.413466+00:00,https://polymarket.com/event/bank-of-england-decision-in-september-20260623013317237,Bank of England decision in September?,boe,2.156,0.0,0.0,0,No change,96.29,0.917,hedge:50+ bps decrease=0.1%; hedge:25 bps decrease=0.1%; hedge:25 bps increase=1.4%; hedge:50+ bps increase=0.0%,"no independent sources available — sized at floor, using market-implied favorite (boe API/.env؟)",https://polymarket.com/event/bank-of-england-decision-in-september-20260623013317237
2026-09-15T20:14:14.413512+00:00,https://polymarket.com/event/bank-of-japan-decision-in-september-20260616002734979,Bank of Japan Decision in September?,central_banks_other,2.823,0.0,0.0,0,25 bps increase,100.0,0.9815,,"no independent sources available — sized at floor, using market-implied favorite (central_banks_other API/.env؟)",https://polymarket.com/event/bank-of-japan-decision-in-september-20260616002734979
2026-09-16T20:06:23.679144+00:00,https://polymarket.com/event/bank-of-england-decision-in-september-20260623013317237,Bank of England decision in September?,boe,1.162,0.0,0.0,0,No change,97.76,0.931,hedge:50+ bps decrease=0.1%; hedge:25 bps decrease=0.0%; hedge:25 bps increase=0.8%; hedge:50+ bps increase=0.0%,"no independent sources available — sized at floor, using market-implied favorite (boe API/.env؟)",https://polymarket.com/event/bank-of-england-decision-in-september-20260623013317237
2026-09-16T20:06:23.679369+00:00,https://polymarket.com/event/bank-of-japan-decision-in-september-20260616002734979,Bank of Japan Decision in September?,central_banks_other,1.828,0.0,0.0,0,25 bps increase,100.0,0.984,,"no independent sources available — sized at floor, using market-implied favorite (central_banks_other API/.env؟)",https://polymarket.com/event/bank-of-japan-decision-in-september-20260616002734979
2026-09-17T20:19:30.737904+00:00,https://polymarket.com/event/bank-of-japan-decision-in-september-20260616002734979,Bank of Japan Decision in September?,central_banks_other,0.819,0.0,0.0,0,25 bps increase,100.0,0.9975,,"no independent sources available — sized at floor, using market-implied favorite (central_banks_other API/.env؟)",https://polymarket.com/event/bank-of-japan-decision-in-september-20260616002734979
2026-09-17T20:19:30.738225+00:00,https://polymarket.com/event/south-african-reserve-bank-decision-in-september-20260723230203732,South African Reserve Bank Decision in September?,central_banks_other,6.152,0.0,0.0,0,Increase,86.1,0.82,secondary:Decrease=8.3%; hedge:No Change=5.6%,"no independent sources available — sized at floor, using market-implied favorite (central_banks_other API/.env؟)",https://polymarket.com/event/south-african-reserve-bank-decision-in-september-20260723230203732
2026-09-18T19:34:48.751549+00:00,https://polymarket.com/event/south-african-reserve-bank-decision-in-september-20260723230203732,South African Reserve Bank Decision in September?,central_banks_other,5.183,0.0,0.0,0,Increase,93.45,0.89,secondary:No Change=3.9%; hedge:Decrease=2.6%,"no independent sources available — sized at floor, using market-implied favorite (central_banks_other API/.env؟)",https://polymarket.com/event/south-african-reserve-bank-decision-in-september-20260723230203732
2026-09-18T19:34:48.751772+00:00,https://polymarket.com/event/bank-of-mexico-decision-in-september-20260623015231258,Bank of Mexico Decision in September?,central_banks_other,6.183,0.0,0.0,0,No change,100.0,0.9685,,"no independent sources available — sized at floor, using market-implied favorite (central_banks_other API/.env؟)",https://polymarket.com/event/bank-of-mexico-decision-in-september-20260623015231258
2026-09-19T19:18:44.736444+00:00,https://polymarket.com/event/south-african-reserve-bank-decision-in-september-20260723230203732,South African Reserve Bank Decision in September?,central_banks_other,4.195,0.0,0.0,0,Increase,94.5,0.9,hedge:Decrease=0.3%; hedge:No Change=1.9%,"no independent sources available — sized at floor, using market-implied favorite (central_banks_other API/.env؟)",https://polymarket.com/event/south-african-reserve-bank-decision-in-september-20260723230203732
2026-09-19T19:18:44.736711+00:00,https://polymarket.com/event/bank-of-mexico-decision-in-september-20260623015231258,Bank of Mexico Decision in September?,central_banks_other,5.195,0.0,0.0,0,No change,100.0,0.9725,,"no independent sources available — sized at floor, using market-implied favorite (central_banks_other API/.env؟)",https://polymarket.com/event/bank-of-mexico-decision-in-september-20260623015231258
2026-09-20T19:26:38.556321+00:00,https://polymarket.com/event/south-african-reserve-bank-decision-in-september-20260723230203732,South African Reserve Bank Decision in September?,central_banks_other,3.189,0.0,0.0,0,Increase,96.08,0.915,hedge:Decrease=0.2%; hedge:No Change=1.3%,"no independent sources available — sized at floor, using market-implied favorite (central_banks_other API/.env؟)",https://polymarket.com/event/south-african-reserve-bank-decision-in-september-20260723230203732
2026-09-20T19:26:38.556567+00:00,https://polymarket.com/event/bank-of-mexico-decision-in-september-20260623015231258,Bank of Mexico Decision in September?,central_banks_other,4.189,0.0,0.0,0,No change,100.0,0.9755,,"no independent sources available — sized at floor, using market-implied favorite (central_banks_other API/.env؟)",https://polymarket.com/event/bank-of-mexico-decision-in-september-20260623015231258
2026-09-21T21:02:48.342024+00:00,https://polymarket.com/event/south-african-reserve-bank-decision-in-september-20260723230203732,South African Reserve Bank Decision in September?,central_banks_other,2.122,0.0,0.0,0,Increase,99.75,0.95,hedge:Decrease=0.0%; hedge:No Change=0.1%,"no independent sources available — sized at floor, using market-implied favorite (central_banks_other API/.env؟)",https://polymarket.com/event/south-african-reserve-bank-decision-in-september-20260723230203732
2026-09-21T21:02:48.342280+00:00,https://polymarket.com/event/bank-of-mexico-decision-in-september-20260623015231258,Bank of Mexico Decision in September?,central_banks_other,3.122,0.0,0.0,0,No change,100.0,0.985,,"no independent sources available — sized at floor, using market-implied favorite (central_banks_other API/.env؟)",https://polymarket.com/event/bank-of-mexico-decision-in-september-20260623015231258
2026-09-22T20:11:34.555208+00:00,https://polymarket.com/event/kbh-quarterly-earnings-gaap-eps-09-22-2026-0pt90,Will KB Home (KBH) beat quarterly earnings?,stocks,0.034,0.0,0.0,0,Will KB Home (KBH) beat quarterly earnings?,84.0,0.8,,"no independent sources available — sized at floor, using market-implied favorite (stocks API/.env؟)",https://polymarket.com/event/kbh-quarterly-earnings-gaap-eps-09-22-2026-0pt90
2026-09-22T20:11:34.555493+00:00,https://polymarket.com/event/ctas-quarterly-earnings-gaap-eps-09-23-2026-1pt37,Will Cintas (CTAS) beat quarterly earnings?,stocks,0.7,0.0,0.0,0,Will Cintas (CTAS) beat quarterly earnings?,50.4,0.48,,"no independent sources available — sized at floor, using market-implied favorite (stocks API/.env؟)",https://polymarket.com/event/ctas-quarterly-earnings-gaap-eps-09-23-2026-1pt37
2026-09-22T20:11:34.555711+00:00,https://polymarket.com/event/payx-quarterly-earnings-nongaap-eps-09-23-2026-1pt35,Will Paychex (PAYX) beat quarterly earnings?,stocks,0.7,0.0,0.0,0,Will Paychex (PAYX) beat quarterly earnings?,47.78,0.455,,"no independent sources available — sized at floor, using market-implied favorite (stocks API/.env؟)",https://polymarket.com/event/payx-quarterly-earnings-nongaap-eps-09-23-2026-1pt35
2026-09-22T20:11:34.555839+00:00,https://polymarket.com/event/south-african-reserve-bank-decision-in-september-20260723230203732,South African Reserve Bank Decision in September?,central_banks_other,1.158,0.0,0.0,0,Increase,99.75,0.95,hedge:Decrease=0.0%; hedge:No Change=0.1%,"no independent sources available — sized at floor, using market-implied favorite (central_banks_other API/.env؟)",https://polymarket.com/event/south-african-reserve-bank-decision-in-september-20260723230203732
2026-09-22T20:11:34.556074+00:00,https://polymarket.com/event/cost-quarterly-earnings-gaap-eps-09-24-2026-6pt69,Will Costco (COST) beat quarterly earnings?,stocks,2.034,0.0,0.0,0,Will Costco (COST) beat quarterly earnings?,74.55,0.71,,"no independent sources available — sized at floor, using market-implied favorite (stocks API/.env؟)",https://polymarket.com/event/cost-quarterly-earnings-gaap-eps-09-24-2026-6pt69
2026-09-22T20:11:34.556187+00:00,https://polymarket.com/event/bank-of-mexico-decision-in-september-20260623015231258,Bank of Mexico Decision in September?,central_banks_other,2.158,0.0,0.0,0,No change,100.0,0.9905,,"no independent sources available — sized at floor, using market-implied favorite (central_banks_other API/.env؟)",https://polymarket.com/event/bank-of-mexico-decision-in-september-20260623015231258
2026-09-22T20:11:34.556282+00:00,https://polymarket.com/event/reserve-bank-of-australia-decision-in-september-20260729163823944,Reserve Bank of Australia Decision in September,central_banks_other,6.159,0.0,0.0,0,25 bps increase,100.0,0.96,,"no independent sources available — sized at floor, using market-implied favorite (central_banks_other API/.env؟)",https://polymarket.com/event/reserve-bank-of-australia-decision-in-september-20260729163823944
2026-09-22T20:11:34.556450+00:00,https://polymarket.com/event/canada-gdp-july-2026-mom,Canada GDP: July 2026 (MoM),gdp,6.679,0.0,0.0,0,0.0 to 0.1%,59.32,0.565,secondary:<0.0%=24.4%; hedge:0.2 to 0.3%=9.4%; hedge:0.4 to 0.5%=2.8%; hedge:0.6 to 0.7%=0.7%; hedge:0.8%+=3.3%,"no independent sources available — sized at floor, using market-implied favorite (gdp API/.env؟)",https://polymarket.com/event/canada-gdp-july-2026-mom
2026-09-23T20:19:54.391373+00:00,https://polymarket.com/event/swiss-national-bank-decision-in-september,Swiss National Bank decision in September?,central_banks_other,0.153,0.0,0.0,0,No Change,100.0,0.9965,,"no independent sources available — sized at floor, using market-implied favorite (central_banks_other API/.env؟)",https://polymarket.com/event/swiss-national-bank-decision-in-september
2026-09-23T20:19:54.392104+00:00,https://polymarket.com/event/cost-quarterly-earnings-gaap-eps-09-24-2026-6pt69,Will Costco (COST) beat quarterly earnings?,stocks,1.028,0.0,0.0,0,Will Costco (COST) beat quarterly earnings?,35.0,0.26,,"no independent sources available — sized at floor, using market-implied favorite (stocks API/.env؟)",https://polymarket.com/event/cost-quarterly-earnings-gaap-eps-09-24-2026-6pt69
2026-09-23T20:19:54.392200+00:00,https://polymarket.com/event/bank-of-mexico-decision-in-september-20260623015231258,Bank of Mexico Decision in September?,central_banks_other,1.152,0.0,0.0,0,No change,100.0,0.9905,,"no independent sources available — sized at floor, using market-implied favorite (central_banks_other API/.env؟)",https://polymarket.com/event/bank-of-mexico-decision-in-september-20260623015231258
2026-09-23T20:19:54.392272+00:00,https://polymarket.com/event/reserve-bank-of-australia-decision-in-september-20260729163823944,Reserve Bank of Australia Decision in September,central_banks_other,5.153,0.0,0.0,0,25 bps increase,100.0,0.9585,,"no independent sources available — sized at floor, using market-implied favorite (central_banks_other API/.env؟)",https://polymarket.com/event/reserve-bank-of-australia-decision-in-september-20260729163823944
2026-09-23T20:19:54.392406+00:00,https://polymarket.com/event/canada-gdp-july-2026-mom,Canada GDP: July 2026 (MoM),gdp,5.674,0.0,0.0,0,0.0 to 0.1%,56.7,0.54,secondary:<0.0%=11.1%; secondary:0.2 to 0.3%=7.6%; secondary:0.4 to 0.5%=7.3%; hedge:0.6 to 0.7%=0.7%; hedge:0.8%+=16.6%,"no independent sources available — sized at floor, using market-implied favorite (gdp API/.env؟)",https://polymarket.com/event/canada-gdp-july-2026-mom
2026-09-23T20:19:54.766637+00:00,https://polymarket.com/event/core-pce-mom-august-2026-20260826182127,Core PCE MoM - August 2026,pce,6.715,100.0,0.34669694614576135,1,0.3%,72.97,0.695,secondary:0.2%=16.2%; hedge:≤-0.1%=0.3%; hedge:0.0%=0.3%; hedge:0.1%=8.7%; hedge:0.4%=1.2%; hedge:0.5%+=0.3%,,https://polymarket.com/event/core-pce-mom-august-2026-20260826182127
2026-09-23T20:19:55.371809+00:00,https://polymarket.com/event/core-pce-yoy-august-2026-20260826182127,Core PCE YoY - August 2026,pce,6.715,100.0,0.0016135608306434568,1,3.4%,52.56,0.345,secondary:3.1%=12.3%; secondary:3.2%=9.4%; secondary:3.3%=6.8%; hedge:≤3.0%=16.9%; hedge:3.5%=1.6%; hedge:3.6%+=0.4%,,https://polymarket.com/event/core-pce-yoy-august-2026-20260826182127
2026-09-23T20:19:55.371992+00:00,https://polymarket.com/event/peoples-bank-of-china-rate-change-by-september-30-20260630000252021,People's Bank of China rate change by September 30?,central_banks_other,6.819,0.0,0.0,0,No Change,100.0,0.992,,"no independent sources available — sized at floor, using market-implied favorite (central_banks_other API/.env؟)",https://polymarket.com/event/peoples-bank-of-china-rate-change-by-september-30-20260630000252021
2026-09-24T20:29:34.031912+00:00,https://polymarket.com/event/bank-of-mexico-decision-in-september-20260623015231258,Bank of Mexico Decision in September?,central_banks_other,0.145,0.0,0.0,0,No change,100.0,0.9995,,"no independent sources available — sized at floor, using market-implied favorite (central_banks_other API/.env؟)",https://polymarket.com/event/bank-of-mexico-decision-in-september-20260623015231258
2026-09-24T20:29:34.032091+00:00,https://polymarket.com/event/reserve-bank-of-australia-decision-in-september-20260729163823944,Reserve Bank of Australia Decision in September,central_banks_other,4.146,0.0,0.0,0,25 bps increase,100.0,0.9705,,"no independent sources available — sized at floor, using market-implied favorite (central_banks_other API/.env؟)",https://polymarket.com/event/reserve-bank-of-australia-decision-in-september-20260729163823944
2026-09-24T20:29:34.449601+00:00,https://polymarket.com/event/core-pce-mom-august-2026-20260826182127,Core PCE MoM - August 2026,pce,5.709,100.0,0.34169694614576135,1,0.3%,72.45,0.69,secondary:0.2%=16.5%; hedge:≤-0.1%=0.3%; hedge:0.0%=0.3%; hedge:0.1%=8.9%; hedge:0.4%=1.2%; hedge:0.5%+=0.3%,,https://polymarket.com/event/core-pce-mom-august-2026-20260826182127
2026-09-24T20:29:34.781581+00:00,https://polymarket.com/event/core-pce-yoy-august-2026-20260826182127,Core PCE YoY - August 2026,pce,5.709,100.0,0.04838643916935659,1,3.4%,54.19,0.395,secondary:3.2%=11.4%; secondary:3.3%=8.4%; secondary:3.1%=7.7%; hedge:≤3.0%=15.5%; hedge:3.5%=1.5%; hedge:3.6%+=1.4%,,https://polymarket.com/event/core-pce-yoy-august-2026-20260826182127
2026-09-24T20:29:34.781762+00:00,https://polymarket.com/event/peoples-bank-of-china-rate-change-by-september-30-20260630000252021,People's Bank of China rate change by September 30?,central_banks_other,5.812,0.0,0.0,0,No Change,100.0,0.9935,,"no independent sources available — sized at floor, using market-implied favorite (central_banks_other API/.env؟)",https://polymarket.com/event/peoples-bank-of-china-rate-change-by-september-30-20260630000252021
2026-09-24T20:29:34.781835+00:00,https://polymarket.com/event/bitcoin-all-time-high-by,Bitcoin all time high by ___?,crypto,6.312,0.0,0.0,0,"September 30, 2026",35.0,0.0045,,"no independent sources available — sized at floor, using market-implied favorite (crypto API/.env؟)",https://polymarket.com/event/bitcoin-all-time-high-by
2026-09-24T20:29:34.781885+00:00,https://polymarket.com/event/ethereum-all-time-high-by,Ethereum all time high by ___?,crypto,6.312,0.0,0.0,0,"September 30, 2026",35.0,0.0015,,"no independent sources available — sized at floor, using market-implied favorite (crypto API/.env؟)",https://polymarket.com/event/ethereum-all-time-high-by
2026-09-24T20:29:34.781981+00:00,https://polymarket.com/event/crude-oil-all-time-high-by,Crude Oil all time high by...?,commodities,6.312,0.0,0.0,0,September 30,35.0,0.0035,,"no independent sources available — sized at floor, using market-implied favorite (commodities API/.env؟)",https://polymarket.com/event/crude-oil-all-time-high-by
2026-09-24T20:29:34.782042+00:00,https://polymarket.com/event/us-announces-cuba-oil-sanction-relief-by-june-30,US announces Cuba oil sanction relief by...?,commodities,6.312,0.0,0.0,0,September 30,35.0,0.25,,"no independent sources available — sized at floor, using market-implied favorite (commodities API/.env؟)",https://polymarket.com/event/us-announces-cuba-oil-sanction-relief-by-june-30
2026-09-24T20:29:34.782233+00:00,https://polymarket.com/event/will-the-senate-pass-another-reconciliation-bill-byptptpt-20260626182134623,Will the Senate pass another reconciliation bill by...?,elections,6.312,0.0,0.0,0,September 30,35.0,0.041,,"no independent sources available — sized at floor, using market-implied favorite (RACE_PAGE_MAP در sources/polls.py تنظیم نشده است.)",https://polymarket.com/event/will-the-senate-pass-another-reconciliation-bill-byptptpt-20260626182134623
2026-09-24T20:29:34.782340+00:00,https://polymarket.com/event/will-the-us-senate-pass-at-least-20-billion-in-supplemental-war-funding-by-september-30-20260626210022880,Will the US Senate pass at least $20 billion in supplemental War Funding by September 30?,elections,6.312,0.0,0.0,0,Will the US Senate pass at least $20 billion in supplemental War Funding by September 30?,35.0,0.102,,"no independent sources available — sized at floor, using market-implied favorite (RACE_PAGE_MAP در sources/polls.py تنظیم نشده است.)",https://polymarket.com/event/will-the-us-senate-pass-at-least-20-billion-in-supplemental-war-funding-by-september-30-20260626210022880
2026-09-24T20:29:34.782423+00:00,https://polymarket.com/event/lisa-cook-officially-out-as-fed-governor-byptptpt-20260807214943167,Lisa Cook officially out as Fed Governor by...?,fed,6.312,0.0,0.0,0,September 30,35.0,0.0015,,"no independent sources available — sized at floor, using market-implied favorite (fed API/.env؟)",https://polymarket.com/event/lisa-cook-officially-out-as-fed-governor-byptptpt-20260807214943167
2026-09-24T20:29:34.782480+00:00,https://polymarket.com/event/us-reissues-iran-oil-sales-sanction-relief-byptptpt-20260708142359046,US reissues Iran oil sales sanction relief by...?,commodities,6.312,0.0,0.0,0,September 30,35.0,0.0495,,"no independent sources available — sized at floor, using market-implied favorite (commodities API/.env؟)",https://polymarket.com/event/us-reissues-iran-oil-sales-sanction-relief-byptptpt-20260708142359046
2026-09-25T20:29:07.318896+00:00,https://polymarket.com/event/reserve-bank-of-australia-decision-in-september-20260729163823944,Reserve Bank of Australia Decision in September,central_banks_other,3.146,0.0,0.0,0,25 bps increase,100.0,0.983,,"no independent sources available — sized at floor, using market-implied favorite (central_banks_other API/.env؟)",https://polymarket.com/event/reserve-bank-of-australia-decision-in-september-20260729163823944
2026-09-25T20:29:07.563992+00:00,https://polymarket.com/event/core-pce-mom-august-2026-20260826182127,Core PCE MoM - August 2026,pce,4.709,100.0,0.34169694614576135,1,0.3%,72.45,0.69,secondary:0.2%=16.5%; hedge:≤-0.1%=0.6%; hedge:0.0%=0.6%; hedge:0.1%=8.0%; hedge:0.4%=1.2%; hedge:0.5%+=0.6%,,https://polymarket.com/event/core-pce-mom-august-2026-20260826182127
2026-09-25T20:29:07.751302+00:00,https://polymarket.com/event/core-pce-yoy-august-2026-20260826182127,Core PCE YoY - August 2026,pce,4.709,100.0,0.03661356083064343,1,3.4%,53.78,0.31,secondary:3.2%=11.3%; secondary:3.3%=9.7%; secondary:3.1%=6.7%; hedge:≤3.0%=16.5%; hedge:3.5%=0.2%; hedge:3.6%+=1.8%,,https://polymarket.com/event/core-pce-yoy-august-2026-20260826182127
2026-09-25T20:29:07.751502+00:00,https://polymarket.com/event/peoples-bank-of-china-rate-change-by-september-30-20260630000252021,People's Bank of China rate change by September 30?,central_banks_other,4.812,0.0,0.0,0,No Change,100.0,0.9975,,"no independent sources available — sized at floor, using market-implied favorite (central_banks_other API/.env؟)",https://polymarket.com/event/peoples-bank-of-china-rate-change-by-september-30-20260630000252021
2026-09-25T20:29:07.751617+00:00,https://polymarket.com/event/bitcoin-all-time-high-by,Bitcoin all time high by ___?,crypto,5.312,0.0,0.0,0,"September 30, 2026",35.0,0.0035,,"no independent sources available — sized at floor, using market-implied favorite (crypto API/.env؟)",https://polymarket.com/event/bitcoin-all-time-high-by
2026-09-25T20:29:07.751716+00:00,https://polymarket.com/event/ethereum-all-time-high-by,Ethereum all time high by ___?,crypto,5.312,0.0,0.0,0,"September 30, 2026",35.0,0.0015,,"no independent sources available — sized at floor, using market-implied favorite (crypto API/.env؟)",https://polymarket.com/event/ethereum-all-time-high-by
2026-09-25T20:29:07.751842+00:00,https://polymarket.com/event/crude-oil-all-time-high-by,Crude Oil all time high by...?,commodities,5.312,0.0,0.0,0,September 30,35.0,0.0035,,"no independent sources available — sized at floor, using market-implied favorite (commodities API/.env؟)",https://polymarket.com/event/crude-oil-all-time-high-by
2026-09-25T20:29:07.751972+00:00,https://polymarket.com/event/us-announces-cuba-oil-sanction-relief-by-june-30,US announces Cuba oil sanction relief by...?,commodities,5.312,0.0,0.0,0,September 30,35.0,0.22,,"no independent sources available — sized at floor, using market-implied favorite (commodities API/.env؟)",https://polymarket.com/event/us-announces-cuba-oil-sanction-relief-by-june-30
2026-09-25T20:29:07.752175+00:00,https://polymarket.com/event/will-the-senate-pass-another-reconciliation-bill-byptptpt-20260626182134623,Will the Senate pass another reconciliation bill by...?,elections,5.312,0.0,0.0,0,September 30,35.0,0.015,,"no independent sources available — sized at floor, using market-implied favorite (RACE_PAGE_MAP در sources/polls.py تنظیم نشده است.)",https://polymarket.com/event/will-the-senate-pass-another-reconciliation-bill-byptptpt-20260626182134623
2026-09-25T20:29:07.752370+00:00,https://polymarket.com/event/will-the-us-senate-pass-at-least-20-billion-in-supplemental-war-funding-by-september-30-20260626210022880,Will the US Senate pass at least $20 billion in supplemental War Funding by September 30?,elections,5.312,0.0,0.0,0,Will the US Senate pass at least $20 billion in supplemental War Funding by September 30?,35.0,0.049,,"no independent sources available — sized at floor, using market-implied favorite (RACE_PAGE_MAP در sources/polls.py تنظیم نشده است.)",https://polymarket.com/event/will-the-us-senate-pass-at-least-20-billion-in-supplemental-war-funding-by-september-30-20260626210022880
2026-09-25T20:29:07.752525+00:00,https://polymarket.com/event/lisa-cook-officially-out-as-fed-governor-byptptpt-20260807214943167,Lisa Cook officially out as Fed Governor by...?,fed,5.312,0.0,0.0,0,September 30,35.0,0.0015,,"no independent sources available — sized at floor, using market-implied favorite (fed API/.env؟)",https://polymarket.com/event/lisa-cook-officially-out-as-fed-governor-byptptpt-20260807214943167
2026-09-25T20:29:07.752670+00:00,https://polymarket.com/event/us-reissues-iran-oil-sales-sanction-relief-byptptpt-20260708142359046,US reissues Iran oil sales sanction relief by...?,commodities,5.312,0.0,0.0,0,September 30,35.0,0.0965,,"no independent sources available — sized at floor, using market-implied favorite (commodities API/.env؟)",https://polymarket.com/event/us-reissues-iran-oil-sales-sanction-relief-byptptpt-20260708142359046
2026-09-26T19:50:15.261061+00:00,https://polymarket.com/event/reserve-bank-of-australia-decision-in-september-20260729163823944,Reserve Bank of Australia Decision in September,central_banks_other,2.173,0.0,0.0,0,25 bps increase,100.0,0.9855,,"no independent sources available — sized at floor, using market-implied favorite (central_banks_other API/.env؟)",https://polymarket.com/event/reserve-bank-of-australia-decision-in-september-20260729163823944
2026-09-26T19:50:15.573562+00:00,https://polymarket.com/event/core-pce-mom-august-2026-20260826182127,Core PCE MoM - August 2026,pce,3.736,100.0,0.34669694614576135,1,0.3%,72.97,0.695,secondary:0.2%=16.2%; hedge:≤-0.1%=0.7%; hedge:0.0%=0.7%; hedge:0.1%=7.4%; hedge:0.4%=1.4%; hedge:0.5%+=0.7%,,https://polymarket.com/event/core-pce-mom-august-2026-20260826182127
2026-09-26T19:50:15.748858+00:00,https://polymarket.com/event/core-pce-yoy-august-2026-20260826182127,Core PCE YoY - August 2026,pce,3.736,100.0,0.019830977453363763,1,3.3%,53.19,0.34,secondary:3.2%=12.3%; secondary:3.4%=10.4%; secondary:3.1%=5.3%; hedge:≤3.0%=16.4%; hedge:3.5%=0.2%; hedge:3.6%+=2.1%,,https://polymarket.com/event/core-pce-yoy-august-2026-20260826182127
2026-09-26T19:50:15.749025+00:00,https://polymarket.com/event/peoples-bank-of-china-rate-change-by-september-30-20260630000252021,People's Bank of China rate change by September 30?,central_banks_other,3.839,0.0,0.0,0,No Change,100.0,0.9985,,"no independent sources available — sized at floor, using market-implied favorite (central_banks_other API/.env؟)",https://polymarket.com/event/peoples-bank-of-china-rate-change-by-september-30-20260630000252021
2026-09-26T19:50:15.749123+00:00,https://polymarket.com/event/bitcoin-all-time-high-by,Bitcoin all time high by ___?,crypto,4.339,0.0,0.0,0,"September 30, 2026",35.0,0.0035,,"no independent sources available — sized at floor, using market-implied favorite (crypto API/.env؟)",https://polymarket.com/event/bitcoin-all-time-high-by
2026-09-26T19:50:15.749192+00:00,https://polymarket.com/event/ethereum-all-time-high-by,Ethereum all time high by ___?,crypto,4.339,0.0,0.0,0,"September 30, 2026",35.0,0.0015,,"no independent sources available — sized at floor, using market-implied favorite (crypto API/.env؟)",https://polymarket.com/event/ethereum-all-time-high-by
2026-09-26T19:50:15.749307+00:00,https://polymarket.com/event/crude-oil-all-time-high-by,Crude Oil all time high by...?,commodities,4.339,0.0,0.0,0,September 30,35.0,0.0025,,"no independent sources available — sized at floor, using market-implied favorite (commodities API/.env؟)",https://polymarket.com/event/crude-oil-all-time-high-by
2026-09-26T19:50:15.749411+00:00,https://polymarket.com/event/us-announces-cuba-oil-sanction-relief-by-june-30,US announces Cuba oil sanction relief by...?,commodities,4.339,0.0,0.0,0,September 30,35.0,0.23,,"no independent sources available — sized at floor, using market-implied favorite (commodities API/.env؟)",https://polymarket.com/event/us-announces-cuba-oil-sanction-relief-by-june-30
2026-09-26T19:50:15.749576+00:00,https://polymarket.com/event/will-the-senate-pass-another-reconciliation-bill-byptptpt-20260626182134623,Will the Senate pass another reconciliation bill by...?,elections,4.339,0.0,0.0,0,September 30,35.0,0.0155,,"no independent sources available — sized at floor, using market-implied favorite (RACE_PAGE_MAP در sources/polls.py تنظیم نشده است.)",https://polymarket.com/event/will-the-senate-pass-another-reconciliation-bill-byptptpt-20260626182134623
2026-09-26T19:50:15.749682+00:00,https://polymarket.com/event/will-the-us-senate-pass-at-least-20-billion-in-supplemental-war-funding-by-september-30-20260626210022880,Will the US Senate pass at least $20 billion in supplemental War Funding by September 30?,elections,4.339,0.0,0.0,0,Will the US Senate pass at least $20 billion in supplemental War Funding by September 30?,35.0,0.0175,,"no independent sources available — sized at floor, using market-implied favorite (RACE_PAGE_MAP در sources/polls.py تنظیم نشده است.)",https://polymarket.com/event/will-the-us-senate-pass-at-least-20-billion-in-supplemental-war-funding-by-september-30-20260626210022880
2026-09-26T19:50:15.749784+00:00,https://polymarket.com/event/lisa-cook-officially-out-as-fed-governor-byptptpt-20260807214943167,Lisa Cook officially out as Fed Governor by...?,fed,4.339,0.0,0.0,0,September 30,35.0,0.0015,,"no independent sources available — sized at floor, using market-implied favorite (fed API/.env؟)",https://polymarket.com/event/lisa-cook-officially-out-as-fed-governor-byptptpt-20260807214943167
2026-09-26T19:50:15.749872+00:00,https://polymarket.com/event/us-reissues-iran-oil-sales-sanction-relief-byptptpt-20260708142359046,US reissues Iran oil sales sanction relief by...?,commodities,4.339,0.0,0.0,0,September 30,35.0,0.0435,,"no independent sources available — sized at floor, using market-implied favorite (commodities API/.env؟)",https://polymarket.com/event/us-reissues-iran-oil-sales-sanction-relief-byptptpt-20260708142359046
2026-09-27T20:08:14.674848+00:00,https://polymarket.com/event/reserve-bank-of-australia-decision-in-september-20260729163823944,Reserve Bank of Australia Decision in September,central_banks_other,1.161,0.0,0.0,0,25 bps increase,100.0,0.9875,,"no independent sources available — sized at floor, using market-implied favorite (central_banks_other API/.env؟)",https://polymarket.com/event/reserve-bank-of-australia-decision-in-september-20260729163823944
2026-09-27T20:08:15.579910+00:00,https://polymarket.com/event/core-pce-mom-august-2026-20260826182127,Core PCE MoM - August 2026,pce,2.723,100.0,0.34669694614576135,1,0.3%,72.97,0.695,secondary:0.2%=16.2%; hedge:≤-0.1%=0.7%; hedge:0.0%=0.7%; hedge:0.1%=7.4%; hedge:0.4%=1.4%; hedge:0.5%+=0.7%,,https://polymarket.com/event/core-pce-mom-august-2026-20260826182127
2026-09-27T20:08:15.798725+00:00,https://polymarket.com/event/core-pce-yoy-august-2026-20260826182127,Core PCE YoY - August 2026,pce,2.723,100.0,0.01161356083064341,1,3.4%,52.91,0.335,secondary:3.3%=12.4%; secondary:3.2%=9.7%; secondary:3.1%=6.2%; hedge:≤3.0%=17.1%; hedge:3.5%=0.2%; hedge:3.6%+=1.6%,,https://polymarket.com/event/core-pce-yoy-august-2026-20260826182127
2026-09-27T20:08:15.798909+00:00,https://polymarket.com/event/peoples-bank-of-china-rate-change-by-september-30-20260630000252021,People's Bank of China rate change by September 30?,central_banks_other,2.827,0.0,0.0,0,No Change,100.0,0.9985,,"no independent sources available — sized at floor, using market-implied favorite (central_banks_other API/.env؟)",https://polymarket.com/event/peoples-bank-of-china-rate-change-by-september-30-20260630000252021
2026-09-27T20:08:15.799059+00:00,https://polymarket.com/event/bitcoin-all-time-high-by,Bitcoin all time high by ___?,crypto,3.327,0.0,0.0,0,"September 30, 2026",35.0,0.0015,,"no independent sources available — sized at floor, using market-implied favorite (crypto API/.env؟)",https://polymarket.com/event/bitcoin-all-time-high-by
2026-09-27T20:08:15.799157+00:00,https://polymarket.com/event/ethereum-all-time-high-by,Ethereum all time high by ___?,crypto,3.327,0.0,0.0,0,"September 30, 2026",35.0,0.0015,,"no independent sources available — sized at floor, using market-implied favorite (crypto API/.env؟)",https://polymarket.com/event/ethereum-all-time-high-by
2026-09-27T20:08:15.799257+00:00,https://polymarket.com/event/crude-oil-all-time-high-by,Crude Oil all time high by...?,commodities,3.327,0.0,0.0,0,September 30,35.0,0.0025,,"no independent sources available — sized at floor, using market-implied favorite (commodities API/.env؟)",https://polymarket.com/event/crude-oil-all-time-high-by
2026-09-27T20:08:15.799369+00:00,https://polymarket.com/event/us-announces-cuba-oil-sanction-relief-by-june-30,US announces Cuba oil sanction relief by...?,commodities,3.327,0.0,0.0,0,September 30,35.0,0.235,,"no independent sources available — sized at floor, using market-implied favorite (commodities API/.env؟)",https://polymarket.com/event/us-announces-cuba-oil-sanction-relief-by-june-30
2026-09-27T20:08:15.799567+00:00,https://polymarket.com/event/will-the-senate-pass-another-reconciliation-bill-byptptpt-20260626182134623,Will the Senate pass another reconciliation bill by...?,elections,3.327,0.0,0.0,0,September 30,35.0,0.014,,"no independent sources available — sized at floor, using market-implied favorite (RACE_PAGE_MAP در sources/polls.py تنظیم نشده است.)",https://polymarket.com/event/will-the-senate-pass-another-reconciliation-bill-byptptpt-20260626182134623
2026-09-27T20:08:15.799794+00:00,https://polymarket.com/event/will-the-us-senate-pass-at-least-20-billion-in-supplemental-war-funding-by-september-30-20260626210022880,Will the US Senate pass at least $20 billion in supplemental War Funding by September 30?,elections,3.327,0.0,0.0,0,Will the US Senate pass at least $20 billion in supplemental War Funding by September 30?,35.0,0.0285,,"no independent sources available — sized at floor, using market-implied favorite (RACE_PAGE_MAP در sources/polls.py تنظیم نشده است.)",https://polymarket.com/event/will-the-us-senate-pass-at-least-20-billion-in-supplemental-war-funding-by-september-30-20260626210022880
2026-09-27T20:08:15.800006+00:00,https://polymarket.com/event/lisa-cook-officially-out-as-fed-governor-byptptpt-20260807214943167,Lisa Cook officially out as Fed Governor by...?,fed,3.327,0.0,0.0,0,September 30,35.0,0.0015,,"no independent sources available — sized at floor, using market-implied favorite (fed API/.env؟)",https://polymarket.com/event/lisa-cook-officially-out-as-fed-governor-byptptpt-20260807214943167
2026-09-27T20:08:15.800155+00:00,https://polymarket.com/event/us-reissues-iran-oil-sales-sanction-relief-byptptpt-20260708142359046,US reissues Iran oil sales sanction relief by...?,commodities,3.327,0.0,0.0,0,September 30,35.0,0.029,,"no independent sources available — sized at floor, using market-implied favorite (commodities API/.env؟)",https://polymarket.com/event/us-reissues-iran-oil-sales-sanction-relief-byptptpt-20260708142359046
2026-09-27T20:08:15.800338+00:00,https://polymarket.com/event/rio-grande-do-sul-governor-election-winner,Rio Grande do Sul Governor Election Winner,elections,6.161,0.0,0.0,0,Luciano Zucco,77.7,0.74,secondary:Juliana Brizola=13.4%; hedge:Marcelo Maranata=0.3%; hedge:Gabriel Souza=8.3%; hedge:Luis Carlos Heinze=0.3%,"no independent sources available — sized at floor, using market-implied favorite (RACE_PAGE_MAP در sources/polls.py تنظیم نشده است.)",https://polymarket.com/event/rio-grande-do-sul-governor-election-winner
2026-09-27T20:08:15.800500+00:00,https://polymarket.com/event/minas-gerais-governor-election-winner,Minas Gerais Governor Election Winner,elections,6.411,0.0,0.0,0,Cleitinho Azevedo,93.08,0.8865,secondary:Patrus Ananias=4.2%; hedge:Flávio Roscoe=0.3%; hedge:Vittorio Medioli=0.3%; hedge:Luís Eduardo Falcão=0.6%; hedge:Euclydes Pettersen=0.6%; hedge:Gleidson Azevedo=0.9%,"no independent sources available — sized at floor, using market-implied favorite (RACE_PAGE_MAP در sources/polls.py تنظیم نشده است.)",https://polymarket.com/event/minas-gerais-governor-election-winner
2026-09-27T20:08:15.800670+00:00,https://polymarket.com/event/alagoas-governor-election-winner,Alagoas Governor Election Winner,elections,6.411,0.0,0.0,0,JHC,80.33,0.765,secondary:Renan Filho=11.8%; hedge:Lenilda Luna=3.9%; hedge:Márcio Jambo=3.9%,"no independent sources available — sized at floor, using market-implied favorite (RACE_PAGE_MAP در sources/polls.py تنظیم نشده است.)",https://polymarket.com/event/alagoas-governor-election-winner
2026-09-27T20:08:15.800820+00:00,https://polymarket.com/event/amazonas-governor-election-winner,Amazonas Governor Election Winner,elections,6.411,0.0,0.0,0,Omar Aziz,56.7,0.54,secondary:Professora Maria do Carmo=16.6%; secondary:Roberto Cidade=9.4%; hedge:Cabo Daciolo=0.6%; hedge:David Almeida=13.6%; hedge:Gilberto Vasconcelos=2.5%; hedge:Isael Munduruku=0.6%,"no independent sources available — sized at floor, using market-implied favorite (RACE_PAGE_MAP در sources/polls.py تنظیم نشده است.)",https://polymarket.com/event/amazonas-governor-election-winner
2026-09-27T20:08:15.801016+00:00,https://polymarket.com/event/amapa-governor-election-winner,Amapá Governor Election Winner,elections,6.411,0.0,0.0,0,Dr. Furlan,59.85,0.57,secondary:Clécio Luís=23.3%; secondary:Marcos Reategui=0.6%; secondary:Jairo Palheta=16.3%,"no independent sources available — sized at floor, using market-implied favorite (RACE_PAGE_MAP در sources/polls.py تنظیم نشده است.)",https://polymarket.com/event/amapa-governor-election-winner
2026-09-27T20:08:15.801239+00:00,https://polymarket.com/event/piaui-governor-election-winner,Piauí Governor Election Winner,elections,6.411,0.0,0.0,0,Rafael Fonteles,100.0,0.9825,,"no independent sources available — sized at floor, using market-implied favorite (RACE_PAGE_MAP در sources/polls.py تنظیم نشده است.)",https://polymarket.com/event/piaui-governor-election-winner
2026-09-27T20:08:15.801457+00:00,https://polymarket.com/event/federal-district-governor-election-winner,Federal District Governor Election Winner,elections,6.411,0.0,0.0,0,Celina Leão,98.18,0.935,hedge:Arruda=0.2%; hedge:Cappelli=0.0%; hedge:Elisson=0.0%; hedge:Expedito Mendonça=0.0%; hedge:Kiko Caputo=0.0%; hedge:Leandro Grass=0.5%; hedge:Paula Belmonte=0.0%; hedge:Professor Robson=0.0%; hedge:Professora Samara Mineiro=0.0%,"no independent sources available — sized at floor, using market-implied favorite (RACE_PAGE_MAP در sources/polls.py تنظیم نشده است.)",https://polymarket.com/event/federal-district-governor-election-winner
2026-09-27T20:08:15.801655+00:00,https://polymarket.com/event/amazonas-senate-election-2nd-place,Amazonas Senate Election: 2nd Place,elections,6.411,0.0,0.0,0,Evandro de Oliveira,35.0,0.0005,,"no independent sources available — sized at floor, using market-implied favorite (RACE_PAGE_MAP در sources/polls.py تنظیم نشده است.)",https://polymarket.com/event/amazonas-senate-election-2nd-place
2026-09-27T20:08:15.801856+00:00,https://polymarket.com/event/goias-senate-election-2nd-place,Goiás Senate Election: 2nd Place,elections,6.411,0.0,0.0,0,Gustavo Gayer,65.1,0.62,secondary:Vanderlan Cardoso=18.8%; secondary:Iure Castro=1.2%; secondary:Oséias Varão=14.9%,"no independent sources available — sized at floor, using market-implied favorite (RACE_PAGE_MAP در sources/polls.py تنظیم نشده است.)",https://polymarket.com/event/goias-senate-election-2nd-place
2026-09-27T20:08:15.802148+00:00,https://polymarket.com/event/minas-gerais-senate-election-2nd-place,Minas Gerais Senate Election: 2nd Place,elections,6.411,0.0,0.0,0,Carlos Viana,35.0,0.33,secondary:Domingos Sávio=18.5%; secondary:Marília Campos=16.2%; secondary:Áurea Carolina=1.7%; secondary:Marco Antônio Superman=1.3%; secondary:Marcelo Aro=0.8%; secondary:Arcanjo Pimenta=0.1%; secondary:Carlin Moura=0.1%; secondary:Fidélis Alcântara=0.1%; secondary:Gustavo Galassi=0.1%; secondary:Jordano Metalúrgico=0.1%; secondary:Juiz Ramon Moreira=0.1%; secondary:Manoel Carvalho=0.1%; secondary:Marcelo Heringer=0.1%; secondary:Tião Pessoa=0.1%; secondary:Victória Mello Vic=26.1%,"no independent sources available — sized at floor, using market-implied favorite (RACE_PAGE_MAP در sources/polls.py تنظیم نشده است.)",https://polymarket.com/event/minas-gerais-senate-election-2nd-place
2026-09-27T20:08:15.802390+00:00,https://polymarket.com/event/pernambuco-senate-election-1st-place,Pernambuco Senate Election: 1st Place,elections,6.411,0.0,0.0,0,Marília Arraes,79.28,0.755,secondary:Mendonça Filho=11.9%; secondary:Paulo Rubem Santiago=0.4%; secondary:Pastor Gilvan Costa=0.1%; secondary:Samuel Timoteo=8.4%,"no independent sources available — sized at floor, using market-implied favorite (RACE_PAGE_MAP در sources/polls.py تنظیم نشده است.)",https://polymarket.com/event/pernambuco-senate-election-1st-place
2026-09-27T20:08:15.802661+00:00,https://polymarket.com/event/rio-de-janeiro-senate-election-1st-place,Rio de Janeiro Senate Election: 1st Place,elections,6.411,0.0,0.0,0,Carlos Jordy,35.0,0.235,secondary:Marcelo Crivella=27.8%; secondary:Carlos Portinho=9.7%; secondary:Helio Secco=0.1%; secondary:Luciano Mattos=0.1%; secondary:Luiz Eugenio=0.1%; secondary:Marcos Dias=0.1%; secondary:Michelly Xavier=0.1%; secondary:Monica Benicio=0.1%; secondary:Ó Clemente=0.1%; secondary:Paula Falcão=0.1%; secondary:Vinicius Benevides=0.1%; secondary:Waguinho=26.1%,"no independent sources available — sized at floor, using market-implied favorite (RACE_PAGE_MAP در sources/polls.py تنظیم نشده است.)",https://polymarket.com/event/rio-de-janeiro-senate-election-1st-place
2026-09-27T20:08:15.802902+00:00,https://polymarket.com/event/rondonia-senate-election-1st-place,Rondônia Senate Election: 1st Place,elections,6.411,0.0,0.0,0,Aires Mota,35.0,0.0025,,"no independent sources available — sized at floor, using market-implied favorite (RACE_PAGE_MAP در sources/polls.py تنظیم نشده است.)",https://polymarket.com/event/rondonia-senate-election-1st-place
2026-09-27T20:08:15.803176+00:00,https://polymarket.com/event/sao-paulo-senate-election-1st-place,São Paulo Senate Election: 1st Place,elections,6.411,0.0,0.0,0,Guilherme Derrite,71.4,0.68,secondary:Simone Tebet=15.5%; secondary:Salles=1.4%; secondary:Soninha Francine=0.1%; secondary:Weller Gonçalves=0.1%; secondary:William Teixeira=11.5%,"no independent sources available — sized at floor, using market-implied favorite (RACE_PAGE_MAP در sources/polls.py تنظیم نشده است.)",https://polymarket.com/event/sao-paulo-senate-election-1st-place
2026-09-27T20:08:15.803386+00:00,https://polymarket.com/event/tocantins-senate-election-1st-place,Tocantins Senate Election: 1st Place,elections,6.411,0.0,0.0,0,Apóstolo Flavio Braga,35.0,0.0005,,"no independent sources available — sized at floor, using market-implied favorite (RACE_PAGE_MAP در sources/polls.py تنظیم نشده است.)",https://polymarket.com/event/tocantins-senate-election-1st-place
2026-09-27T20:08:15.803595+00:00,https://polymarket.com/event/pernambuco-senate-election-2nd-place,Pernambuco Senate Election: 2nd Place,elections,6.411,0.0,0.0,0,Túlio Gadêlha,35.0,0.0285,secondary:Paulo Rubem Santiago=19.5%; secondary:Samuel Timoteo=45.5%,"no independent sources available — sized at floor, using market-implied favorite (RACE_PAGE_MAP در sources/polls.py تنظیم نشده است.)",https://polymarket.com/event/pernambuco-senate-election-2nd-place
2026-09-27T20:08:15.803860+00:00,https://polymarket.com/event/rio-de-janeiro-senate-election-2nd-place,Rio de Janeiro Senate Election: 2nd Place,elections,6.411,0.0,0.0,0,Carlos Jordy,35.0,0.245,secondary:Benedita da Silva=19.4%; secondary:Carlos Portinho=19.0%; secondary:Monica Benicio=0.2%; secondary:André Monteiro=0.1%; secondary:Helio Secco=0.1%; secondary:Luciano Mattos=0.1%; secondary:Marcos Dias=26.1%,"no independent sources available — sized at floor, using market-implied favorite (RACE_PAGE_MAP در sources/polls.py تنظیم نشده است.)",https://polymarket.com/event/rio-de-janeiro-senate-election-2nd-place
2026-09-27T20:08:15.804195+00:00,https://polymarket.com/event/sao-paulo-senate-election-2nd-place,São Paulo Senate Election: 2nd Place,elections,6.411,0.0,0.0,0,Marina Silva,35.0,0.105,secondary:Simone Tebet=24.9%; secondary:Guilherme Derrite=11.8%; secondary:Salles=1.3%; secondary:Dra. Eliana Ferreira=0.1%; secondary:Ednelson Cesaretti=0.1%; secondary:Geraldo Rufino=0.1%; secondary:Maíra de Souza=0.1%; secondary:Marcio Alves=0.1%; secondary:Petter Maahs=0.1%; secondary:Soninha Francine=0.1%; secondary:Weller Gonçalves=26.1%,"no independent sources available — sized at floor, using market-implied favorite (RACE_PAGE_MAP در sources/polls.py تنظیم نشده است.)",https://polymarket.com/event/sao-paulo-senate-election-2nd-place
2026-09-28T22:32:10.494532+00:00,https://polymarket.com/event/reserve-bank-of-australia-decision-in-september-20260729163823944,Reserve Bank of Australia Decision in September,central_banks_other,0.061,0.0,0.0,0,25 bps increase,100.0,0.9905,,"no independent sources available — sized at floor, using market-implied favorite (central_banks_other API/.env؟)",https://polymarket.com/event/reserve-bank-of-australia-decision-in-september-20260729163823944
2026-09-28T22:32:10.494747+00:00,https://polymarket.com/event/peoples-bank-of-china-rate-change-by-september-30-20260630000252021,People's Bank of China rate change by September 30?,central_banks_other,1.727,0.0,0.0,0,No Change,100.0,0.9995,,"no independent sources available — sized at floor, using market-implied favorite (central_banks_other API/.env؟)",https://polymarket.com/event/peoples-bank-of-china-rate-change-by-september-30-20260630000252021
2026-09-28T22:32:10.494903+00:00,https://polymarket.com/event/bitcoin-all-time-high-by,Bitcoin all time high by ___?,crypto,2.227,0.0,0.0,0,"September 30, 2026",35.0,0.0005,,"no independent sources available — sized at floor, using market-implied favorite (crypto API/.env؟)",https://polymarket.com/event/bitcoin-all-time-high-by
2026-09-28T22:32:10.495003+00:00,https://polymarket.com/event/ethereum-all-time-high-by,Ethereum all time high by ___?,crypto,2.227,0.0,0.0,0,"September 30, 2026",35.0,0.0005,,"no independent sources available — sized at floor, using market-implied favorite (crypto API/.env؟)",https://polymarket.com/event/ethereum-all-time-high-by
2026-09-28T22:32:10.495103+00:00,https://polymarket.com/event/crude-oil-all-time-high-by,Crude Oil all time high by...?,commodities,2.227,0.0,0.0,0,September 30,35.0,0.0015,,"no independent sources available — sized at floor, using market-implied favorite (commodities API/.env؟)",https://polymarket.com/event/crude-oil-all-time-high-by
2026-09-28T22:32:10.495204+00:00,https://polymarket.com/event/us-announces-cuba-oil-sanction-relief-by-june-30,US announces Cuba oil sanction relief by...?,commodities,2.227,0.0,0.0,0,September 30,35.0,0.215,,"no independent sources available — sized at floor, using market-implied favorite (commodities API/.env؟)",https://polymarket.com/event/us-announces-cuba-oil-sanction-relief-by-june-30
2026-09-28T22:32:10.495356+00:00,https://polymarket.com/event/will-the-senate-pass-another-reconciliation-bill-byptptpt-20260626182134623,Will the Senate pass another reconciliation bill by...?,elections,2.227,0.0,0.0,0,September 30,35.0,0.014,,"no independent sources available — sized at floor, using market-implied favorite (RACE_PAGE_MAP در sources/polls.py تنظیم نشده است.)",https://polymarket.com/event/will-the-senate-pass-another-reconciliation-bill-byptptpt-20260626182134623
2026-09-28T22:32:10.495580+00:00,https://polymarket.com/event/will-the-us-senate-pass-at-least-20-billion-in-supplemental-war-funding-by-september-30-20260626210022880,Will the US Senate pass at least $20 billion in supplemental War Funding by September 30?,elections,2.227,0.0,0.0,0,Will the US Senate pass at least $20 billion in supplemental War Funding by September 30?,35.0,0.0175,,"no independent sources available — sized at floor, using market-implied favorite (RACE_PAGE_MAP در sources/polls.py تنظیم نشده است.)",https://polymarket.com/event/will-the-us-senate-pass-at-least-20-billion-in-supplemental-war-funding-by-september-30-20260626210022880
2026-09-28T22:32:10.495734+00:00,https://polymarket.com/event/lisa-cook-officially-out-as-fed-governor-byptptpt-20260807214943167,Lisa Cook officially out as Fed Governor by...?,fed,2.227,0.0,0.0,0,September 30,35.0,0.0015,,"no independent sources available — sized at floor, using market-implied favorite (fed API/.env؟)",https://polymarket.com/event/lisa-cook-officially-out-as-fed-governor-byptptpt-20260807214943167
2026-09-28T22:32:10.495936+00:00,https://polymarket.com/event/rio-grande-do-sul-governor-election-winner,Rio Grande do Sul Governor Election Winner,elections,5.061,0.0,0.0,0,Luciano Zucco,79.28,0.755,secondary:Juliana Brizola=12.4%; hedge:Marcelo Maranata=0.3%; hedge:Gabriel Souza=7.7%; hedge:Luis Carlos Heinze=0.3%,"no independent sources available — sized at floor, using market-implied favorite (RACE_PAGE_MAP در sources/polls.py تنظیم نشده است.)",https://polymarket.com/event/rio-grande-do-sul-governor-election-winner
2026-09-28T22:32:10.496187+00:00,https://polymarket.com/event/minas-gerais-governor-election-winner,Minas Gerais Governor Election Winner,elections,5.311,0.0,0.0,0,Cleitinho Azevedo,94.92,0.904,hedge:Patrus Ananias=1.9%; hedge:Flávio Roscoe=0.0%; hedge:Vittorio Medioli=0.0%; hedge:Luís Eduardo Falcão=0.1%; hedge:Euclydes Pettersen=0.0%; hedge:Gleidson Azevedo=0.1%,"no independent sources available — sized at floor, using market-implied favorite (RACE_PAGE_MAP در sources/polls.py تنظیم نشده است.)",https://polymarket.com/event/minas-gerais-governor-election-winner
2026-09-28T22:32:10.496409+00:00,https://polymarket.com/event/alagoas-governor-election-winner,Alagoas Governor Election Winner,elections,5.311,0.0,0.0,0,JHC,77.18,0.735,secondary:Renan Filho=13.7%; hedge:Lenilda Luna=4.6%; hedge:Márcio Jambo=4.6%,"no independent sources available — sized at floor, using market-implied favorite (RACE_PAGE_MAP در sources/polls.py تنظیم نشده است.)",https://polymarket.com/event/alagoas-governor-election-winner
2026-09-28T22:32:10.496644+00:00,https://polymarket.com/event/amazonas-governor-election-winner,Amazonas Governor Election Winner,elections,5.311,0.0,0.0,0,Omar Aziz,58.28,0.555,secondary:Professora Maria do Carmo=15.6%; secondary:Roberto Cidade=9.5%; hedge:Cabo Daciolo=0.7%; hedge:David Almeida=12.3%; hedge:Gilberto Vasconcelos=2.9%; hedge:Isael Munduruku=0.7%,"no independent sources available — sized at floor, using market-implied favorite (RACE_PAGE_MAP در sources/polls.py تنظیم نشده است.)",https://polymarket.com/event/amazonas-governor-election-winner
2026-09-28T22:32:10.496868+00:00,https://polymarket.com/event/amapa-governor-election-winner,Amapá Governor Election Winner,elections,5.311,0.0,0.0,0,Dr. Furlan,83.48,0.795,secondary:Clécio Luís=9.9%; hedge:Jairo Palheta=3.0%; hedge:Marcos Reategui=3.6%,"no independent sources available — sized at floor, using market-implied favorite (RACE_PAGE_MAP در sources/polls.py تنظیم نشده است.)",https://polymarket.com/event/amapa-governor-election-winner
2026-09-28T22:32:10.497067+00:00,https://polymarket.com/event/piaui-governor-election-winner,Piauí Governor Election Winner,elections,5.311,0.0,0.0,0,Rafael Fonteles,100.0,0.983,,"no independent sources available — sized at floor, using market-implied favorite (RACE_PAGE_MAP در sources/polls.py تنظیم نشده است.)",https://polymarket.com/event/piaui-governor-election-winner
2026-09-28T22:32:10.497289+00:00,https://polymarket.com/event/federal-district-governor-election-winner,Federal District Governor Election Winner,elections,5.311,0.0,0.0,0,Celina Leão,97.12,0.925,hedge:Arruda=0.2%; hedge:Cappelli=0.0%; hedge:Elisson=0.1%; hedge:Expedito Mendonça=0.0%; hedge:Kiko Caputo=0.0%; hedge:Leandro Grass=0.8%; hedge:Paula Belmonte=0.0%; hedge:Professor Robson=0.0%; hedge:Professora Samara Mineiro=0.0%,"no independent sources available — sized at floor, using market-implied favorite (RACE_PAGE_MAP در sources/polls.py تنظیم نشده است.)",https://polymarket.com/event/federal-district-governor-election-winner
2026-09-28T22:32:10.497528+00:00,https://polymarket.com/event/amazonas-senate-election-2nd-place,Amazonas Senate Election: 2nd Place,elections,5.311,0.0,0.0,0,Capitão Alberto Neto,70.35,0.67,secondary:Wilson Lima=9.6%; secondary:Eduardo Braga=8.2%; hedge:Evandro de Oliveira=0.1%; hedge:Dailson Corrêa=0.5%; hedge:Ismael Munduruku=0.4%; hedge:Plinio Valério=10.0%; hedge:Professora Evany=0.1%; hedge:Xuxa do Amazonas=0.9%,"no independent sources available — sized at floor, using market-implied favorite (RACE_PAGE_MAP در sources/polls.py تنظیم نشده است.)",https://polymarket.com/event/amazonas-senate-election-2nd-place
2026-09-28T22:32:10.497734+00:00,https://polymarket.com/event/goias-senate-election-2nd-place,Goiás Senate Election: 2nd Place,elections,5.311,0.0,0.0,0,Gustavo Gayer,62.48,0.595,secondary:Vanderlan Cardoso=20.4%; secondary:Iure Castro=1.4%; secondary:Oséias Varão=15.7%,"no independent sources available — sized at floor, using market-implied favorite (RACE_PAGE_MAP در sources/polls.py تنظیم نشده است.)",https://polymarket.com/event/goias-senate-election-2nd-place
2026-09-28T22:32:10.498026+00:00,https://polymarket.com/event/minas-gerais-senate-election-2nd-place,Minas Gerais Senate Election: 2nd Place,elections,5.311,0.0,0.0,0,Domingos Sávio,44.94,0.428,secondary:Carlos Viana=17.2%; secondary:Marília Campos=10.1%; secondary:Marco Antônio Superman=5.8%; hedge:Arcanjo Pimenta=0.5%; hedge:Áurea Carolina=10.0%; hedge:Carlin Moura=0.5%; hedge:Fidélis Alcântara=0.5%; hedge:Gustavo Galassi=0.5%; hedge:Jordano Metalúrgico=0.5%; hedge:Juiz Ramon Moreira=0.5%; hedge:Manoel Carvalho=0.5%; hedge:Marcelo Aro=6.8%; hedge:Marcelo Heringer=0.5%; hedge:Tião Pessoa=0.5%; hedge:Victória Mello Vic=0.5%,"no independent sources available — sized at floor, using market-implied favorite (RACE_PAGE_MAP در sources/polls.py تنظیم نشده است.)",https://polymarket.com/event/minas-gerais-senate-election-2nd-place
2026-09-28T22:32:10.498261+00:00,https://polymarket.com/event/pernambuco-senate-election-1st-place,Pernambuco Senate Election: 1st Place,elections,5.311,0.0,0.0,0,Marília Arraes,79.28,0.755,secondary:Humberto Costa=12.4%; hedge:Mendonça Filho=7.3%; hedge:Pastor Gilvan Costa=0.0%; hedge:Paulo Rubem Santiago=0.2%; hedge:Samuel Timoteo=0.0%; hedge:Carlos Sant'Anna=0.1%; hedge:Gorett Bitu=0.2%; hedge:Mailson da Silva Neto=0.1%; hedge:Mariano Macedo=0.2%,"no independent sources available — sized at floor, using market-implied favorite (RACE_PAGE_MAP در sources/polls.py تنظیم نشده است.)",https://polymarket.com/event/pernambuco-senate-election-1st-place
2026-09-28T22:32:10.498517+00:00,https://polymarket.com/event/rio-de-janeiro-senate-election-1st-place,Rio de Janeiro Senate Election: 1st Place,elections,5.311,0.0,0.0,0,Benedita da Silva,72.45,0.69,secondary:Carlos Jordy=13.2%; secondary:Marcelo Crivella=3.4%; hedge:Carlos Portinho=3.1%; hedge:Helio Secco=0.1%; hedge:Luciano Mattos=0.1%; hedge:Luiz Eugenio=0.1%; hedge:Marcos Dias=0.1%; hedge:Michelly Xavier=0.1%; hedge:Monica Benicio=0.1%; hedge:Ó Clemente=0.1%; hedge:Paula Falcão=0.1%; hedge:Vinicius Benevides=0.1%; hedge:Waguinho=0.1%; hedge:Pedro Paulo=7.0%,"no independent sources available — sized at floor, using market-implied favorite (RACE_PAGE_MAP در sources/polls.py تنظیم نشده است.)",https://polymarket.com/event/rio-de-janeiro-senate-election-1st-place
2026-09-28T22:32:10.498748+00:00,https://polymarket.com/event/rondonia-senate-election-1st-place,Rondônia Senate Election: 1st Place,elections,5.311,0.0,0.0,0,Dr. Fernando Máximo,54.6,0.52,secondary:Sílvia Cristina=20.7%; secondary:Bruno Bolsonaro Scheid=6.6%; hedge:Aires Mota=0.8%; hedge:Acir Gurgacz=3.9%; hedge:Engenheiro Thulio=1.7%; hedge:Luciana Oliveira=0.9%; hedge:Luis Fernando=2.3%; hedge:Mariana Carvalho=7.9%; hedge:Neidinha=0.6%,"no independent sources available — sized at floor, using market-implied favorite (RACE_PAGE_MAP در sources/polls.py تنظیم نشده است.)",https://polymarket.com/event/rondonia-senate-election-1st-place
2026-09-28T22:32:10.498983+00:00,https://polymarket.com/event/sao-paulo-senate-election-1st-place,São Paulo Senate Election: 1st Place,elections,5.311,0.0,0.0,0,Guilherme Derrite,77.18,0.735,secondary:Simone Tebet=11.9%; secondary:Salles=1.5%; secondary:Soninha Francine=0.1%; secondary:Weller Gonçalves=0.1%; secondary:William Teixeira=9.2%,"no independent sources available — sized at floor, using market-implied favorite (RACE_PAGE_MAP در sources/polls.py تنظیم نشده است.)",https://polymarket.com/event/sao-paulo-senate-election-1st-place
2026-09-28T22:32:10.499154+00:00,https://polymarket.com/event/tocantins-senate-election-1st-place,Tocantins Senate Election: 1st Place,elections,5.311,0.0,0.0,0,Apóstolo Flavio Braga,35.0,0.0005,,"no independent sources available — sized at floor, using market-implied favorite (RACE_PAGE_MAP در sources/polls.py تنظیم نشده است.)",https://polymarket.com/event/tocantins-senate-election-1st-place
2026-09-28T22:32:10.499410+00:00,https://polymarket.com/event/pernambuco-senate-election-2nd-place,Pernambuco Senate Election: 2nd Place,elections,5.311,0.0,0.0,0,Humberto Costa,53.55,0.51,secondary:Mendonça Filho=17.4%; secondary:Marília Arraes=10.4%; hedge:Paulo Rubem Santiago=0.1%; hedge:Samuel Timoteo=0.1%; hedge:Túlio Gadêlha=7.1%; hedge:Carlos Sant'Anna=0.1%; hedge:Eduardo da Fonte=10.5%; hedge:Gorett Bitu=0.1%; hedge:Mailson da Silva Neto=0.1%; hedge:Mariano Macedo=0.1%; hedge:Pastor Gilvan Costa=0.3%,"no independent sources available — sized at floor, using market-implied favorite (RACE_PAGE_MAP در sources/polls.py تنظیم نشده است.)",https://polymarket.com/event/pernambuco-senate-election-2nd-place
2026-09-28T22:32:10.499668+00:00,https://polymarket.com/event/rio-de-janeiro-senate-election-2nd-place,Rio de Janeiro Senate Election: 2nd Place,elections,5.311,0.0,0.0,0,Carlos Jordy,48.3,0.46,secondary:Carlos Portinho=19.0%; secondary:Benedita da Silva=11.4%; secondary:Monica Benicio=0.1%; secondary:Waguinho=0.1%; secondary:André Monteiro=0.0%; secondary:Helio Secco=0.0%; secondary:Luciano Mattos=0.0%; secondary:Marcos Dias=0.0%; secondary:Luiz Eugenio=0.0%; secondary:Michelly Xavier=0.0%; secondary:Ó Clemente=0.0%; secondary:Paula Falcão=0.0%; secondary:Vinicius Benevides=20.7%,"no independent sources available — sized at floor, using market-implied favorite (RACE_PAGE_MAP در sources/polls.py تنظیم نشده است.)",https://polymarket.com/event/rio-de-janeiro-senate-election-2nd-place
2026-09-28T22:32:10.499937+00:00,https://polymarket.com/event/sao-paulo-senate-election-2nd-place,São Paulo Senate Election: 2nd Place,elections,5.311,0.0,0.0,0,André do Prado,66.15,0.63,secondary:Guilherme Derrite=10.3%; secondary:Marina Silva=5.0%; secondary:Simone Tebet=5.0%; hedge:Dra. Eliana Ferreira=1.5%; hedge:Ednelson Cesaretti=1.5%; hedge:Geraldo Rufino=1.5%; hedge:Maíra de Souza=1.5%; hedge:Marcio Alves=1.5%; hedge:Petter Maahs=1.5%; hedge:Salles=1.5%; hedge:Soninha Francine=1.5%; hedge:Weller Gonçalves=1.5%,"no independent sources available — sized at floor, using market-implied favorite (RACE_PAGE_MAP در sources/polls.py تنظیم نشده است.)",https://polymarket.com/event/sao-paulo-senate-election-2nd-place
2026-09-28T22:32:10.500159+00:00,https://polymarket.com/event/parana-governor-election-winner-20260608205118343,Paraná Governor Election Winner,elections,6.227,0.0,0.0,0,Sergio Moro,86.62,0.825,secondary:Requião Filho=7.2%; secondary:Rafael Greca=0.1%; secondary:Guto Silva=0.1%; secondary:Beto Richa=0.1%; secondary:Enio Verri=0.1%; secondary:Luiz França=5.5%,"no independent sources available — sized at floor, using market-implied favorite (RACE_PAGE_MAP در sources/polls.py تنظیم نشده است.)",https://polymarket.com/event/parana-governor-election-winner-20260608205118343
2026-09-28T22:32:10.500431+00:00,https://polymarket.com/event/rio-de-janeiro-governor-election-winner-20260608202949176,Rio de Janeiro Governor Election Winner,elections,6.227,0.0,0.0,0,Eduardo Paes,90.3,0.86,secondary:Douglas Ruas=5.8%; hedge:Dr. Luizinho=0.2%; hedge:Eduardo Pazuello=0.2%; hedge:Tarcísio Motta=0.2%; hedge:Anthony Garotinho=0.2%; hedge:Wilson Witzel=0.2%; hedge:André Português=0.2%; hedge:Lindbergh Farias=0.2%; hedge:Felipe Curi=0.2%; hedge:Nicola Miccione=0.2%; hedge:André Ceciliano=0.2%; hedge:Chico Machado=0.2%; hedge:Fred Pacheco=0.2%; hedge:Rafa Luz=0.7%; hedge:Colonel Busnello=0.2%,"no independent sources available — sized at floor, using market-implied favorite (RACE_PAGE_MAP در sources/polls.py تنظیم نشده است.)",https://polymarket.com/event/rio-de-janeiro-governor-election-winner-20260608202949176
2026-09-28T22:32:10.500651+00:00,https://polymarket.com/event/acre-senate-election-1st-place,Acre Senate Election: 1st Place,elections,6.227,0.0,0.0,0,Marcio Bittar,39.9,0.38,secondary:Mara Rocha=22.1%; secondary:Gladson Camelí=13.9%; hedge:Dr. Junior Feitosa=0.2%; hedge:Eduardo Velloso=0.2%; hedge:Jorge Viana=23.2%; hedge:Petecão=0.2%; hedge:Professor Inacio Moreira=0.2%,"no independent sources available — sized at floor, using market-implied favorite (RACE_PAGE_MAP در sources/polls.py تنظیم نشده است.)",https://polymarket.com/event/acre-senate-election-1st-place
2026-09-28T22:32:10.500892+00:00,https://polymarket.com/event/acre-senate-election-2nd-place,Acre Senate Election: 2nd Place,elections,6.227,0.0,0.0,0,Mara Rocha,38.85,0.37,secondary:Marcio Bittar=25.3%; secondary:Jorge Viana=11.3%; hedge:Dr. Junior Feitosa=0.1%; hedge:Eduardo Velloso=0.1%; hedge:Gladson Camelí=17.5%; hedge:Petecão=6.2%; hedge:Professor Inacio Moreira=0.6%,"no independent sources available — sized at floor, using market-implied favorite (RACE_PAGE_MAP در sources/polls.py تنظیم نشده است.)",https://polymarket.com/event/acre-senate-election-2nd-place
2026-09-28T22:32:10.501106+00:00,https://polymarket.com/event/alagoas-senate-election-1st-place,Alagoas Senate Election: 1st Place,elections,6.227,0.0,0.0,0,Marina JHC,45.78,0.436,secondary:Arthur Lira=22.1%; secondary:Renan=10.5%; hedge:Alexandre Fleming=2.4%; hedge:Davi Davino Filho=17.3%; hedge:Dr. Wanderley=1.6%; hedge:Mariedson=0.4%,"no independent sources available — sized at floor, using market-implied favorite (RACE_PAGE_MAP در sources/polls.py تنظیم نشده است.)",https://polymarket.com/event/alagoas-senate-election-1st-place
2026-09-28T22:32:10.501333+00:00,https://polymarket.com/event/amazonas-senate-election-1st-place,Amazonas Senate Election: 1st Place,elections,6.227,0.0,0.0,0,Eduardo Braga,82.42,0.785,secondary:Capitão Alberto Neto=10.6%; hedge:Dailson Corrêa=0.2%; hedge:Evandro de Oliveira=0.2%; hedge:Ismael Munduruku=0.2%; hedge:Plinio Valério=2.5%; hedge:Professora Evany=0.2%; hedge:Wilson Lima=3.6%; hedge:Xuxa do Amazonas=0.2%,"no independent sources available — sized at floor, using market-implied favorite (RACE_PAGE_MAP در sources/polls.py تنظیم نشده است.)",https://polymarket.com/event/amazonas-senate-election-1st-place
2026-09-28T22:32:10.501552+00:00,https://polymarket.com/event/amapa-senate-election-2nd-place,Amapá Senate Election: 2nd Place,elections,6.227,0.0,0.0,0,Randolfe,35.18,0.335,secondary:Rayssa Furlan=14.4%; secondary:Professor Uzian Pinto=10.4%; secondary:Juíza Jô=5.2%; secondary:Capi=3.8%; secondary:Acácio Favacho=2.6%; secondary:Alliny Serrão=1.6%; secondary:Helio Silva=26.6%,"no independent sources available — sized at floor, using market-implied favorite (RACE_PAGE_MAP در sources/polls.py تنظیم نشده است.)",https://polymarket.com/event/amapa-senate-election-2nd-place
2026-09-28T22:32:10.501762+00:00,https://polymarket.com/event/amapa-senate-election-1st-place,Amapá Senate Election: 1st Place,elections,6.227,0.0,0.0,0,Rayssa Furlan,89.25,0.85,secondary:Randolfe=6.5%; hedge:Acácio Favacho=0.6%; hedge:Alliny Serrão=3.4%; hedge:Helio Silva=0.1%; hedge:Juíza Jô=0.1%; hedge:Professor Uzian Pinto=0.1%,"no independent sources available — sized at floor, using market-implied favorite (RACE_PAGE_MAP در sources/polls.py تنظیم نشده است.)",https://polymarket.com/event/amapa-senate-election-1st-place
2026-09-28T22:32:10.501991+00:00,https://polymarket.com/event/bahia-senate-election-2nd-place,Bahia Senate Election: 2nd Place,elections,6.227,0.0,0.0,0,Jaques Wagner,72.97,0.695,secondary:João Roma=9.3%; secondary:Rui Costa=6.9%; hedge:Professora Delliana=10.8%,"no independent sources available — sized at floor, using market-implied favorite (RACE_PAGE_MAP در sources/polls.py تنظیم نشده است.)",https://polymarket.com/event/bahia-senate-election-2nd-place
2026-09-28T22:32:10.502224+00:00,https://polymarket.com/event/bahia-senate-election-1st-place,Bahia Senate Election: 1st Place,elections,6.227,0.0,0.0,0,Rui Costa,86.62,0.825,secondary:Jaques Wagner=8.0%; hedge:Angelo Coronel=1.3%; hedge:Carlos Sodré=0.1%; hedge:Gregorio Gould=0.1%; hedge:João Roma=3.8%; hedge:Marcelo Carvalho=0.1%; hedge:Marcelo Millet=0.1%; hedge:Marcelo Santtana=0.1%; hedge:Professora Delliana=0.1%,"no independent sources available — sized at floor, using market-implied favorite (RACE_PAGE_MAP در sources/polls.py تنظیم نشده است.)",https://polymarket.com/event/bahia-senate-election-1st-place
2026-09-28T22:32:10.502453+00:00,https://polymarket.com/event/ceara-senate-election-1st-place,Ceará Senate Election: 1st Place,elections,6.227,0.0,0.0,0,Cid Gomes,77.18,0.735,secondary:Luizianne=13.1%; secondary:Alcides Fernandes=0.3%; secondary:Catarina Matos=0.1%; secondary:Guilherme Theophilo=0.1%; secondary:Lino Alves=0.1%; secondary:Reginaldo=9.2%,"no independent sources available — sized at floor, using market-implied favorite (RACE_PAGE_MAP در sources/polls.py تنظیم نشده است.)",https://polymarket.com/event/ceara-senate-election-1st-place
2026-09-28T22:32:10.502682+00:00,https://polymarket.com/event/ceara-senate-election-2nd-place,Ceará Senate Election: 2nd Place,elections,6.227,0.0,0.0,0,Capitão Wagner,46.2,0.44,secondary:Luizianne=20.4%; secondary:Cid Gomes=11.9%; hedge:Alcides Fernandes=17.7%; hedge:Catarina Matos=1.4%; hedge:Guilherme Theophilo=1.8%; hedge:Lino Alves=0.5%; hedge:Reginaldo=0.2%,"no independent sources available — sized at floor, using market-implied favorite (RACE_PAGE_MAP در sources/polls.py تنظیم نشده است.)",https://polymarket.com/event/ceara-senate-election-2nd-place
2026-09-28T22:32:10.502950+00:00,https://polymarket.com/event/federal-district-senate-election-2nd-place,Federal District Senate Election: 2nd Place,elections,6.227,0.0,0.0,0,Bia Kicis,73.66,0.7015,secondary:Leila do Vôlei=13.0%; secondary:Erika Kokay=2.8%; hedge:Avenir Rosa=0.3%; hedge:David Horn=0.3%; hedge:Guto Felício dos Santos=0.3%; hedge:Marley=0.3%; hedge:Michelle Bolsonaro=7.6%; hedge:Professor Guilherme Amorim=0.3%; hedge:Ronaldo Fonseca=0.3%; hedge:Sebastião Coelho=0.3%; hedge:Tiago=0.3%; hedge:Zanata=0.3%,"no independent sources available — sized at floor, using market-implied favorite (RACE_PAGE_MAP در sources/polls.py تنظیم نشده است.)",https://polymarket.com/event/federal-district-senate-election-2nd-place
2026-09-28T22:32:10.503169+00:00,https://polymarket.com/event/espirito-santo-senate-election-1st-place,Espírito Santo Senate Election: 1st Place,elections,6.227,0.0,0.0,0,Rodney Miranda,35.0,0.024,secondary:Maguinha Malta=11.9%; secondary:Callegari=8.8%; secondary:Fabiano Contarato=4.8%; secondary:Professor Fabian=4.8%; secondary:Sergio Meneguelli=4.8%; secondary:Marcos do Val=3.2%; secondary:Rose de Freitas=26.8%,"no independent sources available — sized at floor, using market-implied favorite (RACE_PAGE_MAP در sources/polls.py تنظیم نشده است.)",https://polymarket.com/event/espirito-santo-senate-election-1st-place
2026-09-28T22:32:10.503363+00:00,https://polymarket.com/event/espirito-santo-senate-election-2nd-place,Espírito Santo Senate Election: 2nd Place,elections,6.227,0.0,0.0,0,Maguinha Malta,35.0,0.1675,secondary:Evair de Melo=38.5%; secondary:Callegari=26.5%,"no independent sources available — sized at floor, using market-implied favorite (RACE_PAGE_MAP در sources/polls.py تنظیم نشده است.)",https://polymarket.com/event/espirito-santo-senate-election-2nd-place
2026-09-28T22:32:10.503544+00:00,https://polymarket.com/event/goias-senate-election-1st-place,Goiás Senate Election: 1st Place,elections,6.227,0.0,0.0,0,Dr. Zacharias Calil,35.0,0.011,hedge:Cintia Dias=65.0%,"no independent sources available — sized at floor, using market-implied favorite (RACE_PAGE_MAP در sources/polls.py تنظیم نشده است.)",https://polymarket.com/event/goias-senate-election-1st-place
2026-09-28T22:32:10.503799+00:00,https://polymarket.com/event/maranhao-senate-election-2nd-place,Maranhão Senate Election: 2nd Place,elections,6.227,0.0,0.0,0,Fufuca,35.0,0.275,secondary:Lahesio Bonfim=15.0%; secondary:Weverton Rocha=12.8%; secondary:Roseana Sarney=11.2%; hedge:Cidônio Gonçalves=0.4%; hedge:Dr. Hilton Gonçalo=2.1%; hedge:Eliziane Gama=21.3%; hedge:Enilton Rodrigues=0.4%; hedge:Raimundo Moreira=1.2%; hedge:Simplício Araújo=0.1%; hedge:Wilson Leite=0.4%,"no independent sources available — sized at floor, using market-implied favorite (RACE_PAGE_MAP در sources/polls.py تنظیم نشده است.)",https://polymarket.com/event/maranhao-senate-election-2nd-place
2026-09-28T22:32:10.504033+00:00,https://polymarket.com/event/maranhao-senate-election-1st-place,Maranhão Senate Election: 1st Place,elections,6.227,0.0,0.0,0,Roseana Sarney,64.58,0.615,secondary:Lahesio Bonfim=15.3%; secondary:Weverton Rocha=5.1%; secondary:Eliziane Gama=0.7%; secondary:Enilton Rodrigues=0.1%; hedge:Cidônio Gonçalves=2.0%; hedge:Simplício Araújo=6.1%; hedge:Wilson Leite=6.1%,"no independent sources available — sized at floor, using market-implied favorite (RACE_PAGE_MAP در sources/polls.py تنظیم نشده است.)",https://polymarket.com/event/maranhao-senate-election-1st-place
2026-09-28T22:32:10.504252+00:00,https://polymarket.com/event/minas-gerais-senate-election-1st-place,Minas Gerais Senate Election: 1st Place,elections,6.227,0.0,0.0,0,Carlos Viana,35.0,0.2525,secondary:Domingos Sávio=38.4%; secondary:Arcanjo Pimenta=0.1%; secondary:Áurea Carolina=0.1%; secondary:Carlin Moura=0.1%; secondary:Fidélis Alcântara=0.1%; secondary:Gustavo Galassi=0.1%; secondary:Jordano Metalúrgico=26.1%,"no independent sources available — sized at floor, using market-implied favorite (RACE_PAGE_MAP در sources/polls.py تنظیم نشده است.)",https://polymarket.com/event/minas-gerais-senate-election-1st-place
2026-09-28T22:32:10.504499+00:00,https://polymarket.com/event/mato-grosso-do-sul-senate-election-2nd-place,Mato Grosso do Sul Senate Election: 2nd Place,elections,6.227,0.0,0.0,0,Capitão Contar,62.48,0.595,secondary:Reinaldo Azambuja=11.4%; secondary:Vander Loubet=11.2%; hedge:Beto do Movimento=0.1%; hedge:Daniel Junior=0.1%; hedge:Luiz Lemes=0.2%; hedge:Roberto Oshiro=0.1%; hedge:Soraya=14.2%; hedge:Valderi Garcia=0.1%; hedge:Valter da Comagran=0.2%,"no independent sources available — sized at floor, using market-implied favorite (RACE_PAGE_MAP در sources/polls.py تنظیم نشده است.)",https://polymarket.com/event/mato-grosso-do-sul-senate-election-2nd-place
2026-09-28T22:32:10.504669+00:00,https://polymarket.com/event/mato-grosso-do-sul-senate-election-1st-place,Mato Grosso do Sul Senate Election: 1st Place,elections,6.227,0.0,0.0,0,Luiz Lemes,35.0,0.0065,,"no independent sources available — sized at floor, using market-implied favorite (RACE_PAGE_MAP در sources/polls.py تنظیم نشده است.)",https://polymarket.com/event/mato-grosso-do-sul-senate-election-1st-place
2026-09-28T22:32:10.504934+00:00,https://polymarket.com/event/mato-grosso-senate-election-2nd-place,Mato Grosso Senate Election: 2nd Place,elections,6.227,0.0,0.0,0,Janaina Riva,76.65,0.73,secondary:Mauro Mendes=10.7%; secondary:Jose Medeiros=3.3%; hedge:Beny Godoy=0.2%; hedge:Coronel Darwin=0.1%; hedge:Fávaro=3.2%; hedge:Galvan=0.2%; hedge:Margareth Buzetti=0.1%; hedge:Pedro Taques=5.1%; hedge:Professor Nelson Ferreira=0.4%,"no independent sources available — sized at floor, using market-implied favorite (RACE_PAGE_MAP در sources/polls.py تنظیم نشده است.)",https://polymarket.com/event/mato-grosso-senate-election-2nd-place
2026-09-28T22:32:10.505153+00:00,https://polymarket.com/event/mato-grosso-senate-election-1st-place,Mato Grosso Senate Election: 1st Place,elections,6.227,0.0,0.0,0,Janaina Riva,35.0,0.099,secondary:Coronel Darwin=16.8%; secondary:Beny Godoy=8.3%; secondary:Jose Medeiros=6.6%; secondary:Galvan=3.8%; secondary:Fávaro=2.2%; secondary:Margareth Buzetti=27.3%,"no independent sources available — sized at floor, using market-implied favorite (RACE_PAGE_MAP در sources/polls.py تنظیم نشده است.)",https://polymarket.com/event/mato-grosso-senate-election-1st-place
2026-09-28T22:32:10.505390+00:00,https://polymarket.com/event/para-senate-election-1st-place,Pará Senate Election: 1st Place,elections,6.227,0.0,0.0,0,Helder,89.78,0.855,secondary:Delegado Éder Mauro=6.1%; hedge:Breno Guimarães=0.2%; hedge:Celso Sabino=0.2%; hedge:Chicão=1.3%; hedge:Conti=0.3%; hedge:Edlaine Rodrigues=0.7%; hedge:Fernanda Lopes=0.2%; hedge:Gizelle Freitas=0.3%; hedge:Willem da Silva=0.1%; hedge:Zequinha Marinho=0.8%,"no independent sources available — sized at floor, using market-implied favorite (RACE_PAGE_MAP در sources/polls.py تنظیم نشده است.)",https://polymarket.com/event/para-senate-election-1st-place
2026-09-28T22:32:10.505670+00:00,https://polymarket.com/event/piaui-senate-election-1st-place,Piauí Senate Election: 1st Place,elections,6.227,0.0,0.0,0,Marcelo Castro,58.8,0.56,secondary:Ciro Nogueira=17.5%; secondary:Julio Cesar=7.2%; hedge:Alexandre Mariano=1.0%; hedge:Antônio Barros=1.0%; hedge:Antônio José Lira=1.0%; hedge:Cloves José=1.0%; hedge:Danniel Rocha=1.0%; hedge:Dionisio Carvalho=1.0%; hedge:Francinaldo Leão=1.0%; hedge:Irmão Evandro Marques=1.0%; hedge:Jardenya Bezerra=1.0%; hedge:Jorge Lopes=1.0%; hedge:Major Paulo Roberto=1.0%; hedge:Maria Madalena Nunes=1.0%; hedge:Missionário Evandro Craveiro=1.0%; hedge:Pastor Sena=1.0%; hedge:Pedro Laurentino=1.0%; hedge:Tiago Junqueira=1.0%; hedge:Toinho Dufrango=1.0%,"no independent sources available — sized at floor, using market-implied favorite (RACE_PAGE_MAP در sources/polls.py تنظیم نشده است.)",https://polymarket.com/event/piaui-senate-election-1st-place
2026-09-28T22:32:10.505883+00:00,https://polymarket.com/event/parana-senate-election-1st-place,Paraná Senate Election: 1st Place,elections,6.227,0.0,0.0,0,Deltan Dallagnol,40.43,0.385,secondary:Filipe Barros=19.2%; secondary:Alexandre Curi=40.3%,"no independent sources available — sized at floor, using market-implied favorite (RACE_PAGE_MAP در sources/polls.py تنظیم نشده است.)",https://polymarket.com/event/parana-senate-election-1st-place
2026-09-28T22:32:10.506131+00:00,https://polymarket.com/event/rio-grande-do-norte-senate-election-1st-place,Rio Grande do Norte Senate Election: 1st Place,elections,6.227,0.0,0.0,0,Styvenson Valentim,85.05,0.81,secondary:Zenaide Maia=9.0%; hedge:Clóvis Costa do Coletivo Nós=0.3%; hedge:Coronel Hélio=0.3%; hedge:Gari Wendell Batista=0.5%; hedge:Linhares Jiboia=0.3%; hedge:Luciana Mandu=0.7%; hedge:Professor Guilherme=0.3%; hedge:Rafael Motta=1.6%; hedge:Rosália Fernandes=0.4%; hedge:Samanda de Lula=1.3%; hedge:Sandro Pimentel=0.1%; hedge:Sonia Godeiro=0.1%; hedge:Tércio Tinôco=0.1%,"no independent sources available — sized at floor, using market-implied favorite (RACE_PAGE_MAP در sources/polls.py تنظیم نشده است.)",https://polymarket.com/event/rio-grande-do-norte-senate-election-1st-place
2026-09-28T22:32:10.506375+00:00,https://polymarket.com/event/roraima-senate-election-1st-place,Roraima Senate Election: 1st Place,elections,6.227,0.0,0.0,0,Teresa Surita,63.52,0.605,secondary:Nicoletti=17.4%; secondary:Helena da Asatur=4.5%; hedge:Bartô Macuxi=0.1%; hedge:Chico Rodrigues=12.8%; hedge:Helio Bolsonaro=0.7%; hedge:Hilton Xavier=0.1%; hedge:Hiperion de Oliveira=0.1%; hedge:Márcio Junqueira=0.1%; hedge:Mario Rocha=0.1%; hedge:Pastor Isamar=0.1%; hedge:Regina Tio Ivo=0.1%; hedge:Rogério Miranda=0.1%,"no independent sources available — sized at floor, using market-implied favorite (RACE_PAGE_MAP در sources/polls.py تنظیم نشده است.)",https://polymarket.com/event/roraima-senate-election-1st-place
2026-09-28T22:32:10.506627+00:00,https://polymarket.com/event/rio-grande-do-sul-senate-election-1st-place,Rio Grande do Sul Senate Election: 1st Place,elections,6.227,0.0,0.0,0,Marcel Van Hattem,78.22,0.745,secondary:Manuela D'Ávila=8.5%; secondary:Sanderson=4.5%; hedge:Daniela Mulheres Socialistas=0.0%; hedge:Frederico Antunes=0.0%; hedge:Milton Cardoso=0.0%; hedge:Pimenta=3.9%; hedge:Regis Ethur=0.0%; hedge:Renato Jaguarão=0.0%; hedge:Ric Jones=0.0%; hedge:Rigotto=4.5%; hedge:Tania Peres=0.0%,"no independent sources available — sized at floor, using market-implied favorite (RACE_PAGE_MAP در sources/polls.py تنظیم نشده است.)",https://polymarket.com/event/rio-grande-do-sul-senate-election-1st-place
2026-09-28T22:32:10.506836+00:00,https://polymarket.com/event/santa-catarina-senate-election-1st-place,Santa Catarina Senate Election: 1st Place,elections,6.227,0.0,0.0,0,Joaninha de Oliveira,35.0,0.0005,hedge:Lunelli=65.0%,"no independent sources available — sized at floor, using market-implied favorite (RACE_PAGE_MAP در sources/polls.py تنظیم نشده است.)",https://polymarket.com/event/santa-catarina-senate-election-1st-place
2026-09-28T22:32:10.507062+00:00,https://polymarket.com/event/sergipe-senate-election-1st-place,Sergipe Senate Election: 1st Place,elections,6.227,0.0,0.0,0,Rogerio Carvalho,38.54,0.367,secondary:André Moura=15.1%; secondary:Edvaldo=9.4%; secondary:Delegado Alessandro=8.4%; secondary:Eduardo Amorim=4.0%; hedge:Coronel Rocha=0.6%; hedge:Iran Barbosa=9.0%; hedge:Paulinho da União Tur=2.5%; hedge:Renatinha=1.2%; hedge:Rodrigo Valadares=11.3%,"no independent sources available — sized at floor, using market-implied favorite (RACE_PAGE_MAP در sources/polls.py تنظیم نشده است.)",https://polymarket.com/event/sergipe-senate-election-1st-place
2026-09-28T22:32:10.507301+00:00,https://polymarket.com/event/para-senate-election-2nd-place,Pará Senate Election: 2nd Place,elections,6.227,0.0,0.0,0,Delegado Éder Mauro,58.28,0.555,secondary:Chicão=11.9%; secondary:Zequinha Marinho=8.4%; secondary:Helder=4.7%; hedge:Breno Guimarães=0.3%; hedge:Celso Sabino=11.8%; hedge:Conti=1.2%; hedge:Edlaine Rodrigues=0.3%; hedge:Fernanda Lopes=2.0%; hedge:Gizelle Freitas=0.6%; hedge:Willem da Silva=0.4%,"no independent sources available — sized at floor, using market-implied favorite (RACE_PAGE_MAP در sources/polls.py تنظیم نشده است.)",https://polymarket.com/event/para-senate-election-2nd-place
2026-09-28T22:32:10.507605+00:00,https://polymarket.com/event/paraiba-senate-election-2nd-place,Paraíba Senate Election: 2nd Place,elections,6.227,0.0,0.0,0,Veneziano,58.8,0.56,secondary:Nabor=24.7%; hedge:Adriano Trajano=1.5%; hedge:Dr. Marcelo Queiroga=8.8%; hedge:Joao Azevêdo=5.5%; hedge:João Batista=0.2%; hedge:Major Fábio=0.2%; hedge:Rinaldo Júnior=0.2%; hedge:Rosilene Santana=0.2%,"no independent sources available — sized at floor, using market-implied favorite (RACE_PAGE_MAP در sources/polls.py تنظیم نشده است.)",https://polymarket.com/event/paraiba-senate-election-2nd-place
2026-09-28T22:32:10.507900+00:00,https://polymarket.com/event/piaui-senate-election-2nd-place,Piauí Senate Election: 2nd Place,elections,6.227,0.0,0.0,0,Julio Cesar,47.67,0.454,secondary:Marcelo Castro=18.9%; secondary:Ciro Nogueira=12.5%; hedge:Alexandre Mariano=0.6%; hedge:Antônio Barros=0.2%; hedge:Antônio José Lira=0.2%; hedge:Cloves José=0.6%; hedge:Danniel Rocha=0.2%; hedge:Dionisio Carvalho=0.2%; hedge:Francinaldo Leão=0.6%; hedge:Irmão Evandro Marques=0.2%; hedge:Jardenya Bezerra=0.6%; hedge:Jorge Lopes=0.2%; hedge:Major Paulo Roberto=0.2%; hedge:Maria Madalena Nunes=0.6%; hedge:Missionário Evandro Craveiro=0.6%; hedge:Pastor Sena=0.2%; hedge:Pedro Laurentino=0.2%; hedge:Tiago Junqueira=14.7%; hedge:Toinho Dufrango=0.6%,"no independent sources available — sized at floor, using market-implied favorite (RACE_PAGE_MAP در sources/polls.py تنظیم نشده است.)",https://polymarket.com/event/piaui-senate-election-2nd-place
2026-09-28T22:32:10.508151+00:00,https://polymarket.com/event/rio-grande-do-norte-senate-election-2nd-place,Rio Grande do Norte Senate Election: 2nd Place,elections,6.227,0.0,0.0,0,Zenaide Maia,56.7,0.54,secondary:Samanda de Lula=13.6%; secondary:Styvenson Valentim=12.4%; hedge:Clóvis Costa do Coletivo Nós=0.2%; hedge:Coronel Hélio=3.5%; hedge:Gari Wendell Batista=0.1%; hedge:Linhares Jiboia=0.1%; hedge:Luciana Mandu=0.2%; hedge:Professor Guilherme=0.1%; hedge:Rafael Motta=12.7%; hedge:Rosália Fernandes=0.1%; hedge:Sandro Pimentel=0.1%; hedge:Sonia Godeiro=0.1%; hedge:Tércio Tinôco=0.1%,"no independent sources available — sized at floor, using market-implied favorite (RACE_PAGE_MAP در sources/polls.py تنظیم نشده است.)",https://polymarket.com/event/rio-grande-do-norte-senate-election-2nd-place
2026-09-28T22:32:10.508390+00:00,https://polymarket.com/event/rondonia-senate-election-2nd-place,Rondônia Senate Election: 2nd Place,elections,6.227,0.0,0.0,0,Sílvia Cristina,40.95,0.39,secondary:Dr. Fernando Máximo=20.6%; secondary:Bruno Bolsonaro Scheid=14.8%; hedge:Acir Gurgacz=11.5%; hedge:Aires Mota=3.5%; hedge:Engenheiro Thulio=0.2%; hedge:Luciana Oliveira=0.3%; hedge:Luis Fernando=0.3%; hedge:Mariana Carvalho=7.6%; hedge:Neidinha=0.3%,"no independent sources available — sized at floor, using market-implied favorite (RACE_PAGE_MAP در sources/polls.py تنظیم نشده است.)",https://polymarket.com/event/rondonia-senate-election-2nd-place
2026-09-28T22:32:10.508634+00:00,https://polymarket.com/event/santa-catarina-senate-election-2nd-place,Santa Catarina Senate Election: 2nd Place,elections,6.227,0.0,0.0,0,Carlos Bolsonaro,48.83,0.465,secondary:Carol de Toni=26.8%; secondary:Décio Lima=2.8%; secondary:Afrânio Boppré=0.1%; secondary:Ana Lucia da Silveira Machado=0.1%; secondary:Carol=0.1%; secondary:Jeferson da Rocha=0.1%; secondary:Joaninha de Oliveira=0.1%; secondary:Lunelli=0.1%; secondary:Marcos Dorval=0.1%; secondary:Marlene Soccas=0.1%; secondary:Túlio de Amorim Pfuetzenreiter=20.6%,"no independent sources available — sized at floor, using market-implied favorite (RACE_PAGE_MAP در sources/polls.py تنظیم نشده است.)",https://polymarket.com/event/santa-catarina-senate-election-2nd-place
2026-09-28T22:32:10.508896+00:00,https://polymarket.com/event/sergipe-senate-election-2nd-place,Sergipe Senate Election: 2nd Place,elections,6.227,0.0,0.0,0,Rogerio Carvalho,35.0,0.31,secondary:André Moura=12.9%; secondary:Delegado André David=11.0%; secondary:Eduardo Amorim=8.0%; secondary:Delegado Alessandro=7.0%; hedge:Coronel Rocha=0.3%; hedge:Edvaldo=4.1%; hedge:Iran Barbosa=0.3%; hedge:Paulinho da União Tur=0.9%; hedge:Renatinha=0.9%; hedge:Rodrigo Valadares=19.5%,"no independent sources available — sized at floor, using market-implied favorite (RACE_PAGE_MAP در sources/polls.py تنظیم نشده است.)",https://polymarket.com/event/sergipe-senate-election-2nd-place
2026-09-28T22:32:10.509148+00:00,https://polymarket.com/event/tocantins-senate-election-2nd-place,Tocantins Senate Election: 2nd Place,elections,6.227,0.0,0.0,0,Gaguim,49.61,0.4725,secondary:Alexandre Guimarães=18.9%; secondary:Eduardo Gomes=11.3%; hedge:Apóstolo Flavio Braga=0.3%; hedge:Eli Borges=1.4%; hedge:Fábio Ribeiro=0.3%; hedge:Helio Rodrigues Bolsonaro=0.3%; hedge:Nilton Santos=0.3%; hedge:Osvany Luz=1.1%; hedge:Paulo Mourão=2.5%; hedge:Professor Osvaldo=0.3%; hedge:Ronaldo Dimas=1.2%; hedge:Vanderlei Luxemburgo=12.6%,"no independent sources available — sized at floor, using market-implied favorite (RACE_PAGE_MAP در sources/polls.py تنظیم نشده است.)",https://polymarket.com/event/tocantins-senate-election-2nd-place
2026-09-29T21:23:46.776823+00:00,https://polymarket.com/event/peoples-bank-of-china-rate-change-by-september-30-20260630000252021,People's Bank of China rate change by September 30?,central_banks_other,0.774,0.0,0.0,0,No Change,100.0,0.9995,,"no independent sources available — sized at floor, using market-implied favorite (central_banks_other API/.env؟)",https://polymarket.com/event/peoples-bank-of-china-rate-change-by-september-30-20260630000252021
2026-09-29T21:23:46.777033+00:00,https://polymarket.com/event/bitcoin-all-time-high-by,Bitcoin all time high by ___?,crypto,1.274,0.0,0.0,0,"September 30, 2026",35.0,0.0005,,"no independent sources available — sized at floor, using market-implied favorite (crypto API/.env؟)",https://polymarket.com/event/bitcoin-all-time-high-by
2026-09-29T21:23:46.777144+00:00,https://polymarket.com/event/ethereum-all-time-high-by,Ethereum all time high by ___?,crypto,1.274,0.0,0.0,0,"September 30, 2026",35.0,0.0005,,"no independent sources available — sized at floor, using market-implied favorite (crypto API/.env؟)",https://polymarket.com/event/ethereum-all-time-high-by
2026-09-29T21:23:46.777265+00:00,https://polymarket.com/event/crude-oil-all-time-high-by,Crude Oil all time high by...?,commodities,1.274,0.0,0.0,0,September 30,35.0,0.0015,,"no independent sources available — sized at floor, using market-implied favorite (commodities API/.env؟)",https://polymarket.com/event/crude-oil-all-time-high-by
2026-09-29T21:23:46.777369+00:00,https://polymarket.com/event/us-announces-cuba-oil-sanction-relief-by-june-30,US announces Cuba oil sanction relief by...?,commodities,1.274,0.0,0.0,0,September 30,35.0,0.22,,"no independent sources available — sized at floor, using market-implied favorite (commodities API/.env؟)",https://polymarket.com/event/us-announces-cuba-oil-sanction-relief-by-june-30
2026-09-29T21:23:46.777549+00:00,https://polymarket.com/event/will-the-senate-pass-another-reconciliation-bill-byptptpt-20260626182134623,Will the Senate pass another reconciliation bill by...?,elections,1.274,0.0,0.0,0,September 30,35.0,0.0125,,"no independent sources available — sized at floor, using market-implied favorite (RACE_PAGE_MAP در sources/polls.py تنظیم نشده است.)",https://polymarket.com/event/will-the-senate-pass-another-reconciliation-bill-byptptpt-20260626182134623
2026-09-29T21:23:46.777748+00:00,https://polymarket.com/event/will-the-us-senate-pass-at-least-20-billion-in-supplemental-war-funding-by-september-30-20260626210022880,Will the US Senate pass at least $20 billion in supplemental War Funding by September 30?,elections,1.274,0.0,0.0,0,Will the US Senate pass at least $20 billion in supplemental War Funding by September 30?,35.0,0.0245,,"no independent sources available — sized at floor, using market-implied favorite (RACE_PAGE_MAP در sources/polls.py تنظیم نشده است.)",https://polymarket.com/event/will-the-us-senate-pass-at-least-20-billion-in-supplemental-war-funding-by-september-30-20260626210022880
2026-09-29T21:23:46.777882+00:00,https://polymarket.com/event/lisa-cook-officially-out-as-fed-governor-byptptpt-20260807214943167,Lisa Cook officially out as Fed Governor by...?,fed,1.274,0.0,0.0,0,September 30,35.0,0.0005,,"no independent sources available — sized at floor, using market-implied favorite (fed API/.env؟)",https://polymarket.com/event/lisa-cook-officially-out-as-fed-governor-byptptpt-20260807214943167
2026-09-29T21:23:46.778023+00:00,https://polymarket.com/event/so-paulo-governor-election-winner,São Paulo Governor Election Winner,elections,5.274,0.0,0.0,0,Tarcísio de Freitas,100.0,0.9955,,"no independent sources available — sized at floor, using market-implied favorite (RACE_PAGE_MAP در sources/polls.py تنظیم نشده است.)",https://polymarket.com/event/so-paulo-governor-election-winner
2026-09-29T21:23:46.778208+00:00,https://polymarket.com/event/minas-gerais-governor-election-winner,Minas Gerais Governor Election Winner,elections,5.274,0.0,0.0,0,Cleitinho Azevedo,96.29,0.917,hedge:Rodrigo Pacheco=0.0%; hedge:Nikolas Ferreira=0.0%; hedge:Alexandre Kalil=0.1%; hedge:Mateus Simões=0.3%; hedge:Tadeu Leite=0.0%; hedge:Aécio Neves=0.0%; hedge:Alexandre Silveira=0.0%; hedge:Gabriel Azevedo=0.0%; hedge:Benoni Mendes=0.0%; hedge:Patrus Ananias=0.9%; hedge:Marcelo Aro=0.0%; hedge:Flávio Roscoe=0.0%; hedge:Vittorio Medioli=0.0%; hedge:Luís Eduardo Falcão=0.0%; hedge:Euclydes Pettersen=0.0%; hedge:Gleidson Azevedo=0.0%,"no independent sources available — sized at floor, using market-implied favorite (RACE_PAGE_MAP در sources/polls.py تنظیم نشده است.)",https://polymarket.com/event/minas-gerais-governor-election-winner
2026-09-29T21:23:46.778397+00:00,https://polymarket.com/event/bahia-governor-election-winner,Bahia Governor Election Winner,elections,5.274,0.0,0.0,0,Jerônimo Rodrigues,58.28,0.555,secondary:ACM Neto=25.0%; hedge:João Roma=3.3%; hedge:José Carlos Aleluia=3.3%; hedge:Kleber Rosa=3.3%; hedge:Rui Costa=3.3%; hedge:Bruno Soares Reis=3.3%,"no independent sources available — sized at floor, using market-implied favorite (RACE_PAGE_MAP در sources/polls.py تنظیم نشده است.)",https://polymarket.com/event/bahia-governor-election-winner
2026-09-29T21:23:46.778696+00:00,https://polymarket.com/event/cear-governor-election-winner,Ceará Governor Election Winner,elections,5.274,0.0,0.0,0,Elmano de Freitas,70.35,0.67,secondary:Ciro Gomes=17.8%; hedge:Eduardo Girão=3.0%; hedge:Capitão Wagner=3.0%; hedge:Roberto Cláudio=3.0%; hedge:Camilo Santana=3.0%,"no independent sources available — sized at floor, using market-implied favorite (RACE_PAGE_MAP در sources/polls.py تنظیم نشده است.)",https://polymarket.com/event/cear-governor-election-winner
2026-09-29T21:23:46.778857+00:00,https://polymarket.com/event/rio-grande-do-sul-governor-election-winner,Rio Grande do Sul Governor Election Winner,elections,5.274,0.0,0.0,0,Luciano Zucco,85.05,0.81,secondary:Juliana Brizola=9.0%; hedge:Marcelo Maranata=0.1%; hedge:Gabriel Souza=5.8%; hedge:Luis Carlos Heinze=0.1%,"no independent sources available — sized at floor, using market-implied favorite (RACE_PAGE_MAP در sources/polls.py تنظیم نشده است.)",https://polymarket.com/event/rio-grande-do-sul-governor-election-winner
2026-09-29T21:23:46.779050+00:00,https://polymarket.com/event/para-governor-election-winner-20260609154623298,Pará Governor Election Winner,elections,5.274,0.0,0.0,0,Hana Ghassan,58.28,0.555,secondary:Dr. Daniel Santos=25.0%; hedge:Éder Mauro=9.3%; hedge:Zequinha Marinho=1.9%; hedge:Rogério Barra=1.9%; hedge:Paulo Rocha=1.9%; hedge:Dirceu Ten Caten=1.9%,"no independent sources available — sized at floor, using market-implied favorite (RACE_PAGE_MAP در sources/polls.py تنظیم نشده است.)",https://polymarket.com/event/para-governor-election-winner-20260609154623298
2026-09-29T21:23:46.779256+00:00,https://polymarket.com/event/goias-governor-election-winner-20260609165823163,Goiás Governor Election Winner,elections,5.274,0.0,0.0,0,Daniel Vilela,100.0,0.9805,,"no independent sources available — sized at floor, using market-implied favorite (RACE_PAGE_MAP در sources/polls.py تنظیم نشده است.)",https://polymarket.com/event/goias-governor-election-winner-20260609165823163
2026-09-29T21:23:46.779570+00:00,https://polymarket.com/event/santa-catarina-governor-election-winner-20260609164309743,Santa Catarina Governor Election Winner ,elections,5.274,0.0,0.0,0,Jorginho Mello,100.0,0.9955,,"no independent sources available — sized at floor, using market-implied favorite (RACE_PAGE_MAP در sources/polls.py تنظیم نشده است.)",https://polymarket.com/event/santa-catarina-governor-election-winner-20260609164309743
2026-09-29T21:23:46.779764+00:00,https://polymarket.com/event/parana-governor-election-winner-20260608205118343,Paraná Governor Election Winner,elections,5.274,0.0,0.0,0,Sergio Moro,81.9,0.78,secondary:Sandro Alex=10.9%; hedge:Requião Filho=6.6%; hedge:Rafael Greca=0.1%; hedge:Guto Silva=0.1%; hedge:Alexandre Curi=0.1%; hedge:Beto Richa=0.1%; hedge:Enio Verri=0.1%; hedge:Luiz França=0.1%,"no independent sources available — sized at floor, using market-implied favorite (RACE_PAGE_MAP در sources/polls.py تنظیم نشده است.)",https://polymarket.com/event/parana-governor-election-winner-20260608205118343
2026-09-29T21:23:46.779981+00:00,https://polymarket.com/event/rio-de-janeiro-governor-election-winner-20260608202949176,Rio de Janeiro Governor Election Winner,elections,5.274,0.0,0.0,0,Eduardo Paes,88.52,0.843,secondary:Douglas Ruas=6.9%; hedge:Dr. Luizinho=0.3%; hedge:Eduardo Pazuello=0.3%; hedge:Tarcísio Motta=0.3%; hedge:Anthony Garotinho=0.3%; hedge:Wilson Witzel=0.3%; hedge:André Português=0.3%; hedge:Lindbergh Farias=0.3%; hedge:Felipe Curi=0.3%; hedge:Nicola Miccione=0.3%; hedge:André Ceciliano=0.3%; hedge:Chico Machado=0.3%; hedge:Fred Pacheco=0.3%; hedge:Rafa Luz=0.9%; hedge:Colonel Busnello=0.3%,"no independent sources available — sized at floor, using market-implied favorite (RACE_PAGE_MAP در sources/polls.py تنظیم نشده است.)",https://polymarket.com/event/rio-de-janeiro-governor-election-winner-20260608202949176
2026-09-29T21:23:46.780187+00:00,https://polymarket.com/event/maranhao-governor-election-winner-20260611182113297,Maranhão Governor Election Winner,elections,5.274,0.0,0.0,0,Eduardo Braide,91.88,0.875,secondary:Orleans Brandão=4.9%; hedge:Felipe Camarão=2.3%; hedge:André Luís=0.3%; hedge:Lahesio Bonfim=0.3%; hedge:Enilton Rodrigues=0.3%,"no independent sources available — sized at floor, using market-implied favorite (RACE_PAGE_MAP در sources/polls.py تنظیم نشده است.)",https://polymarket.com/event/maranhao-governor-election-winner-20260611182113297
2026-09-29T21:23:46.780382+00:00,https://polymarket.com/event/paraiba-governor-election-winner-20260611183326566,Paraíba Governor Election Winner,elections,5.274,0.0,0.0,0,Lucas Ribeiro,96.6,0.92,hedge:Efraim Filho=0.9%; hedge:Cícero Lucena=0.2%; hedge:Flávio Lúcio=0.1%; hedge:Romero Rodrigues=0.1%; hedge:Marcelo Queiroga=0.0%; hedge:Veneziano Vital do Rêgo=0.1%; hedge:Nilvan Ferreira=0.1%,"no independent sources available — sized at floor, using market-implied favorite (RACE_PAGE_MAP در sources/polls.py تنظیم نشده است.)",https://polymarket.com/event/paraiba-governor-election-winner-20260611183326566
2026-09-29T21:23:46.780606+00:00,https://polymarket.com/event/espirito-santo-governor-election-winner-20260611183840001,Espírito Santo Governor Election Winner ,elections,5.274,0.0,0.0,0,Ricardo Ferraço,56.18,0.535,secondary:Lorenzo Pazolini=26.3%; hedge:Sergio Vidigal=5.8%; hedge:Arnaldinho Borgo=5.8%; hedge:Euclério Sampaio=5.8%,"no independent sources available — sized at floor, using market-implied favorite (RACE_PAGE_MAP در sources/polls.py تنظیم نشده است.)",https://polymarket.com/event/espirito-santo-governor-election-winner-20260611183840001
2026-09-29T21:23:46.780782+00:00,https://polymarket.com/event/pernambuco-governor-election-winner-20260709143134925,Pernambuco Governor Election Winner,elections,5.274,0.0,0.0,0,Raquel Lyra,56.18,0.535,secondary:João Campos=26.3%; hedge:Ivan Moraes=17.5%,"no independent sources available — sized at floor, using market-implied favorite (RACE_PAGE_MAP در sources/polls.py تنظیم نشده است.)",https://polymarket.com/event/pernambuco-governor-election-winner-20260709143134925
2026-09-29T21:23:46.780962+00:00,https://polymarket.com/event/acre-governor-election-winner,Acre Governor Election Winner,elections,5.274,0.0,0.0,0,Mailza Assis,72.97,0.695,secondary:Alan Rick=16.2%; hedge:Dr. Luisinho=1.4%; hedge:Eudo Raffael=1.4%; hedge:Thor Dantas=1.4%; hedge:Tião Bocalom=6.8%,"no independent sources available — sized at floor, using market-implied favorite (RACE_PAGE_MAP در sources/polls.py تنظیم نشده است.)",https://polymarket.com/event/acre-governor-election-winner
2026-09-29T21:23:46.781138+00:00,https://polymarket.com/event/alagoas-governor-election-winner,Alagoas Governor Election Winner,elections,5.274,0.0,0.0,0,JHC,64.05,0.61,secondary:Renan Filho=21.6%; hedge:Lenilda Luna=7.2%; hedge:Márcio Jambo=7.2%,"no independent sources available — sized at floor, using market-implied favorite (RACE_PAGE_MAP در sources/polls.py تنظیم نشده است.)",https://polymarket.com/event/alagoas-governor-election-winner
2026-09-29T21:23:46.781323+00:00,https://polymarket.com/event/amazonas-governor-election-winner,Amazonas Governor Election Winner,elections,5.274,0.0,0.0,0,Omar Aziz,57.23,0.545,secondary:Professora Maria do Carmo=15.9%; secondary:Roberto Cidade=9.7%; hedge:Cabo Daciolo=2.0%; hedge:David Almeida=10.9%; hedge:Gilberto Vasconcelos=3.4%; hedge:Isael Munduruku=0.7%,"no independent sources available — sized at floor, using market-implied favorite (RACE_PAGE_MAP در sources/polls.py تنظیم نشده است.)",https://polymarket.com/event/amazonas-governor-election-winner
2026-09-29T21:23:46.781540+00:00,https://polymarket.com/event/amapa-governor-election-winner,Amapá Governor Election Winner,elections,5.274,0.0,0.0,0,Dr. Furlan,80.33,0.765,secondary:Clécio Luís=11.0%; secondary:Marcos Reategui=0.4%; secondary:Jairo Palheta=0.3%; hedge:Carlos Cley=7.9%,"no independent sources available — sized at floor, using market-implied favorite (RACE_PAGE_MAP در sources/polls.py تنظیم نشده است.)",https://polymarket.com/event/amapa-governor-election-winner
2026-09-29T21:23:46.781725+00:00,https://polymarket.com/event/mato-grosso-do-sul-governor-election-winner,Mato Grosso do Sul Governor Election Winner,elections,5.274,0.0,0.0,0,Eduardo Riedel,100.0,0.994,,"no independent sources available — sized at floor, using market-implied favorite (RACE_PAGE_MAP در sources/polls.py تنظیم نشده است.)",https://polymarket.com/event/mato-grosso-do-sul-governor-election-winner
2026-09-29T21:23:46.781903+00:00,https://polymarket.com/event/mato-grosso-governor-election-winner,Mato Grosso Governor Election Winner,elections,5.274,0.0,0.0,0,Otaviano Pivetta,53.02,0.505,secondary:Wellington Fagundes=28.2%; hedge:Doutora Natasha=12.9%; hedge:Mauricio Coelho=3.5%; hedge:Rafaell Milas=1.2%; hedge:Sargento Laudicério=1.2%,"no independent sources available — sized at floor, using market-implied favorite (RACE_PAGE_MAP در sources/polls.py تنظیم نشده است.)",https://polymarket.com/event/mato-grosso-governor-election-winner
2026-09-29T21:23:46.782076+00:00,https://polymarket.com/event/piaui-governor-election-winner,Piauí Governor Election Winner,elections,5.274,0.0,0.0,0,Rafael Fonteles,100.0,0.9905,,"no independent sources available — sized at floor, using market-implied favorite (RACE_PAGE_MAP در sources/polls.py تنظیم نشده است.)",https://polymarket.com/event/piaui-governor-election-winner
2026-09-29T21:23:46.782249+00:00,https://polymarket.com/event/rondonia-governor-election-winner,Rondônia Governor Election Winner,elections,5.274,0.0,0.0,0,Marcos Rogério,95.55,0.91,hedge:Adailton Furia=0.8%; hedge:Expedito Netto=0.1%; hedge:Hildon Chaves=0.5%; hedge:Pedro Abib=0.4%; hedge:Samuel Costa=0.0%,"no independent sources available — sized at floor, using market-implied favorite (RACE_PAGE_MAP در sources/polls.py تنظیم نشده است.)",https://polymarket.com/event/rondonia-governor-election-winner
2026-09-29T21:23:46.782445+00:00,https://polymarket.com/event/roraima-governor-election-winner,Roraima Governor Election Winner,elections,5.274,0.0,0.0,0,Arthur Henrique,99.7,0.9495,hedge:Clébio Genuíno=0.0%; hedge:Farah Mesquita=0.0%; hedge:Rosi Aires=0.1%; hedge:Soldado Sampaio=0.1%,"no independent sources available — sized at floor, using market-implied favorite (RACE_PAGE_MAP در sources/polls.py تنظیم نشده است.)",https://polymarket.com/event/roraima-governor-election-winner
2026-09-29T21:23:46.782629+00:00,https://polymarket.com/event/tocantins-governor-election-winner,Tocantins Governor Election Winner,elections,5.274,0.0,0.0,0,Professora Dorinha,61.95,0.59,secondary:Vicentinho Júnior=22.8%; hedge:Ataides de Oliveira=3.0%; hedge:Du Pereira=3.0%; hedge:Laurez Moreira=3.0%; hedge:Prof. Witer Naves=3.0%; hedge:Subtenente Luiz Carlos=3.0%,"no independent sources available — sized at floor, using market-implied favorite (RACE_PAGE_MAP در sources/polls.py تنظیم نشده است.)",https://polymarket.com/event/tocantins-governor-election-winner
2026-09-29T21:23:46.782821+00:00,https://polymarket.com/event/federal-district-governor-election-winner,Federal District Governor Election Winner,elections,5.274,0.0,0.0,0,Celina Leão,99.75,0.95,hedge:Arruda=0.0%; hedge:Cappelli=0.0%; hedge:Elisson=0.0%; hedge:Expedito Mendonça=0.0%; hedge:Kiko Caputo=0.0%; hedge:Leandro Grass=0.1%; hedge:Paula Belmonte=0.0%; hedge:Professor Robson=0.0%; hedge:Professora Samara Mineiro=0.0%,"no independent sources available — sized at floor, using market-implied favorite (RACE_PAGE_MAP در sources/polls.py تنظیم نشده است.)",https://polymarket.com/event/federal-district-governor-election-winner
2026-09-29T21:23:46.783010+00:00,https://polymarket.com/event/rio-grande-do-norte-governor-election-winner,Rio Grande do Norte Governor Election Winner,elections,5.274,0.0,0.0,0,Allyson,71.4,0.68,secondary:Cadu de Lula=12.0%; secondary:Álvaro Dias=5.1%; hedge:Carlos Jararaca=2.3%; hedge:Dário Barbosa=2.3%; hedge:Henrique Lyra=2.3%; hedge:Professor Roberio Paulino=2.3%; hedge:Rodrigo Bolsonaro=2.3%,"no independent sources available — sized at floor, using market-implied favorite (RACE_PAGE_MAP در sources/polls.py تنظیم نشده است.)",https://polymarket.com/event/rio-grande-do-norte-governor-election-winner
2026-09-29T21:23:46.783201+00:00,https://polymarket.com/event/sergipe-governor-election-winner,Sergipe Governor Election Winner,elections,5.274,0.0,0.0,0,Fábio,86.62,0.825,secondary:Valmir de Francisquinho=8.0%; hedge:Dr. Helton=0.5%; hedge:Emanuel Cacho=2.1%; hedge:Ricardo Marques=0.5%; hedge:Taty Cristina de Jesus=2.1%,"no independent sources available — sized at floor, using market-implied favorite (RACE_PAGE_MAP در sources/polls.py تنظیم نشده است.)",https://polymarket.com/event/sergipe-governor-election-winner
2026-09-29T21:23:46.783386+00:00,https://polymarket.com/event/acre-senate-election-1st-place,Acre Senate Election: 1st Place,elections,5.274,0.0,0.0,0,Mara Rocha,38.95,0.371,secondary:Marcio Bittar=22.0%; secondary:Gladson Camelí=14.6%; hedge:Dr. Junior Feitosa=0.2%; hedge:Eduardo Velloso=0.2%; hedge:Jorge Viana=23.6%; hedge:Petecão=0.2%; hedge:Professor Inacio Moreira=0.2%,"no independent sources available — sized at floor, using market-implied favorite (RACE_PAGE_MAP در sources/polls.py تنظیم نشده است.)",https://polymarket.com/event/acre-senate-election-1st-place
2026-09-29T21:23:46.783612+00:00,https://polymarket.com/event/acre-senate-election-2nd-place,Acre Senate Election: 2nd Place,elections,5.274,0.0,0.0,0,Marcio Bittar,36.75,0.35,secondary:Mara Rocha=23.6%; secondary:Gladson Camelí=14.4%; hedge:Dr. Junior Feitosa=0.1%; hedge:Eduardo Velloso=0.1%; hedge:Jorge Viana=22.5%; hedge:Petecão=2.3%; hedge:Professor Inacio Moreira=0.4%,"no independent sources available — sized at floor, using market-implied favorite (RACE_PAGE_MAP در sources/polls.py تنظیم نشده است.)",https://polymarket.com/event/acre-senate-election-2nd-place
2026-09-29T21:23:46.783799+00:00,https://polymarket.com/event/alagoas-senate-election-1st-place,Alagoas Senate Election: 1st Place,elections,5.274,0.0,0.0,0,Arthur Lira,42.0,0.4,secondary:Marina JHC=22.6%; secondary:Renan=12.2%; hedge:Alexandre Fleming=3.6%; hedge:Davi Davino Filho=18.3%; hedge:Dr. Wanderley=1.0%; hedge:Mariedson=0.3%,"no independent sources available — sized at floor, using market-implied favorite (RACE_PAGE_MAP در sources/polls.py تنظیم نشده است.)",https://polymarket.com/event/alagoas-senate-election-1st-place
2026-09-29T21:23:46.783982+00:00,https://polymarket.com/event/alagoas-senate-election-2nd-place,Alagoas Senate Election: 2nd Place,elections,5.274,0.0,0.0,0,Arthur Lira,40.43,0.385,secondary:Marina JHC=22.0%; secondary:Renan=13.8%; hedge:Alexandre Fleming=0.4%; hedge:Davi Davino Filho=20.7%; hedge:Dr. Wanderley=2.6%; hedge:Mariedson=0.1%,"no independent sources available — sized at floor, using market-implied favorite (RACE_PAGE_MAP در sources/polls.py تنظیم نشده است.)",https://polymarket.com/event/alagoas-senate-election-2nd-place
2026-09-29T21:23:46.784171+00:00,https://polymarket.com/event/amazonas-senate-election-2nd-place,Amazonas Senate Election: 2nd Place,elections,5.274,0.0,0.0,0,Capitão Alberto Neto,71.4,0.68,secondary:Wilson Lima=9.2%; secondary:Eduardo Braga=7.9%; hedge:Dailson Corrêa=0.6%; hedge:Evandro de Oliveira=0.1%; hedge:Ismael Munduruku=0.5%; hedge:Plinio Valério=9.6%; hedge:Professora Evany=0.1%; hedge:Xuxa do Amazonas=0.6%,"no independent sources available — sized at floor, using market-implied favorite (RACE_PAGE_MAP در sources/polls.py تنظیم نشده است.)",https://polymarket.com/event/amazonas-senate-election-2nd-place
2026-09-29T21:23:46.784363+00:00,https://polymarket.com/event/amazonas-senate-election-1st-place,Amazonas Senate Election: 1st Place,elections,5.274,0.0,0.0,0,Eduardo Braga,80.85,0.77,secondary:Capitão Alberto Neto=11.5%; hedge:Dailson Corrêa=0.2%; hedge:Evandro de Oliveira=0.2%; hedge:Ismael Munduruku=0.2%; hedge:Plinio Valério=2.7%; hedge:Professora Evany=0.2%; hedge:Wilson Lima=4.0%; hedge:Xuxa do Amazonas=0.2%,"no independent sources available — sized at floor, using market-implied favorite (RACE_PAGE_MAP در sources/polls.py تنظیم نشده است.)",https://polymarket.com/event/amazonas-senate-election-1st-place
2026-09-29T21:23:46.784585+00:00,https://polymarket.com/event/amapa-senate-election-2nd-place,Amapá Senate Election: 2nd Place,elections,5.274,0.0,0.0,0,Lucas Barreto,47.78,0.455,secondary:Randolfe=24.8%; secondary:Rayssa Furlan=6.6%; hedge:Acácio Favacho=2.5%; hedge:Alliny Serrão=1.6%; hedge:Capi=3.7%; hedge:Helio Silva=0.6%; hedge:Juíza Jô=5.0%; hedge:Professor Uzian Pinto=7.6%,"no independent sources available — sized at floor, using market-implied favorite (RACE_PAGE_MAP در sources/polls.py تنظیم نشده است.)",https://polymarket.com/event/amapa-senate-election-2nd-place
2026-09-29T21:23:46.784779+00:00,https://polymarket.com/event/amapa-senate-election-1st-place,Amapá Senate Election: 1st Place,elections,5.274,0.0,0.0,0,Rayssa Furlan,88.72,0.845,secondary:Randolfe=6.8%; hedge:Acácio Favacho=0.2%; hedge:Alliny Serrão=1.7%; hedge:Capi=0.1%; hedge:Helio Silva=0.1%; hedge:Juíza Jô=0.1%; hedge:Lucas Barreto=2.5%; hedge:Professor Uzian Pinto=0.1%,"no independent sources available — sized at floor, using market-implied favorite (RACE_PAGE_MAP در sources/polls.py تنظیم نشده است.)",https://polymarket.com/event/amapa-senate-election-1st-place
2026-09-29T21:23:46.784976+00:00,https://polymarket.com/event/bahia-senate-election-2nd-place,Bahia Senate Election: 2nd Place,elections,5.274,0.0,0.0,0,Jaques Wagner,74.02,0.705,secondary:João Roma=8.1%; secondary:Rui Costa=7.5%; hedge:Angelo Coronel=8.4%; hedge:Carlos Sodré=0.7%; hedge:Gregorio Gould=0.2%; hedge:Marcelo Carvalho=0.2%; hedge:Marcelo Millet=0.2%; hedge:Marcelo Santtana=0.2%; hedge:Professora Delliana=0.2%,"no independent sources available — sized at floor, using market-implied favorite (RACE_PAGE_MAP در sources/polls.py تنظیم نشده است.)",https://polymarket.com/event/bahia-senate-election-2nd-place
2026-09-29T21:23:46.785175+00:00,https://polymarket.com/event/bahia-senate-election-1st-place,Bahia Senate Election: 1st Place,elections,5.274,0.0,0.0,0,Rui Costa,88.72,0.845,secondary:Jaques Wagner=6.8%; hedge:Angelo Coronel=1.3%; hedge:Carlos Sodré=0.1%; hedge:Gregorio Gould=0.1%; hedge:João Roma=2.9%; hedge:Marcelo Carvalho=0.1%; hedge:Marcelo Millet=0.1%; hedge:Marcelo Santtana=0.1%; hedge:Professora Delliana=0.1%,"no independent sources available — sized at floor, using market-implied favorite (RACE_PAGE_MAP در sources/polls.py تنظیم نشده است.)",https://polymarket.com/event/bahia-senate-election-1st-place
2026-09-29T21:23:46.785371+00:00,https://polymarket.com/event/ceara-senate-election-1st-place,Ceará Senate Election: 1st Place,elections,5.274,0.0,0.0,0,Cid Gomes,76.12,0.725,secondary:Luizianne=14.3%; hedge:Alcides Fernandes=0.2%; hedge:Capitão Wagner=9.2%; hedge:Catarina Matos=0.0%; hedge:Guilherme Theophilo=0.0%; hedge:Lino Alves=0.0%; hedge:Reginaldo=0.0%,"no independent sources available — sized at floor, using market-implied favorite (RACE_PAGE_MAP در sources/polls.py تنظیم نشده است.)",https://polymarket.com/event/ceara-senate-election-1st-place
2026-09-29T21:23:46.785602+00:00,https://polymarket.com/event/ceara-senate-election-2nd-place,Ceará Senate Election: 2nd Place,elections,5.274,0.0,0.0,0,Capitão Wagner,55.12,0.525,secondary:Luizianne=17.3%; secondary:Cid Gomes=9.6%; hedge:Alcides Fernandes=14.9%; hedge:Catarina Matos=0.7%; hedge:Guilherme Theophilo=1.5%; hedge:Lino Alves=0.7%; hedge:Reginaldo=0.1%,"no independent sources available — sized at floor, using market-implied favorite (RACE_PAGE_MAP در sources/polls.py تنظیم نشده است.)",https://polymarket.com/event/ceara-senate-election-2nd-place
2026-09-29T21:23:46.785809+00:00,https://polymarket.com/event/federal-district-senate-election-1st-place,Federal District Senate Election: 1st Place,elections,5.274,0.0,0.0,0,Michelle Bolsonaro,96.6,0.92,hedge:Avenir Rosa=0.0%; hedge:Bia Kicis=0.4%; hedge:David Horn=0.0%; hedge:Erika Kokay=0.2%; hedge:Guto Felício dos Santos=0.0%; hedge:Leila do Vôlei=0.7%; hedge:Marley=0.0%; hedge:Professor Guilherme Amorim=0.0%; hedge:Ronaldo Fonseca=0.0%; hedge:Sebastião Coelho=0.0%; hedge:Tiago=0.0%; hedge:Zanata=0.0%,"no independent sources available — sized at floor, using market-implied favorite (RACE_PAGE_MAP در sources/polls.py تنظیم نشده است.)",https://polymarket.com/event/federal-district-senate-election-1st-place
2026-09-29T21:23:46.786026+00:00,https://polymarket.com/event/federal-district-senate-election-2nd-place,Federal District Senate Election: 2nd Place,elections,5.274,0.0,0.0,0,Bia Kicis,81.38,0.775,secondary:Leila do Vôlei=8.0%; secondary:Erika Kokay=3.2%; hedge:Avenir Rosa=0.1%; hedge:David Horn=0.1%; hedge:Guto Felício dos Santos=0.1%; hedge:Marley=0.1%; hedge:Michelle Bolsonaro=4.5%; hedge:Professor Guilherme Amorim=0.1%; hedge:Ronaldo Fonseca=0.1%; hedge:Sebastião Coelho=1.8%; hedge:Tiago=0.1%; hedge:Zanata=0.1%,"no independent sources available — sized at floor, using market-implied favorite (RACE_PAGE_MAP در sources/polls.py تنظیم نشده است.)",https://polymarket.com/event/federal-district-senate-election-2nd-place
2026-09-29T21:23:46.786229+00:00,https://polymarket.com/event/espirito-santo-senate-election-1st-place,Espírito Santo Senate Election: 1st Place,elections,5.274,0.0,0.0,0,Renato Casagrande,99.59,0.9485,hedge:Callegari=0.0%; hedge:Evair de Melo=0.0%; hedge:Fabiano Contarato=0.0%; hedge:Leonardo Monjardim=0.0%; hedge:Maguinha Malta=0.1%; hedge:Marcos do Val=0.0%; hedge:Professor Fabian=0.0%; hedge:Rodney Miranda=0.1%; hedge:Rose de Freitas=0.0%; hedge:Sergio Meneguelli=0.0%,"no independent sources available — sized at floor, using market-implied favorite (RACE_PAGE_MAP در sources/polls.py تنظیم نشده است.)",https://polymarket.com/event/espirito-santo-senate-election-1st-place
2026-09-29T21:23:46.786448+00:00,https://polymarket.com/event/espirito-santo-senate-election-2nd-place,Espírito Santo Senate Election: 2nd Place,elections,5.274,0.0,0.0,0,Sergio Meneguelli,42.0,0.4,secondary:Maguinha Malta=13.6%; secondary:Rose de Freitas=11.5%; secondary:Fabiano Contarato=6.3%; secondary:Evair de Melo=3.4%; hedge:Callegari=0.7%; hedge:Leonardo Monjardim=0.7%; hedge:Marcos do Val=0.7%; hedge:Professor Fabian=0.2%; hedge:Renato Casagrande=20.6%; hedge:Rodney Miranda=0.2%,"no independent sources available — sized at floor, using market-implied favorite (RACE_PAGE_MAP در sources/polls.py تنظیم نشده است.)",https://polymarket.com/event/espirito-santo-senate-election-2nd-place
2026-09-29T21:23:46.786665+00:00,https://polymarket.com/event/goias-senate-election-1st-place,Goiás Senate Election: 1st Place,elections,5.274,0.0,0.0,0,Gracinha Caiado,65.62,0.625,secondary:Gustavo Gayer=20.6%; hedge:Cintia Dias=0.9%; hedge:Dr. Zacharias Calil=5.1%; hedge:Ernesto Roller=1.9%; hedge:Guilherme Darques=0.7%; hedge:Gustavo Mendanha=0.5%; hedge:Isaura Lemos=0.7%; hedge:Iure Castro=0.7%; hedge:Oséias Varão=0.7%; hedge:Vanderlan Cardoso=2.6%,"no independent sources available — sized at floor, using market-implied favorite (RACE_PAGE_MAP در sources/polls.py تنظیم نشده است.)",https://polymarket.com/event/goias-senate-election-1st-place
2026-09-29T21:23:46.786876+00:00,https://polymarket.com/event/goias-senate-election-2nd-place,Goiás Senate Election: 2nd Place,elections,5.274,0.0,0.0,0,Gustavo Gayer,60.38,0.575,secondary:Gracinha Caiado=17.7%; secondary:Dr. Zacharias Calil=6.1%; hedge:Cintia Dias=0.2%; hedge:Ernesto Roller=0.2%; hedge:Guilherme Darques=0.1%; hedge:Gustavo Mendanha=7.1%; hedge:Isaura Lemos=0.1%; hedge:Iure Castro=0.6%; hedge:Oséias Varão=0.9%; hedge:Vanderlan Cardoso=6.7%,"no independent sources available — sized at floor, using market-implied favorite (RACE_PAGE_MAP در sources/polls.py تنظیم نشده است.)",https://polymarket.com/event/goias-senate-election-2nd-place
2026-09-29T21:23:46.787104+00:00,https://polymarket.com/event/maranhao-senate-election-2nd-place,Maranhão Senate Election: 2nd Place,elections,5.274,0.0,0.0,0,Fufuca,35.0,0.27,secondary:Weverton Rocha=14.5%; secondary:Roseana Sarney=12.4%; secondary:Lahesio Bonfim=12.1%; hedge:Cidônio Gonçalves=1.4%; hedge:Dr. Hilton Gonçalo=1.4%; hedge:Eliziane Gama=21.7%; hedge:Enilton Rodrigues=0.3%; hedge:Raimundo Moreira=0.7%; hedge:Simplício Araújo=0.1%; hedge:Wilson Leite=0.3%,"no independent sources available — sized at floor, using market-implied favorite (RACE_PAGE_MAP در sources/polls.py تنظیم نشده است.)",https://polymarket.com/event/maranhao-senate-election-2nd-place
2026-09-29T21:23:46.787330+00:00,https://polymarket.com/event/maranhao-senate-election-1st-place,Maranhão Senate Election: 1st Place,elections,5.274,0.0,0.0,0,Roseana Sarney,58.8,0.56,secondary:Fufuca=13.3%; secondary:Lahesio Bonfim=11.4%; hedge:Cidônio Gonçalves=0.1%; hedge:Dr. Hilton Gonçalo=0.8%; hedge:Eliziane Gama=2.1%; hedge:Enilton Rodrigues=0.1%; hedge:Raimundo Moreira=0.5%; hedge:Simplício Araújo=0.3%; hedge:Weverton Rocha=12.2%; hedge:Wilson Leite=0.3%,"no independent sources available — sized at floor, using market-implied favorite (RACE_PAGE_MAP در sources/polls.py تنظیم نشده است.)",https://polymarket.com/event/maranhao-senate-election-1st-place
2026-09-29T21:23:46.787590+00:00,https://polymarket.com/event/minas-gerais-senate-election-1st-place,Minas Gerais Senate Election: 1st Place,elections,5.274,0.0,0.0,0,Marília Campos,42.53,0.405,secondary:Carlos Viana=18.0%; secondary:Domingos Sávio=16.5%; hedge:Arcanjo Pimenta=0.1%; hedge:Áurea Carolina=0.1%; hedge:Carlin Moura=0.1%; hedge:Fidélis Alcântara=0.1%; hedge:Gustavo Galassi=0.1%; hedge:Jordano Metalúrgico=0.1%; hedge:Juiz Ramon Moreira=0.1%; hedge:Manoel Carvalho=0.1%; hedge:Marcelo Aro=0.9%; hedge:Marcelo Heringer=0.1%; hedge:Marco Antônio Superman=0.9%; hedge:Tião Pessoa=0.1%; hedge:Victória Mello Vic=0.1%; hedge:Aécio Neves=20.3%,"no independent sources available — sized at floor, using market-implied favorite (RACE_PAGE_MAP در sources/polls.py تنظیم نشده است.)",https://polymarket.com/event/minas-gerais-senate-election-1st-place
2026-09-29T21:23:46.787828+00:00,https://polymarket.com/event/minas-gerais-senate-election-2nd-place,Minas Gerais Senate Election: 2nd Place,elections,5.274,0.0,0.0,0,Marília Campos,36.22,0.345,secondary:Carlos Viana=20.5%; secondary:Domingos Sávio=17.8%; hedge:Arcanjo Pimenta=0.1%; hedge:Áurea Carolina=0.5%; hedge:Carlin Moura=0.1%; hedge:Fidélis Alcântara=0.1%; hedge:Gustavo Galassi=0.1%; hedge:Jordano Metalúrgico=0.1%; hedge:Juiz Ramon Moreira=0.1%; hedge:Manoel Carvalho=0.1%; hedge:Marcelo Aro=0.6%; hedge:Marcelo Heringer=0.1%; hedge:Marco Antônio Superman=9.2%; hedge:Tião Pessoa=0.1%; hedge:Victória Mello Vic=0.1%; hedge:Aécio Neves=14.6%,"no independent sources available — sized at floor, using market-implied favorite (RACE_PAGE_MAP در sources/polls.py تنظیم نشده است.)",https://polymarket.com/event/minas-gerais-senate-election-2nd-place
2026-09-29T21:23:46.788043+00:00,https://polymarket.com/event/mato-grosso-do-sul-senate-election-2nd-place,Mato Grosso do Sul Senate Election: 2nd Place,elections,5.274,0.0,0.0,0,Capitão Contar,64.05,0.61,secondary:Vander Loubet=13.6%; secondary:Reinaldo Azambuja=8.0%; hedge:Beto do Movimento=0.1%; hedge:Daniel Junior=0.1%; hedge:Luiz Lemes=0.2%; hedge:Roberto Oshiro=0.1%; hedge:Soraya=13.7%; hedge:Valderi Garcia=0.1%; hedge:Valter da Comagran=0.2%,"no independent sources available — sized at floor, using market-implied favorite (RACE_PAGE_MAP در sources/polls.py تنظیم نشده است.)",https://polymarket.com/event/mato-grosso-do-sul-senate-election-2nd-place
2026-09-29T21:23:46.788317+00:00,https://polymarket.com/event/mato-grosso-do-sul-senate-election-1st-place,Mato Grosso do Sul Senate Election: 1st Place,elections,5.274,0.0,0.0,0,Reinaldo Azambuja,70.88,0.675,secondary:Capitão Contar=17.5%; hedge:Beto do Movimento=0.3%; hedge:Daniel Junior=0.3%; hedge:Luiz Lemes=2.6%; hedge:Roberto Oshiro=1.0%; hedge:Soraya=0.3%; hedge:Valderi Garcia=2.6%; hedge:Valter da Comagran=2.9%; hedge:Vander Loubet=1.6%,"no independent sources available — sized at floor, using market-implied favorite (RACE_PAGE_MAP در sources/polls.py تنظیم نشده است.)",https://polymarket.com/event/mato-grosso-do-sul-senate-election-1st-place
2026-09-29T21:23:46.788561+00:00,https://polymarket.com/event/mato-grosso-senate-election-2nd-place,Mato Grosso Senate Election: 2nd Place,elections,5.274,0.0,0.0,0,Janaina Riva,76.65,0.73,secondary:Mauro Mendes=9.1%; secondary:Jose Medeiros=4.9%; hedge:Beny Godoy=0.2%; hedge:Coronel Darwin=0.1%; hedge:Fávaro=3.7%; hedge:Galvan=0.2%; hedge:Margareth Buzetti=0.1%; hedge:Pedro Taques=4.6%; hedge:Professor Nelson Ferreira=0.3%,"no independent sources available — sized at floor, using market-implied favorite (RACE_PAGE_MAP در sources/polls.py تنظیم نشده است.)",https://polymarket.com/event/mato-grosso-senate-election-2nd-place
2026-09-29T21:23:46.788754+00:00,https://polymarket.com/event/mato-grosso-senate-election-1st-place,Mato Grosso Senate Election: 1st Place,elections,5.274,0.0,0.0,0,Mauro Mendes,85.58,0.815,secondary:Janaina Riva=8.7%; hedge:Beny Godoy=1.0%; hedge:Coronel Darwin=2.1%; hedge:Fávaro=0.3%; hedge:Galvan=0.4%; hedge:Jose Medeiros=0.8%; hedge:Margareth Buzetti=0.2%; hedge:Pedro Taques=0.9%; hedge:Professor Nelson Ferreira=0.2%,"no independent sources available — sized at floor, using market-implied favorite (RACE_PAGE_MAP در sources/polls.py تنظیم نشده است.)",https://polymarket.com/event/mato-grosso-senate-election-1st-place
2026-09-29T21:23:46.788954+00:00,https://polymarket.com/event/para-senate-election-1st-place,Pará Senate Election: 1st Place,elections,5.274,0.0,0.0,0,Helder,88.2,0.84,secondary:Delegado Éder Mauro=7.1%; hedge:Breno Guimarães=0.1%; hedge:Celso Sabino=0.2%; hedge:Chicão=2.1%; hedge:Conti=0.2%; hedge:Edlaine Rodrigues=0.6%; hedge:Fernanda Lopes=0.2%; hedge:Gizelle Freitas=0.2%; hedge:Willem da Silva=0.1%; hedge:Zequinha Marinho=1.0%,"no independent sources available — sized at floor, using market-implied favorite (RACE_PAGE_MAP در sources/polls.py تنظیم نشده است.)",https://polymarket.com/event/para-senate-election-1st-place
2026-09-29T21:23:46.789150+00:00,https://polymarket.com/event/paraiba-senate-election-1st-place,Paraíba Senate Election: 1st Place,elections,5.274,0.0,0.0,0,Joao Azevêdo,89.25,0.85,secondary:Nabor=6.5%; hedge:Adriano Trajano=0.1%; hedge:André Gadelha=0.3%; hedge:Dr. Marcelo Queiroga=0.3%; hedge:João Batista=0.2%; hedge:Major Fábio=0.2%; hedge:Rinaldo Júnior=0.2%; hedge:Rosilene Santana=0.1%; hedge:Veneziano=3.0%,"no independent sources available — sized at floor, using market-implied favorite (RACE_PAGE_MAP در sources/polls.py تنظیم نشده است.)",https://polymarket.com/event/paraiba-senate-election-1st-place
2026-09-29T21:23:46.789363+00:00,https://polymarket.com/event/pernambuco-senate-election-1st-place,Pernambuco Senate Election: 1st Place,elections,5.274,0.0,0.0,0,Marília Arraes,80.33,0.765,secondary:Humberto Costa=11.8%; hedge:Carlos Sant'Anna=0.1%; hedge:Eduardo da Fonte=2.6%; hedge:Gorett Bitu=0.1%; hedge:Mailson da Silva Neto=0.1%; hedge:Mariano Macedo=0.1%; hedge:Mendonça Filho=4.3%; hedge:Pastor Gilvan Costa=0.0%; hedge:Paulo Rubem Santiago=0.3%; hedge:Samuel Timoteo=0.0%; hedge:Túlio Gadêlha=0.1%,"no independent sources available — sized at floor, using market-implied favorite (RACE_PAGE_MAP در sources/polls.py تنظیم نشده است.)",https://polymarket.com/event/pernambuco-senate-election-1st-place
2026-09-29T21:23:46.789647+00:00,https://polymarket.com/event/piaui-senate-election-1st-place,Piauí Senate Election: 1st Place,elections,5.274,0.0,0.0,0,Marcelo Castro,59.85,0.57,secondary:Ciro Nogueira=14.2%; secondary:Julio Cesar=9.9%; hedge:Alexandre Mariano=0.9%; hedge:Antônio Barros=0.9%; hedge:Antônio José Lira=0.9%; hedge:Cloves José=0.9%; hedge:Danniel Rocha=0.9%; hedge:Dionisio Carvalho=0.9%; hedge:Francinaldo Leão=0.9%; hedge:Irmão Evandro Marques=0.9%; hedge:Jardenya Bezerra=0.9%; hedge:Jorge Lopes=0.9%; hedge:Major Paulo Roberto=0.9%; hedge:Maria Madalena Nunes=0.9%; hedge:Missionário Evandro Craveiro=0.9%; hedge:Pastor Sena=0.9%; hedge:Pedro Laurentino=0.9%; hedge:Tiago Junqueira=0.9%; hedge:Toinho Dufrango=0.9%,"no independent sources available — sized at floor, using market-implied favorite (RACE_PAGE_MAP در sources/polls.py تنظیم نشده است.)",https://polymarket.com/event/piaui-senate-election-1st-place
2026-09-29T21:23:46.789872+00:00,https://polymarket.com/event/parana-senate-election-1st-place,Paraná Senate Election: 1st Place,elections,5.274,0.0,0.0,0,Deltan Dallagnol,48.83,0.465,secondary:Filipe Barros=15.8%; secondary:Alexandre Curi=14.9%; hedge:Cristina Reis Graeml=1.2%; hedge:Dr. Rosinha=0.4%; hedge:Gleisi=18.0%; hedge:Karen Guerreiro=0.4%; hedge:Marcelo Marcelino=0.4%,"no independent sources available — sized at floor, using market-implied favorite (RACE_PAGE_MAP در sources/polls.py تنظیم نشده است.)",https://polymarket.com/event/parana-senate-election-1st-place
2026-09-29T21:23:46.790086+00:00,https://polymarket.com/event/rio-de-janeiro-senate-election-1st-place,Rio de Janeiro Senate Election: 1st Place,elections,5.274,0.0,0.0,0,Benedita da Silva,56.18,0.535,secondary:Carlos Jordy=21.4%; secondary:Carlos Portinho=4.9%; hedge:André Monteiro=0.1%; hedge:Helio Secco=0.1%; hedge:Luciano Mattos=0.1%; hedge:Luiz Eugenio=0.1%; hedge:Marcelo Crivella=9.1%; hedge:Marcos Dias=0.1%; hedge:Michelly Xavier=0.1%; hedge:Monica Benicio=0.1%; hedge:Ó Clemente=0.1%; hedge:Paula Falcão=0.1%; hedge:Pedro Paulo=7.3%; hedge:Vinicius Benevides=0.1%; hedge:Waguinho=0.1%,"no independent sources available — sized at floor, using market-implied favorite (RACE_PAGE_MAP در sources/polls.py تنظیم نشده است.)",https://polymarket.com/event/rio-de-janeiro-senate-election-1st-place
2026-09-29T21:23:46.790315+00:00,https://polymarket.com/event/rio-grande-do-norte-senate-election-1st-place,Rio Grande do Norte Senate Election: 1st Place,elections,5.274,0.0,0.0,0,Styvenson Valentim,85.58,0.815,secondary:Zenaide Maia=8.7%; hedge:Clóvis Costa do Coletivo Nós=0.2%; hedge:Coronel Hélio=0.3%; hedge:Gari Wendell Batista=0.5%; hedge:Linhares Jiboia=0.3%; hedge:Luciana Mandu=0.6%; hedge:Professor Guilherme=0.3%; hedge:Rafael Motta=1.6%; hedge:Rosália Fernandes=0.4%; hedge:Samanda de Lula=1.4%; hedge:Sandro Pimentel=0.1%; hedge:Sonia Godeiro=0.1%; hedge:Tércio Tinôco=0.1%,"no independent sources available — sized at floor, using market-implied favorite (RACE_PAGE_MAP در sources/polls.py تنظیم نشده است.)",https://polymarket.com/event/rio-grande-do-norte-senate-election-1st-place
2026-09-29T21:23:46.790565+00:00,https://polymarket.com/event/rondonia-senate-election-1st-place,Rondônia Senate Election: 1st Place,elections,5.274,0.0,0.0,0,Dr. Fernando Máximo,54.08,0.515,secondary:Sílvia Cristina=21.2%; secondary:Bruno Bolsonaro Scheid=6.4%; hedge:Acir Gurgacz=3.9%; hedge:Aires Mota=0.8%; hedge:Engenheiro Thulio=1.7%; hedge:Luciana Oliveira=0.9%; hedge:Luis Fernando=2.4%; hedge:Mariana Carvalho=8.0%; hedge:Neidinha=0.6%,"no independent sources available — sized at floor, using market-implied favorite (RACE_PAGE_MAP در sources/polls.py تنظیم نشده است.)",https://polymarket.com/event/rondonia-senate-election-1st-place
2026-09-29T21:23:46.790795+00:00,https://polymarket.com/event/roraima-senate-election-1st-place,Roraima Senate Election: 1st Place,elections,5.274,0.0,0.0,0,Teresa Surita,65.62,0.625,secondary:Nicoletti=20.6%; hedge:Bartô Macuxi=0.1%; hedge:Chico Rodrigues=5.1%; hedge:Helena da Asatur=7.8%; hedge:Helio Bolsonaro=0.5%; hedge:Hilton Xavier=0.1%; hedge:Hiperion de Oliveira=0.1%; hedge:Márcio Junqueira=0.1%; hedge:Mario Rocha=0.1%; hedge:Pastor Isamar=0.1%; hedge:Regina Tio Ivo=0.1%; hedge:Rogério Miranda=0.1%,"no independent sources available — sized at floor, using market-implied favorite (RACE_PAGE_MAP در sources/polls.py تنظیم نشده است.)",https://polymarket.com/event/roraima-senate-election-1st-place
2026-09-29T21:23:46.791023+00:00,https://polymarket.com/event/rio-grande-do-sul-senate-election-1st-place,Rio Grande do Sul Senate Election: 1st Place,elections,5.274,0.0,0.0,0,Marcel Van Hattem,81.9,0.78,secondary:Manuela D'Ávila=10.9%; hedge:Daniela Mulheres Socialistas=0.0%; hedge:Frederico Antunes=0.0%; hedge:Milton Cardoso=0.0%; hedge:Pimenta=2.3%; hedge:Regis Ethur=0.0%; hedge:Renato Jaguarão=0.0%; hedge:Ric Jones=0.0%; hedge:Rigotto=2.3%; hedge:Sanderson=2.5%; hedge:Tania Peres=0.0%,"no independent sources available — sized at floor, using market-implied favorite (RACE_PAGE_MAP در sources/polls.py تنظیم نشده است.)",https://polymarket.com/event/rio-grande-do-sul-senate-election-1st-place
2026-09-29T21:23:46.791233+00:00,https://polymarket.com/event/santa-catarina-senate-election-1st-place,Santa Catarina Senate Election: 1st Place,elections,5.274,0.0,0.0,0,Carol de Toni,76.12,0.725,secondary:Carlos Bolsonaro=7.6%; secondary:Esperidião Amin=6.7%; hedge:Afrânio Boppré=0.6%; hedge:Ana Lucia da Silveira Machado=1.7%; hedge:Carol=1.1%; hedge:Décio Lima=1.7%; hedge:Jeferson da Rocha=0.6%; hedge:Joaninha de Oliveira=0.6%; hedge:Lunelli=0.6%; hedge:Marcos Dorval=1.1%; hedge:Marlene Soccas=0.6%; hedge:Túlio de Amorim Pfuetzenreiter=1.1%,"no independent sources available — sized at floor, using market-implied favorite (RACE_PAGE_MAP در sources/polls.py تنظیم نشده است.)",https://polymarket.com/event/santa-catarina-senate-election-1st-place
2026-09-29T21:23:46.791475+00:00,https://polymarket.com/event/sergipe-senate-election-1st-place,Sergipe Senate Election: 1st Place,elections,5.274,0.0,0.0,0,Delegado André David,38.32,0.365,secondary:Rogerio Carvalho=19.6%; secondary:André Moura=17.4%; hedge:Coronel Rocha=0.1%; hedge:Delegado Alessandro=5.9%; hedge:Eduardo Amorim=4.2%; hedge:Edvaldo=9.5%; hedge:Iran Barbosa=1.9%; hedge:Paulinho da União Tur=0.5%; hedge:Renatinha=0.2%; hedge:Rodrigo Valadares=2.3%,"no independent sources available — sized at floor, using market-implied favorite (RACE_PAGE_MAP در sources/polls.py تنظیم نشده است.)",https://polymarket.com/event/sergipe-senate-election-1st-place
2026-09-29T21:23:46.791710+00:00,https://polymarket.com/event/sao-paulo-senate-election-1st-place,São Paulo Senate Election: 1st Place,elections,5.274,0.0,0.0,0,Guilherme Derrite,75.08,0.715,secondary:André do Prado=9.3%; secondary:Simone Tebet=5.6%; hedge:Dra. Eliana Ferreira=0.1%; hedge:Ednelson Cesaretti=0.1%; hedge:Geraldo Rufino=0.1%; hedge:Maíra de Souza=0.1%; hedge:Marcio Alves=0.1%; hedge:Marina Silva=8.5%; hedge:Petter Maahs=0.1%; hedge:Salles=1.0%; hedge:Soninha Francine=0.1%; hedge:Weller Gonçalves=0.1%; hedge:William Teixeira=0.1%,"no independent sources available — sized at floor, using market-implied favorite (RACE_PAGE_MAP در sources/polls.py تنظیم نشده است.)",https://polymarket.com/event/sao-paulo-senate-election-1st-place
2026-09-29T21:23:46.791937+00:00,https://polymarket.com/event/tocantins-senate-election-1st-place,Tocantins Senate Election: 1st Place,elections,5.274,0.0,0.0,0,Eduardo Gomes,83.48,0.795,secondary:Alexandre Guimarães=9.9%; hedge:Apóstolo Flavio Braga=0.0%; hedge:Eli Borges=0.8%; hedge:Fábio Ribeiro=0.0%; hedge:Gaguim=5.1%; hedge:Helio Rodrigues Bolsonaro=0.0%; hedge:Nilton Santos=0.0%; hedge:Osvany Luz=0.1%; hedge:Paulo Mourão=0.3%; hedge:Professor Osvaldo=0.1%; hedge:Ronaldo Dimas=0.0%; hedge:Vanderlei Luxemburgo=0.1%,"no independent sources available — sized at floor, using market-implied favorite (RACE_PAGE_MAP در sources/polls.py تنظیم نشده است.)",https://polymarket.com/event/tocantins-senate-election-1st-place
2026-09-29T21:23:46.792157+00:00,https://polymarket.com/event/para-senate-election-2nd-place,Pará Senate Election: 2nd Place,elections,5.274,0.0,0.0,0,Delegado Éder Mauro,50.92,0.485,secondary:Chicão=15.6%; secondary:Celso Sabino=7.2%; secondary:Zequinha Marinho=6.7%; hedge:Breno Guimarães=0.4%; hedge:Conti=1.3%; hedge:Edlaine Rodrigues=0.4%; hedge:Fernanda Lopes=2.0%; hedge:Gizelle Freitas=0.6%; hedge:Helder=14.3%; hedge:Willem da Silva=0.6%,"no independent sources available — sized at floor, using market-implied favorite (RACE_PAGE_MAP در sources/polls.py تنظیم نشده است.)",https://polymarket.com/event/para-senate-election-2nd-place
2026-09-29T21:23:46.792377+00:00,https://polymarket.com/event/paraiba-senate-election-2nd-place,Paraíba Senate Election: 2nd Place,elections,5.274,0.0,0.0,0,Veneziano,58.8,0.56,secondary:Nabor=24.7%; hedge:Adriano Trajano=1.1%; hedge:André Gadelha=0.1%; hedge:Dr. Marcelo Queiroga=8.3%; hedge:Joao Azevêdo=6.3%; hedge:João Batista=0.1%; hedge:Major Fábio=0.1%; hedge:Rinaldo Júnior=0.1%; hedge:Rosilene Santana=0.1%,"no independent sources available — sized at floor, using market-implied favorite (RACE_PAGE_MAP در sources/polls.py تنظیم نشده است.)",https://polymarket.com/event/paraiba-senate-election-2nd-place
2026-09-29T21:23:46.792631+00:00,https://polymarket.com/event/pernambuco-senate-election-2nd-place,Pernambuco Senate Election: 2nd Place,elections,5.274,0.0,0.0,0,Humberto Costa,50.4,0.48,secondary:Mendonça Filho=17.5%; secondary:Marília Arraes=12.2%; hedge:Carlos Sant'Anna=0.1%; hedge:Eduardo da Fonte=11.2%; hedge:Gorett Bitu=0.1%; hedge:Mailson da Silva Neto=0.1%; hedge:Mariano Macedo=0.1%; hedge:Pastor Gilvan Costa=0.4%; hedge:Paulo Rubem Santiago=0.1%; hedge:Samuel Timoteo=0.1%; hedge:Túlio Gadêlha=7.6%,"no independent sources available — sized at floor, using market-implied favorite (RACE_PAGE_MAP در sources/polls.py تنظیم نشده است.)",https://polymarket.com/event/pernambuco-senate-election-2nd-place
2026-09-29T21:23:46.792873+00:00,https://polymarket.com/event/piaui-senate-election-2nd-place,Piauí Senate Election: 2nd Place,elections,5.274,0.0,0.0,0,Julio Cesar,51.45,0.49,secondary:Marcelo Castro=18.0%; secondary:Ciro Nogueira=11.2%; hedge:Alexandre Mariano=0.4%; hedge:Antônio Barros=0.1%; hedge:Antônio José Lira=0.1%; hedge:Cloves José=0.4%; hedge:Danniel Rocha=0.1%; hedge:Dionisio Carvalho=0.1%; hedge:Francinaldo Leão=0.4%; hedge:Irmão Evandro Marques=0.1%; hedge:Jardenya Bezerra=0.4%; hedge:Jorge Lopes=0.1%; hedge:Major Paulo Roberto=0.1%; hedge:Maria Madalena Nunes=0.4%; hedge:Missionário Evandro Craveiro=0.4%; hedge:Pastor Sena=0.1%; hedge:Pedro Laurentino=0.1%; hedge:Tiago Junqueira=15.2%; hedge:Toinho Dufrango=0.4%,"no independent sources available — sized at floor, using market-implied favorite (RACE_PAGE_MAP در sources/polls.py تنظیم نشده است.)",https://polymarket.com/event/piaui-senate-election-2nd-place
2026-09-29T21:23:46.793088+00:00,https://polymarket.com/event/parana-senate-election-2nd-place,Paraná Senate Election: 2nd Place,elections,5.274,0.0,0.0,0,Alexandre Curi,37.27,0.355,secondary:Filipe Barros=23.1%; secondary:Deltan Dallagnol=8.1%; secondary:Cristina Reis Graeml=6.4%; hedge:Dr. Rosinha=0.1%; hedge:Gleisi=24.6%; hedge:Karen Guerreiro=0.1%; hedge:Marcelo Marcelino=0.1%,"no independent sources available — sized at floor, using market-implied favorite (RACE_PAGE_MAP در sources/polls.py تنظیم نشده است.)",https://polymarket.com/event/parana-senate-election-2nd-place
2026-09-29T21:23:46.793305+00:00,https://polymarket.com/event/rio-de-janeiro-senate-election-2nd-place,Rio de Janeiro Senate Election: 2nd Place,elections,5.274,0.0,0.0,0,Carlos Jordy,51.98,0.495,secondary:Benedita da Silva=12.9%; secondary:Carlos Portinho=8.2%; secondary:Marcelo Crivella=7.8%; hedge:André Monteiro=0.1%; hedge:Helio Secco=0.1%; hedge:Luciano Mattos=0.1%; hedge:Luiz Eugenio=0.1%; hedge:Marcos Dias=0.1%; hedge:Michelly Xavier=0.1%; hedge:Monica Benicio=0.4%; hedge:Ó Clemente=0.1%; hedge:Paula Falcão=0.1%; hedge:Pedro Paulo=17.4%; hedge:Vinicius Benevides=0.1%; hedge:Waguinho=0.2%,"no independent sources available — sized at floor, using market-implied favorite (RACE_PAGE_MAP در sources/polls.py تنظیم نشده است.)",https://polymarket.com/event/rio-de-janeiro-senate-election-2nd-place
2026-09-29T21:23:46.793560+00:00,https://polymarket.com/event/rio-grande-do-norte-senate-election-2nd-place,Rio Grande do Norte Senate Election: 2nd Place,elections,5.274,0.0,0.0,0,Zenaide Maia,58.8,0.56,secondary:Samanda de Lula=13.1%; secondary:Styvenson Valentim=11.7%; hedge:Clóvis Costa do Coletivo Nós=0.3%; hedge:Coronel Hélio=4.2%; hedge:Gari Wendell Batista=0.1%; hedge:Linhares Jiboia=0.1%; hedge:Luciana Mandu=0.3%; hedge:Professor Guilherme=0.2%; hedge:Rafael Motta=10.9%; hedge:Rosália Fernandes=0.2%; hedge:Sandro Pimentel=0.1%; hedge:Sonia Godeiro=0.1%; hedge:Tércio Tinôco=0.2%,"no independent sources available — sized at floor, using market-implied favorite (RACE_PAGE_MAP در sources/polls.py تنظیم نشده است.)",https://polymarket.com/event/rio-grande-do-norte-senate-election-2nd-place
2026-09-29T21:23:46.793776+00:00,https://polymarket.com/event/rondonia-senate-election-2nd-place,Rondônia Senate Election: 2nd Place,elections,5.274,0.0,0.0,0,Sílvia Cristina,42.53,0.405,secondary:Bruno Bolsonaro Scheid=21.8%; secondary:Dr. Fernando Máximo=6.8%; secondary:Acir Gurgacz=5.9%; hedge:Aires Mota=6.2%; hedge:Engenheiro Thulio=0.4%; hedge:Luciana Oliveira=0.5%; hedge:Luis Fernando=0.5%; hedge:Mariana Carvalho=14.3%; hedge:Neidinha=1.0%,"no independent sources available — sized at floor, using market-implied favorite (RACE_PAGE_MAP در sources/polls.py تنظیم نشده است.)",https://polymarket.com/event/rondonia-senate-election-2nd-place
2026-09-29T21:23:46.794001+00:00,https://polymarket.com/event/roraima-senate-election-2nd-place,Roraima Senate Election: 2nd Place,elections,5.274,0.0,0.0,0,Nicoletti,59.01,0.562,secondary:Teresa Surita=24.6%; hedge:Bartô Macuxi=0.1%; hedge:Chico Rodrigues=4.6%; hedge:Helena da Asatur=7.4%; hedge:Helio Bolsonaro=3.7%; hedge:Hilton Xavier=0.1%; hedge:Hiperion de Oliveira=0.1%; hedge:Márcio Junqueira=0.1%; hedge:Mario Rocha=0.2%; hedge:Pastor Isamar=0.1%; hedge:Regina Tio Ivo=0.1%; hedge:Rogério Miranda=0.1%,"no independent sources available — sized at floor, using market-implied favorite (RACE_PAGE_MAP در sources/polls.py تنظیم نشده است.)",https://polymarket.com/event/roraima-senate-election-2nd-place
2026-09-29T21:23:46.794291+00:00,https://polymarket.com/event/rio-grande-do-sul-senate-election-2nd-place,Rio Grande do Sul Senate Election: 2nd Place,elections,5.274,0.0,0.0,0,Sanderson,64.89,0.618,secondary:Manuela D'Ávila=11.6%; secondary:Marcel Van Hattem=9.5%; hedge:Daniela Mulheres Socialistas=0.0%; hedge:Frederico Antunes=0.0%; hedge:Milton Cardoso=0.0%; hedge:Pimenta=7.2%; hedge:Regis Ethur=0.0%; hedge:Renato Jaguarão=0.0%; hedge:Ric Jones=0.0%; hedge:Rigotto=6.5%; hedge:Tania Peres=0.0%,"no independent sources available — sized at floor, using market-implied favorite (RACE_PAGE_MAP در sources/polls.py تنظیم نشده است.)",https://polymarket.com/event/rio-grande-do-sul-senate-election-2nd-place
2026-09-29T21:23:46.794547+00:00,https://polymarket.com/event/santa-catarina-senate-election-2nd-place,Santa Catarina Senate Election: 2nd Place,elections,5.274,0.0,0.0,0,Carlos Bolsonaro,45.67,0.435,secondary:Esperidião Amin=25.5%; secondary:Carol de Toni=7.1%; hedge:Afrânio Boppré=0.7%; hedge:Ana Lucia da Silveira Machado=0.7%; hedge:Carol=0.7%; hedge:Décio Lima=15.6%; hedge:Jeferson da Rocha=0.7%; hedge:Joaninha de Oliveira=0.7%; hedge:Lunelli=0.7%; hedge:Marcos Dorval=0.7%; hedge:Marlene Soccas=0.7%; hedge:Túlio de Amorim Pfuetzenreiter=0.7%,"no independent sources available — sized at floor, using market-implied favorite (RACE_PAGE_MAP در sources/polls.py تنظیم نشده است.)",https://polymarket.com/event/santa-catarina-senate-election-2nd-place
2026-09-29T21:23:46.794775+00:00,https://polymarket.com/event/sergipe-senate-election-2nd-place,Sergipe Senate Election: 2nd Place,elections,5.274,0.0,0.0,0,Rogerio Carvalho,35.0,0.305,secondary:André Moura=11.7%; secondary:Delegado André David=11.5%; secondary:Rodrigo Valadares=8.4%; secondary:Eduardo Amorim=7.4%; hedge:Coronel Rocha=0.1%; hedge:Delegado Alessandro=23.8%; hedge:Edvaldo=1.4%; hedge:Iran Barbosa=0.1%; hedge:Paulinho da União Tur=0.3%; hedge:Renatinha=0.3%,"no independent sources available — sized at floor, using market-implied favorite (RACE_PAGE_MAP در sources/polls.py تنظیم نشده است.)",https://polymarket.com/event/sergipe-senate-election-2nd-place
2026-09-29T21:23:46.795036+00:00,https://polymarket.com/event/sao-paulo-senate-election-2nd-place,São Paulo Senate Election: 2nd Place,elections,5.274,0.0,0.0,0,André do Prado,65.1,0.62,secondary:Guilherme Derrite=13.1%; secondary:Marina Silva=7.8%; hedge:Dra. Eliana Ferreira=0.1%; hedge:Ednelson Cesaretti=0.1%; hedge:Geraldo Rufino=0.1%; hedge:Maíra de Souza=0.1%; hedge:Marcio Alves=0.1%; hedge:Petter Maahs=0.1%; hedge:Salles=0.1%; hedge:Simone Tebet=13.3%; hedge:Soninha Francine=0.1%; hedge:Weller Gonçalves=0.1%; hedge:William Teixeira=0.1%,"no independent sources available — sized at floor, using market-implied favorite (RACE_PAGE_MAP در sources/polls.py تنظیم نشده است.)",https://polymarket.com/event/sao-paulo-senate-election-2nd-place
2026-09-29T21:23:46.795284+00:00,https://polymarket.com/event/tocantins-senate-election-2nd-place,Tocantins Senate Election: 2nd Place,elections,5.274,0.0,0.0,0,Gaguim,46.83,0.446,secondary:Alexandre Guimarães=20.9%; secondary:Eduardo Gomes=11.0%; hedge:Apóstolo Flavio Braga=0.6%; hedge:Eli Borges=7.2%; hedge:Fábio Ribeiro=0.2%; hedge:Helio Rodrigues Bolsonaro=0.3%; hedge:Nilton Santos=0.7%; hedge:Osvany Luz=0.9%; hedge:Paulo Mourão=2.0%; hedge:Professor Osvaldo=0.2%; hedge:Ronaldo Dimas=1.1%; hedge:Vanderlei Luxemburgo=8.2%,"no independent sources available — sized at floor, using market-implied favorite (RACE_PAGE_MAP در sources/polls.py تنظیم نشده است.)",https://polymarket.com/event/tocantins-senate-election-2nd-place
2026-09-30T21:25:18.705639+00:00,https://polymarket.com/event/bitcoin-all-time-high-by,Bitcoin all time high by ___?,crypto,0.273,0.0,0.0,0,"September 30, 2026",35.0,0.0005,,"no independent sources available — sized at floor, using market-implied favorite (crypto API/.env؟)",https://polymarket.com/event/bitcoin-all-time-high-by
2026-09-30T21:25:18.705918+00:00,https://polymarket.com/event/ethereum-all-time-high-by,Ethereum all time high by ___?,crypto,0.273,0.0,0.0,0,"September 30, 2026",35.0,0.0005,,"no independent sources available — sized at floor, using market-implied favorite (crypto API/.env؟)",https://polymarket.com/event/ethereum-all-time-high-by
2026-09-30T21:25:18.706042+00:00,https://polymarket.com/event/crude-oil-all-time-high-by,Crude Oil all time high by...?,commodities,0.273,0.0,0.0,0,September 30,35.0,0.0005,,"no independent sources available — sized at floor, using market-implied favorite (commodities API/.env؟)",https://polymarket.com/event/crude-oil-all-time-high-by
2026-09-30T21:25:18.706163+00:00,https://polymarket.com/event/us-announces-cuba-oil-sanction-relief-by-june-30,US announces Cuba oil sanction relief by...?,commodities,0.273,0.0,0.0,0,September 30,35.0,0.185,,"no independent sources available — sized at floor, using market-implied favorite (commodities API/.env؟)",https://polymarket.com/event/us-announces-cuba-oil-sanction-relief-by-june-30
2026-09-30T21:25:18.706390+00:00,https://polymarket.com/event/will-the-senate-pass-another-reconciliation-bill-byptptpt-20260626182134623,Will the Senate pass another reconciliation bill by...?,elections,0.273,0.0,0.0,0,September 30,35.0,0.0125,,"no independent sources available — sized at floor, using market-implied favorite (RACE_PAGE_MAP در sources/polls.py تنظیم نشده است.)",https://polymarket.com/event/will-the-senate-pass-another-reconciliation-bill-byptptpt-20260626182134623
2026-09-30T21:25:18.706550+00:00,https://polymarket.com/event/will-the-us-senate-pass-at-least-20-billion-in-supplemental-war-funding-by-september-30-20260626210022880,Will the US Senate pass at least $20 billion in supplemental War Funding by September 30?,elections,0.273,0.0,0.0,0,Will the US Senate pass at least $20 billion in supplemental War Funding by September 30?,35.0,0.024,,"no independent sources available — sized at floor, using market-implied favorite (RACE_PAGE_MAP در sources/polls.py تنظیم نشده است.)",https://polymarket.com/event/will-the-us-senate-pass-at-least-20-billion-in-supplemental-war-funding-by-september-30-20260626210022880
2026-09-30T21:25:18.706717+00:00,https://polymarket.com/event/lisa-cook-officially-out-as-fed-governor-byptptpt-20260807214943167,Lisa Cook officially out as Fed Governor by...?,fed,0.273,0.0,0.0,0,September 30,35.0,0.0005,,"no independent sources available — sized at floor, using market-implied favorite (fed API/.env؟)",https://polymarket.com/event/lisa-cook-officially-out-as-fed-governor-byptptpt-20260807214943167
2026-09-30T21:25:18.706942+00:00,https://polymarket.com/event/so-paulo-governor-election-winner,São Paulo Governor Election Winner,elections,4.273,0.0,0.0,0,Tarcísio de Freitas,100.0,0.9955,,"no independent sources available — sized at floor, using market-implied favorite (RACE_PAGE_MAP در sources/polls.py تنظیم نشده است.)",https://polymarket.com/event/so-paulo-governor-election-winner
2026-09-30T21:25:18.707212+00:00,https://polymarket.com/event/minas-gerais-governor-election-winner,Minas Gerais Governor Election Winner,elections,4.273,0.0,0.0,0,Cleitinho Azevedo,98.91,0.942,hedge:Rodrigo Pacheco=0.0%; hedge:Nikolas Ferreira=0.0%; hedge:Alexandre Kalil=0.1%; hedge:Mateus Simões=0.0%; hedge:Tadeu Leite=0.0%; hedge:Aécio Neves=0.0%; hedge:Alexandre Silveira=0.0%; hedge:Gabriel Azevedo=0.0%; hedge:Benoni Mendes=0.0%; hedge:Patrus Ananias=0.2%; hedge:Marcelo Aro=0.0%; hedge:Flávio Roscoe=0.1%; hedge:Vittorio Medioli=0.0%; hedge:Luís Eduardo Falcão=0.0%; hedge:Euclydes Pettersen=0.0%; hedge:Gleidson Azevedo=0.0%,"no independent sources available — sized at floor, using market-implied favorite (RACE_PAGE_MAP در sources/polls.py تنظیم نشده است.)",https://polymarket.com/event/minas-gerais-governor-election-winner
2026-09-30T21:25:18.707450+00:00,https://polymarket.com/event/bahia-governor-election-winner,Bahia Governor Election Winner,elections,4.273,0.0,0.0,0,Jerônimo Rodrigues,64.58,0.615,secondary:ACM Neto=21.2%; hedge:João Roma=2.8%; hedge:José Carlos Aleluia=2.8%; hedge:Kleber Rosa=2.8%; hedge:Rui Costa=2.8%; hedge:Bruno Soares Reis=2.8%,"no independent sources available — sized at floor, using market-implied favorite (RACE_PAGE_MAP در sources/polls.py تنظیم نشده است.)",https://polymarket.com/event/bahia-governor-election-winner
2026-09-30T21:25:18.707632+00:00,https://polymarket.com/event/cear-governor-election-winner,Ceará Governor Election Winner,elections,4.273,0.0,0.0,0,Elmano de Freitas,69.83,0.665,secondary:Ciro Gomes=18.1%; hedge:Eduardo Girão=3.0%; hedge:Capitão Wagner=3.0%; hedge:Roberto Cláudio=3.0%; hedge:Camilo Santana=3.0%,"no independent sources available — sized at floor, using market-implied favorite (RACE_PAGE_MAP در sources/polls.py تنظیم نشده است.)",https://polymarket.com/event/cear-governor-election-winner
2026-09-30T21:25:18.707791+00:00,https://polymarket.com/event/rio-grande-do-sul-governor-election-winner,Rio Grande do Sul Governor Election Winner,elections,4.273,0.0,0.0,0,Luciano Zucco,89.78,0.855,secondary:Juliana Brizola=6.1%; hedge:Marcelo Maranata=0.1%; hedge:Gabriel Souza=4.0%; hedge:Luis Carlos Heinze=0.1%,"no independent sources available — sized at floor, using market-implied favorite (RACE_PAGE_MAP در sources/polls.py تنظیم نشده است.)",https://polymarket.com/event/rio-grande-do-sul-governor-election-winner
2026-09-30T21:25:18.707975+00:00,https://polymarket.com/event/para-governor-election-winner-20260609154623298,Pará Governor Election Winner,elections,4.273,0.0,0.0,0,Hana Ghassan,60.9,0.58,secondary:Dr. Daniel Santos=23.5%; hedge:Éder Mauro=8.7%; hedge:Zequinha Marinho=1.7%; hedge:Rogério Barra=1.7%; hedge:Paulo Rocha=1.7%; hedge:Dirceu Ten Caten=1.7%,"no independent sources available — sized at floor, using market-implied favorite (RACE_PAGE_MAP در sources/polls.py تنظیم نشده است.)",https://polymarket.com/event/para-governor-election-winner-20260609154623298
2026-09-30T21:25:18.708153+00:00,https://polymarket.com/event/goias-governor-election-winner-20260609165823163,Goiás Governor Election Winner,elections,4.273,0.0,0.0,0,Daniel Vilela,100.0,0.982,,"no independent sources available — sized at floor, using market-implied favorite (RACE_PAGE_MAP در sources/polls.py تنظیم نشده است.)",https://polymarket.com/event/goias-governor-election-winner-20260609165823163
2026-09-30T21:25:18.708368+00:00,https://polymarket.com/event/santa-catarina-governor-election-winner-20260609164309743,Santa Catarina Governor Election Winner ,elections,4.273,0.0,0.0,0,Jorginho Mello,100.0,0.9945,,"no independent sources available — sized at floor, using market-implied favorite (RACE_PAGE_MAP در sources/polls.py تنظیم نشده است.)",https://polymarket.com/event/santa-catarina-governor-election-winner-20260609164309743
2026-09-30T21:25:18.708586+00:00,https://polymarket.com/event/parana-governor-election-winner-20260608205118343,Paraná Governor Election Winner,elections,4.273,0.0,0.0,0,Sergio Moro,79.8,0.76,secondary:Sandro Alex=12.1%; hedge:Requião Filho=7.1%; hedge:Rafael Greca=0.2%; hedge:Guto Silva=0.2%; hedge:Alexandre Curi=0.2%; hedge:Beto Richa=0.2%; hedge:Enio Verri=0.2%; hedge:Luiz França=0.2%,"no independent sources available — sized at floor, using market-implied favorite (RACE_PAGE_MAP در sources/polls.py تنظیم نشده است.)",https://polymarket.com/event/parana-governor-election-winner-20260608205118343
2026-09-30T21:25:18.708807+00:00,https://polymarket.com/event/rio-de-janeiro-governor-election-winner-20260608202949176,Rio de Janeiro Governor Election Winner,elections,4.273,0.0,0.0,0,Eduardo Paes,82.32,0.784,secondary:Douglas Ruas=10.6%; hedge:Dr. Luizinho=0.5%; hedge:Eduardo Pazuello=0.5%; hedge:Tarcísio Motta=0.5%; hedge:Anthony Garotinho=0.9%; hedge:Wilson Witzel=0.5%; hedge:André Português=0.5%; hedge:Lindbergh Farias=0.5%; hedge:Felipe Curi=0.5%; hedge:Nicola Miccione=0.5%; hedge:André Ceciliano=0.5%; hedge:Chico Machado=0.5%; hedge:Fred Pacheco=0.5%; hedge:Rafa Luz=0.5%; hedge:Colonel Busnello=0.5%,"no independent sources available — sized at floor, using market-implied favorite (RACE_PAGE_MAP در sources/polls.py تنظیم نشده است.)",https://polymarket.com/event/rio-de-janeiro-governor-election-winner-20260608202949176
2026-09-30T21:25:18.709013+00:00,https://polymarket.com/event/maranhao-governor-election-winner-20260611182113297,Maranhão Governor Election Winner,elections,4.273,0.0,0.0,0,Eduardo Braide,91.88,0.875,secondary:Orleans Brandão=4.9%; hedge:Felipe Camarão=2.3%; hedge:André Luís=0.3%; hedge:Lahesio Bonfim=0.3%; hedge:Enilton Rodrigues=0.3%,"no independent sources available — sized at floor, using market-implied favorite (RACE_PAGE_MAP در sources/polls.py تنظیم نشده است.)",https://polymarket.com/event/maranhao-governor-election-winner-20260611182113297
2026-09-30T21:25:18.709213+00:00,https://polymarket.com/event/paraiba-governor-election-winner-20260611183326566,Paraíba Governor Election Winner,elections,4.273,0.0,0.0,0,Lucas Ribeiro,98.18,0.935,hedge:Efraim Filho=0.5%; hedge:Cícero Lucena=0.1%; hedge:Flávio Lúcio=0.0%; hedge:Romero Rodrigues=0.0%; hedge:Marcelo Queiroga=0.0%; hedge:Veneziano Vital do Rêgo=0.1%; hedge:Nilvan Ferreira=0.1%,"no independent sources available — sized at floor, using market-implied favorite (RACE_PAGE_MAP در sources/polls.py تنظیم نشده است.)",https://polymarket.com/event/paraiba-governor-election-winner-20260611183326566
2026-09-30T21:25:18.709386+00:00,https://polymarket.com/event/espirito-santo-governor-election-winner-20260611183840001,Espírito Santo Governor Election Winner ,elections,4.273,0.0,0.0,0,Ricardo Ferraço,60.9,0.58,secondary:Lorenzo Pazolini=23.5%; hedge:Sergio Vidigal=5.2%; hedge:Arnaldinho Borgo=5.2%; hedge:Euclério Sampaio=5.2%,"no independent sources available — sized at floor, using market-implied favorite (RACE_PAGE_MAP در sources/polls.py تنظیم نشده است.)",https://polymarket.com/event/espirito-santo-governor-election-winner-20260611183840001
2026-09-30T21:25:18.709558+00:00,https://polymarket.com/event/pernambuco-governor-election-winner-20260709143134925,Pernambuco Governor Election Winner,elections,4.273,0.0,0.0,0,Raquel Lyra,52.5,0.5,secondary:João Campos=28.5%; hedge:Ivan Moraes=19.0%,"no independent sources available — sized at floor, using market-implied favorite (RACE_PAGE_MAP در sources/polls.py تنظیم نشده است.)",https://polymarket.com/event/pernambuco-governor-election-winner-20260709143134925
2026-09-30T21:25:18.709814+00:00,https://polymarket.com/event/acre-governor-election-winner,Acre Governor Election Winner,elections,4.273,0.0,0.0,0,Mailza Assis,75.6,0.72,secondary:Alan Rick=14.6%; hedge:Dr. Luisinho=1.2%; hedge:Eudo Raffael=1.2%; hedge:Thor Dantas=1.2%; hedge:Tião Bocalom=6.1%,"no independent sources available — sized at floor, using market-implied favorite (RACE_PAGE_MAP در sources/polls.py تنظیم نشده است.)",https://polymarket.com/event/acre-governor-election-winner
2026-09-30T21:25:18.710048+00:00,https://polymarket.com/event/alagoas-governor-election-winner,Alagoas Governor Election Winner,elections,4.273,0.0,0.0,0,JHC,61.42,0.585,secondary:Renan Filho=23.1%; hedge:Lenilda Luna=7.7%; hedge:Márcio Jambo=7.7%,"no independent sources available — sized at floor, using market-implied favorite (RACE_PAGE_MAP در sources/polls.py تنظیم نشده است.)",https://polymarket.com/event/alagoas-governor-election-winner
2026-09-30T21:25:18.710243+00:00,https://polymarket.com/event/amazonas-governor-election-winner,Amazonas Governor Election Winner,elections,4.273,0.0,0.0,0,Omar Aziz,68.25,0.65,secondary:Professora Maria do Carmo=11.4%; secondary:Roberto Cidade=7.6%; hedge:Cabo Daciolo=2.5%; hedge:David Almeida=8.5%; hedge:Gilberto Vasconcelos=0.8%; hedge:Isael Munduruku=0.8%,"no independent sources available — sized at floor, using market-implied favorite (RACE_PAGE_MAP در sources/polls.py تنظیم نشده است.)",https://polymarket.com/event/amazonas-governor-election-winner
2026-09-30T21:25:18.710464+00:00,https://polymarket.com/event/amapa-governor-election-winner,Amapá Governor Election Winner,elections,4.273,0.0,0.0,0,Dr. Furlan,80.85,0.77,secondary:Clécio Luís=10.7%; secondary:Jairo Palheta=0.4%; secondary:Marcos Reategui=0.4%; secondary:Carlos Cley=7.7%,"no independent sources available — sized at floor, using market-implied favorite (RACE_PAGE_MAP در sources/polls.py تنظیم نشده است.)",https://polymarket.com/event/amapa-governor-election-winner
2026-09-30T21:25:18.710652+00:00,https://polymarket.com/event/mato-grosso-do-sul-governor-election-winner,Mato Grosso do Sul Governor Election Winner,elections,4.273,0.0,0.0,0,Eduardo Riedel,100.0,0.9945,,"no independent sources available — sized at floor, using market-implied favorite (RACE_PAGE_MAP در sources/polls.py تنظیم نشده است.)",https://polymarket.com/event/mato-grosso-do-sul-governor-election-winner
2026-09-30T21:25:18.710831+00:00,https://polymarket.com/event/mato-grosso-governor-election-winner,Mato Grosso Governor Election Winner,elections,4.273,0.0,0.0,0,Otaviano Pivetta,56.7,0.54,secondary:Wellington Fagundes=26.0%; hedge:Doutora Natasha=11.2%; hedge:Mauricio Coelho=4.1%; hedge:Rafaell Milas=1.0%; hedge:Sargento Laudicério=1.0%,"no independent sources available — sized at floor, using market-implied favorite (RACE_PAGE_MAP در sources/polls.py تنظیم نشده است.)",https://polymarket.com/event/mato-grosso-governor-election-winner
2026-09-30T21:25:18.710935+00:00,https://polymarket.com/event/piaui-governor-election-winner,Piauí Governor Election Winner,elections,4.273,0.0,0.0,0,Rafael Fonteles,100.0,0.987,,"no independent sources available — sized at floor, using market-implied favorite (RACE_PAGE_MAP در sources/polls.py تنظیم نشده است.)",https://polymarket.com/event/piaui-governor-election-winner
2026-09-30T21:25:18.711076+00:00,https://polymarket.com/event/rondonia-governor-election-winner,Rondônia Governor Election Winner,elections,4.273,0.0,0.0,0,Marcos Rogério,91.88,0.875,secondary:Adailton Furia=4.9%; hedge:Expedito Netto=0.3%; hedge:Hildon Chaves=2.1%; hedge:Pedro Abib=0.6%; hedge:Samuel Costa=0.2%,"no independent sources available — sized at floor, using market-implied favorite (RACE_PAGE_MAP در sources/polls.py تنظیم نشده است.)",https://polymarket.com/event/rondonia-governor-election-winner
2026-09-30T21:25:18.711367+00:00,https://polymarket.com/event/roraima-governor-election-winner,Roraima Governor Election Winner,elections,4.273,0.0,0.0,0,Arthur Henrique,100.0,0.9575,,"no independent sources available — sized at floor, using market-implied favorite (RACE_PAGE_MAP در sources/polls.py تنظیم نشده است.)",https://polymarket.com/event/roraima-governor-election-winner
2026-09-30T21:25:18.711549+00:00,https://polymarket.com/event/tocantins-governor-election-winner,Tocantins Governor Election Winner,elections,4.273,0.0,0.0,0,Professora Dorinha,64.05,0.61,secondary:Vicentinho Júnior=21.6%; hedge:Ataides de Oliveira=2.0%; hedge:Du Pereira=2.0%; hedge:Laurez Moreira=2.0%; hedge:Prof. Witer Naves=2.0%; hedge:Subtenente Luiz Carlos=6.2%,"no independent sources available — sized at floor, using market-implied favorite (RACE_PAGE_MAP در sources/polls.py تنظیم نشده است.)",https://polymarket.com/event/tocantins-governor-election-winner
2026-09-30T21:25:18.711776+00:00,https://polymarket.com/event/federal-district-governor-election-winner,Federal District Governor Election Winner,elections,4.273,0.0,0.0,0,Celina Leão,99.75,0.95,hedge:Arruda=0.0%; hedge:Cappelli=0.0%; hedge:Elisson=0.0%; hedge:Expedito Mendonça=0.0%; hedge:Kiko Caputo=0.0%; hedge:Leandro Grass=0.1%; hedge:Paula Belmonte=0.0%; hedge:Professor Robson=0.0%; hedge:Professora Samara Mineiro=0.0%,"no independent sources available — sized at floor, using market-implied favorite (RACE_PAGE_MAP در sources/polls.py تنظیم نشده است.)",https://polymarket.com/event/federal-district-governor-election-winner
2026-09-30T21:25:18.711962+00:00,https://polymarket.com/event/rio-grande-do-norte-governor-election-winner,Rio Grande do Norte Governor Election Winner,elections,4.273,0.0,0.0,0,Allyson,71.4,0.68,secondary:Cadu de Lula=17.2%; hedge:Álvaro Dias=10.8%; hedge:Carlos Jararaca=0.1%; hedge:Dário Barbosa=0.1%; hedge:Henrique Lyra=0.1%; hedge:Professor Roberio Paulino=0.1%; hedge:Rodrigo Bolsonaro=0.1%,"no independent sources available — sized at floor, using market-implied favorite (RACE_PAGE_MAP در sources/polls.py تنظیم نشده است.)",https://polymarket.com/event/rio-grande-do-norte-governor-election-winner
2026-09-30T21:25:18.712195+00:00,https://polymarket.com/event/sergipe-governor-election-winner,Sergipe Governor Election Winner,elections,4.273,0.0,0.0,0,Fábio,89.78,0.855,secondary:Valmir de Francisquinho=6.1%; hedge:Dr. Helton=0.4%; hedge:Emanuel Cacho=1.6%; hedge:Ricardo Marques=0.4%; hedge:Taty Cristina de Jesus=1.6%,"no independent sources available — sized at floor, using market-implied favorite (RACE_PAGE_MAP در sources/polls.py تنظیم نشده است.)",https://polymarket.com/event/sergipe-governor-election-winner
2026-09-30T21:25:18.712478+00:00,https://polymarket.com/event/acre-senate-election-1st-place,Acre Senate Election: 1st Place,elections,4.273,0.0,0.0,0,Marcio Bittar,40.95,0.39,secondary:Mara Rocha=19.7%; secondary:Gladson Camelí=15.7%; hedge:Dr. Junior Feitosa=0.2%; hedge:Eduardo Velloso=0.2%; hedge:Jorge Viana=22.8%; hedge:Petecão=0.2%; hedge:Professor Inacio Moreira=0.2%,"no independent sources available — sized at floor, using market-implied favorite (RACE_PAGE_MAP در sources/polls.py تنظیم نشده است.)",https://polymarket.com/event/acre-senate-election-1st-place
2026-09-30T21:25:18.712656+00:00,https://polymarket.com/event/acre-senate-election-2nd-place,Acre Senate Election: 2nd Place,elections,4.273,0.0,0.0,0,Marcio Bittar,41.9,0.399,secondary:Mara Rocha=24.5%; secondary:Gladson Camelí=10.4%; hedge:Dr. Junior Feitosa=0.1%; hedge:Eduardo Velloso=0.1%; hedge:Jorge Viana=20.8%; hedge:Petecão=1.9%; hedge:Professor Inacio Moreira=0.4%,"no independent sources available — sized at floor, using market-implied favorite (RACE_PAGE_MAP در sources/polls.py تنظیم نشده است.)",https://polymarket.com/event/acre-senate-election-2nd-place
2026-09-30T21:25:18.712822+00:00,https://polymarket.com/event/alagoas-senate-election-1st-place,Alagoas Senate Election: 1st Place,elections,4.273,0.0,0.0,0,Marina JHC,46.73,0.445,secondary:Arthur Lira=22.1%; secondary:Renan=9.9%; hedge:Alexandre Fleming=5.4%; hedge:Davi Davino Filho=14.0%; hedge:Dr. Wanderley=1.5%; hedge:Mariedson=0.4%,"no independent sources available — sized at floor, using market-implied favorite (RACE_PAGE_MAP در sources/polls.py تنظیم نشده است.)",https://polymarket.com/event/alagoas-senate-election-1st-place
2026-09-30T21:25:18.712988+00:00,https://polymarket.com/event/alagoas-senate-election-2nd-place,Alagoas Senate Election: 2nd Place,elections,4.273,0.0,0.0,0,Arthur Lira,38.85,0.37,secondary:Marina JHC=21.4%; secondary:Renan=15.3%; hedge:Alexandre Fleming=0.3%; hedge:Davi Davino Filho=22.9%; hedge:Dr. Wanderley=1.1%; hedge:Mariedson=0.1%,"no independent sources available — sized at floor, using market-implied favorite (RACE_PAGE_MAP در sources/polls.py تنظیم نشده است.)",https://polymarket.com/event/alagoas-senate-election-2nd-place
2026-09-30T21:25:18.713162+00:00,https://polymarket.com/event/amazonas-senate-election-2nd-place,Amazonas Senate Election: 2nd Place,elections,4.273,0.0,0.0,0,Capitão Alberto Neto,71.4,0.68,secondary:Wilson Lima=10.2%; secondary:Eduardo Braga=7.0%; hedge:Dailson Corrêa=0.6%; hedge:Evandro de Oliveira=0.3%; hedge:Ismael Munduruku=0.5%; hedge:Plinio Valério=8.7%; hedge:Professora Evany=0.3%; hedge:Xuxa do Amazonas=1.2%,"no independent sources available — sized at floor, using market-implied favorite (RACE_PAGE_MAP در sources/polls.py تنظیم نشده است.)",https://polymarket.com/event/amazonas-senate-election-2nd-place
2026-09-30T21:25:18.713376+00:00,https://polymarket.com/event/amazonas-senate-election-1st-place,Amazonas Senate Election: 1st Place,elections,4.273,0.0,0.0,0,Eduardo Braga,85.05,0.81,secondary:Capitão Alberto Neto=9.0%; hedge:Dailson Corrêa=0.2%; hedge:Evandro de Oliveira=0.2%; hedge:Ismael Munduruku=0.2%; hedge:Plinio Valério=1.9%; hedge:Professora Evany=0.2%; hedge:Wilson Lima=3.3%; hedge:Xuxa do Amazonas=0.2%,"no independent sources available — sized at floor, using market-implied favorite (RACE_PAGE_MAP در sources/polls.py تنظیم نشده است.)",https://polymarket.com/event/amazonas-senate-election-1st-place
2026-09-30T21:25:18.713674+00:00,https://polymarket.com/event/amapa-senate-election-2nd-place,Amapá Senate Election: 2nd Place,elections,4.273,0.0,0.0,0,Lucas Barreto,47.78,0.455,secondary:Randolfe=26.0%; secondary:Rayssa Furlan=5.3%; hedge:Acácio Favacho=3.1%; hedge:Alliny Serrão=1.8%; hedge:Capi=4.2%; hedge:Helio Silva=1.0%; hedge:Juíza Jô=5.6%; hedge:Professor Uzian Pinto=5.2%,"no independent sources available — sized at floor, using market-implied favorite (RACE_PAGE_MAP در sources/polls.py تنظیم نشده است.)",https://polymarket.com/event/amapa-senate-election-2nd-place
2026-09-30T21:25:18.713941+00:00,https://polymarket.com/event/amapa-senate-election-1st-place,Amapá Senate Election: 1st Place,elections,4.273,0.0,0.0,0,Rayssa Furlan,90.3,0.86,secondary:Randolfe=5.8%; hedge:Acácio Favacho=0.2%; hedge:Alliny Serrão=1.4%; hedge:Capi=0.0%; hedge:Helio Silva=0.0%; hedge:Juíza Jô=0.0%; hedge:Lucas Barreto=2.1%; hedge:Professor Uzian Pinto=0.0%,"no independent sources available — sized at floor, using market-implied favorite (RACE_PAGE_MAP در sources/polls.py تنظیم نشده است.)",https://polymarket.com/event/amapa-senate-election-1st-place
2026-09-30T21:25:18.714130+00:00,https://polymarket.com/event/bahia-senate-election-2nd-place,Bahia Senate Election: 2nd Place,elections,4.273,0.0,0.0,0,Jaques Wagner,74.02,0.705,secondary:João Roma=7.8%; secondary:Rui Costa=7.8%; hedge:Angelo Coronel=8.4%; hedge:Carlos Sodré=0.8%; hedge:Gregorio Gould=0.2%; hedge:Marcelo Carvalho=0.2%; hedge:Marcelo Millet=0.2%; hedge:Marcelo Santtana=0.2%; hedge:Professora Delliana=0.2%,"no independent sources available — sized at floor, using market-implied favorite (RACE_PAGE_MAP در sources/polls.py تنظیم نشده است.)",https://polymarket.com/event/bahia-senate-election-2nd-place
2026-09-30T21:25:18.714347+00:00,https://polymarket.com/event/bahia-senate-election-1st-place,Bahia Senate Election: 1st Place,elections,4.273,0.0,0.0,0,Rui Costa,88.72,0.845,secondary:Jaques Wagner=6.8%; hedge:Angelo Coronel=1.2%; hedge:Carlos Sodré=0.1%; hedge:Gregorio Gould=0.1%; hedge:João Roma=3.0%; hedge:Marcelo Carvalho=0.1%; hedge:Marcelo Millet=0.1%; hedge:Marcelo Santtana=0.1%; hedge:Professora Delliana=0.1%,"no independent sources available — sized at floor, using market-implied favorite (RACE_PAGE_MAP در sources/polls.py تنظیم نشده است.)",https://polymarket.com/event/bahia-senate-election-1st-place
2026-09-30T21:25:18.714519+00:00,https://polymarket.com/event/ceara-senate-election-1st-place,Ceará Senate Election: 1st Place,elections,4.273,0.0,0.0,0,Cid Gomes,77.7,0.74,secondary:Capitão Wagner=7.6%; secondary:Luizianne=5.7%; hedge:Alcides Fernandes=4.5%; hedge:Catarina Matos=1.1%; hedge:Guilherme Theophilo=1.1%; hedge:Lino Alves=1.1%; hedge:Reginaldo=1.1%,"no independent sources available — sized at floor, using market-implied favorite (RACE_PAGE_MAP در sources/polls.py تنظیم نشده است.)",https://polymarket.com/event/ceara-senate-election-1st-place
2026-09-30T21:25:18.714680+00:00,https://polymarket.com/event/ceara-senate-election-2nd-place,Ceará Senate Election: 2nd Place,elections,4.273,0.0,0.0,0,Capitão Wagner,55.12,0.525,secondary:Luizianne=16.3%; secondary:Cid Gomes=10.7%; hedge:Alcides Fernandes=15.2%; hedge:Catarina Matos=0.7%; hedge:Guilherme Theophilo=1.3%; hedge:Lino Alves=0.7%; hedge:Reginaldo=0.1%,"no independent sources available — sized at floor, using market-implied favorite (RACE_PAGE_MAP در sources/polls.py تنظیم نشده است.)",https://polymarket.com/event/ceara-senate-election-2nd-place
2026-09-30T21:25:18.714851+00:00,https://polymarket.com/event/federal-district-senate-election-1st-place,Federal District Senate Election: 1st Place,elections,4.273,0.0,0.0,0,Michelle Bolsonaro,98.7,0.94,hedge:Avenir Rosa=0.0%; hedge:Bia Kicis=0.2%; hedge:David Horn=0.0%; hedge:Erika Kokay=0.1%; hedge:Guto Felício dos Santos=0.0%; hedge:Leila do Vôlei=0.2%; hedge:Marley=0.0%; hedge:Professor Guilherme Amorim=0.0%; hedge:Ronaldo Fonseca=0.0%; hedge:Sebastião Coelho=0.0%; hedge:Tiago=0.0%; hedge:Zanata=0.0%,"no independent sources available — sized at floor, using market-implied favorite (RACE_PAGE_MAP در sources/polls.py تنظیم نشده است.)",https://polymarket.com/event/federal-district-senate-election-1st-place
2026-09-30T21:25:18.715044+00:00,https://polymarket.com/event/federal-district-senate-election-2nd-place,Federal District Senate Election: 2nd Place,elections,4.273,0.0,0.0,0,Bia Kicis,85.68,0.816,secondary:Leila do Vôlei=8.6%; hedge:Avenir Rosa=0.1%; hedge:David Horn=0.1%; hedge:Erika Kokay=2.5%; hedge:Guto Felício dos Santos=0.1%; hedge:Marley=0.1%; hedge:Michelle Bolsonaro=2.3%; hedge:Professor Guilherme Amorim=0.1%; hedge:Ronaldo Fonseca=0.1%; hedge:Sebastião Coelho=0.5%; hedge:Tiago=0.1%; hedge:Zanata=0.1%,"no independent sources available — sized at floor, using market-implied favorite (RACE_PAGE_MAP در sources/polls.py تنظیم نشده است.)",https://polymarket.com/event/federal-district-senate-election-2nd-place
2026-09-30T21:25:18.715241+00:00,https://polymarket.com/event/espirito-santo-senate-election-1st-place,Espírito Santo Senate Election: 1st Place,elections,4.273,0.0,0.0,0,Renato Casagrande,97.76,0.931,hedge:Callegari=0.1%; hedge:Evair de Melo=0.5%; hedge:Fabiano Contarato=0.0%; hedge:Leonardo Monjardim=0.1%; hedge:Maguinha Malta=0.2%; hedge:Marcos do Val=0.0%; hedge:Professor Fabian=0.0%; hedge:Rodney Miranda=0.1%; hedge:Rose de Freitas=0.0%; hedge:Sergio Meneguelli=0.0%,"no independent sources available — sized at floor, using market-implied favorite (RACE_PAGE_MAP در sources/polls.py تنظیم نشده است.)",https://polymarket.com/event/espirito-santo-senate-election-1st-place
2026-09-30T21:25:18.715433+00:00,https://polymarket.com/event/espirito-santo-senate-election-2nd-place,Espírito Santo Senate Election: 2nd Place,elections,4.273,0.0,0.0,0,Sergio Meneguelli,36.22,0.345,secondary:Maguinha Malta=11.7%; secondary:Rose de Freitas=10.2%; secondary:Evair de Melo=10.0%; secondary:Fabiano Contarato=6.5%; hedge:Callegari=0.5%; hedge:Leonardo Monjardim=0.5%; hedge:Marcos do Val=0.5%; hedge:Professor Fabian=0.2%; hedge:Renato Casagrande=23.6%; hedge:Rodney Miranda=0.2%,"no independent sources available — sized at floor, using market-implied favorite (RACE_PAGE_MAP در sources/polls.py تنظیم نشده است.)",https://polymarket.com/event/espirito-santo-senate-election-2nd-place
2026-09-30T21:25:18.715618+00:00,https://polymarket.com/event/goias-senate-election-1st-place,Goiás Senate Election: 1st Place,elections,4.273,0.0,0.0,0,Gracinha Caiado,67.2,0.64,secondary:Gustavo Gayer=19.7%; hedge:Cintia Dias=0.9%; hedge:Dr. Zacharias Calil=5.2%; hedge:Ernesto Roller=1.5%; hedge:Guilherme Darques=0.7%; hedge:Gustavo Mendanha=0.7%; hedge:Isaura Lemos=0.7%; hedge:Iure Castro=0.7%; hedge:Oséias Varão=0.7%; hedge:Vanderlan Cardoso=2.4%,"no independent sources available — sized at floor, using market-implied favorite (RACE_PAGE_MAP در sources/polls.py تنظیم نشده است.)",https://polymarket.com/event/goias-senate-election-1st-place
2026-09-30T21:25:18.715796+00:00,https://polymarket.com/event/goias-senate-election-2nd-place,Goiás Senate Election: 2nd Place,elections,4.273,0.0,0.0,0,Gustavo Gayer,59.32,0.565,secondary:Gracinha Caiado=24.4%; hedge:Cintia Dias=0.2%; hedge:Dr. Zacharias Calil=7.7%; hedge:Ernesto Roller=0.1%; hedge:Guilherme Darques=0.0%; hedge:Gustavo Mendanha=3.8%; hedge:Isaura Lemos=0.0%; hedge:Iure Castro=0.2%; hedge:Oséias Varão=0.5%; hedge:Vanderlan Cardoso=3.6%,"no independent sources available — sized at floor, using market-implied favorite (RACE_PAGE_MAP در sources/polls.py تنظیم نشده است.)",https://polymarket.com/event/goias-senate-election-2nd-place
2026-09-30T21:25:18.715965+00:00,https://polymarket.com/event/maranhao-senate-election-2nd-place,Maranhão Senate Election: 2nd Place,elections,4.273,0.0,0.0,0,Weverton Rocha,35.0,0.265,secondary:Fufuca=13.9%; secondary:Roseana Sarney=11.4%; secondary:Lahesio Bonfim=9.9%; secondary:Eliziane Gama=3.9%; hedge:Cidônio Gonçalves=8.5%; hedge:Dr. Hilton Gonçalo=8.5%; hedge:Enilton Rodrigues=1.8%; hedge:Raimundo Moreira=3.6%; hedge:Simplício Araújo=1.8%; hedge:Wilson Leite=1.8%,"no independent sources available — sized at floor, using market-implied favorite (RACE_PAGE_MAP در sources/polls.py تنظیم نشده است.)",https://polymarket.com/event/maranhao-senate-election-2nd-place
2026-09-30T21:25:18.716129+00:00,https://polymarket.com/event/maranhao-senate-election-1st-place,Maranhão Senate Election: 1st Place,elections,4.273,0.0,0.0,0,Roseana Sarney,56.7,0.54,secondary:Lahesio Bonfim=13.0%; secondary:Fufuca=13.0%; hedge:Cidônio Gonçalves=0.1%; hedge:Dr. Hilton Gonçalo=1.1%; hedge:Eliziane Gama=3.3%; hedge:Enilton Rodrigues=0.1%; hedge:Raimundo Moreira=0.1%; hedge:Simplício Araújo=0.5%; hedge:Weverton Rocha=11.8%; hedge:Wilson Leite=0.1%,"no independent sources available — sized at floor, using market-implied favorite (RACE_PAGE_MAP در sources/polls.py تنظیم نشده است.)",https://polymarket.com/event/maranhao-senate-election-1st-place
2026-09-30T21:25:18.716368+00:00,https://polymarket.com/event/minas-gerais-senate-election-1st-place,Minas Gerais Senate Election: 1st Place,elections,4.273,0.0,0.0,0,Domingos Sávio,51.45,0.49,secondary:Marília Campos=21.3%; secondary:Carlos Viana=7.8%; hedge:Arcanjo Pimenta=0.1%; hedge:Áurea Carolina=0.1%; hedge:Carlin Moura=0.1%; hedge:Fidélis Alcântara=0.1%; hedge:Gustavo Galassi=0.1%; hedge:Jordano Metalúrgico=0.1%; hedge:Juiz Ramon Moreira=0.1%; hedge:Manoel Carvalho=0.1%; hedge:Marcelo Aro=0.9%; hedge:Marcelo Heringer=0.1%; hedge:Marco Antônio Superman=0.8%; hedge:Tião Pessoa=0.1%; hedge:Victória Mello Vic=0.1%; hedge:Aécio Neves=16.7%,"no independent sources available — sized at floor, using market-implied favorite (RACE_PAGE_MAP در sources/polls.py تنظیم نشده است.)",https://polymarket.com/event/minas-gerais-senate-election-1st-place
2026-09-30T21:25:18.716595+00:00,https://polymarket.com/event/minas-gerais-senate-election-2nd-place,Minas Gerais Senate Election: 2nd Place,elections,4.273,0.0,0.0,0,Carlos Viana,35.18,0.335,secondary:Domingos Sávio=14.9%; secondary:Marília Campos=13.3%; secondary:Aécio Neves=10.6%; hedge:Arcanjo Pimenta=0.2%; hedge:Áurea Carolina=4.8%; hedge:Carlin Moura=0.2%; hedge:Fidélis Alcântara=0.2%; hedge:Gustavo Galassi=0.2%; hedge:Jordano Metalúrgico=0.2%; hedge:Juiz Ramon Moreira=0.2%; hedge:Manoel Carvalho=0.2%; hedge:Marcelo Aro=1.8%; hedge:Marcelo Heringer=0.2%; hedge:Marco Antônio Superman=17.3%; hedge:Tião Pessoa=0.2%; hedge:Victória Mello Vic=0.2%,"no independent sources available — sized at floor, using market-implied favorite (RACE_PAGE_MAP در sources/polls.py تنظیم نشده است.)",https://polymarket.com/event/minas-gerais-senate-election-2nd-place
2026-09-30T21:25:18.716776+00:00,https://polymarket.com/event/mato-grosso-do-sul-senate-election-2nd-place,Mato Grosso do Sul Senate Election: 2nd Place,elections,4.273,0.0,0.0,0,Capitão Contar,63.52,0.605,secondary:Reinaldo Azambuja=12.4%; secondary:Vander Loubet=9.5%; hedge:Beto do Movimento=0.1%; hedge:Daniel Junior=0.1%; hedge:Luiz Lemes=0.4%; hedge:Roberto Oshiro=0.1%; hedge:Soraya=13.1%; hedge:Valderi Garcia=0.1%; hedge:Valter da Comagran=0.4%,"no independent sources available — sized at floor, using market-implied favorite (RACE_PAGE_MAP در sources/polls.py تنظیم نشده است.)",https://polymarket.com/event/mato-grosso-do-sul-senate-election-2nd-place
2026-09-30T21:25:18.716945+00:00,https://polymarket.com/event/mato-grosso-do-sul-senate-election-1st-place,Mato Grosso do Sul Senate Election: 1st Place,elections,4.273,0.0,0.0,0,Reinaldo Azambuja,66.68,0.635,secondary:Capitão Contar=20.0%; hedge:Beto do Movimento=0.4%; hedge:Daniel Junior=0.4%; hedge:Luiz Lemes=2.7%; hedge:Roberto Oshiro=2.0%; hedge:Soraya=0.4%; hedge:Valderi Garcia=3.1%; hedge:Valter da Comagran=2.7%; hedge:Vander Loubet=1.6%,"no independent sources available — sized at floor, using market-implied favorite (RACE_PAGE_MAP در sources/polls.py تنظیم نشده است.)",https://polymarket.com/event/mato-grosso-do-sul-senate-election-1st-place
2026-09-30T21:25:18.717255+00:00,https://polymarket.com/event/mato-grosso-senate-election-2nd-place,Mato Grosso Senate Election: 2nd Place,elections,4.273,0.0,0.0,0,Janaina Riva,77.7,0.74,secondary:Mauro Mendes=9.3%; secondary:Jose Medeiros=4.0%; hedge:Beny Godoy=0.2%; hedge:Coronel Darwin=0.1%; hedge:Fávaro=3.6%; hedge:Galvan=0.2%; hedge:Margareth Buzetti=0.1%; hedge:Pedro Taques=4.4%; hedge:Professor Nelson Ferreira=0.3%,"no independent sources available — sized at floor, using market-implied favorite (RACE_PAGE_MAP در sources/polls.py تنظیم نشده است.)",https://polymarket.com/event/mato-grosso-senate-election-2nd-place
2026-09-30T21:25:18.717449+00:00,https://polymarket.com/event/mato-grosso-senate-election-1st-place,Mato Grosso Senate Election: 1st Place,elections,4.273,0.0,0.0,0,Mauro Mendes,87.15,0.83,secondary:Janaina Riva=7.7%; hedge:Beny Godoy=0.9%; hedge:Coronel Darwin=1.6%; hedge:Fávaro=0.2%; hedge:Galvan=0.4%; hedge:Jose Medeiros=0.8%; hedge:Margareth Buzetti=0.2%; hedge:Pedro Taques=0.9%; hedge:Professor Nelson Ferreira=0.1%,"no independent sources available — sized at floor, using market-implied favorite (RACE_PAGE_MAP در sources/polls.py تنظیم نشده است.)",https://polymarket.com/event/mato-grosso-senate-election-1st-place
2026-09-30T21:25:18.717631+00:00,https://polymarket.com/event/para-senate-election-1st-place,Pará Senate Election: 1st Place,elections,4.273,0.0,0.0,0,Helder,88.72,0.845,secondary:Chicão=6.8%; hedge:Breno Guimarães=0.1%; hedge:Celso Sabino=0.2%; hedge:Conti=0.2%; hedge:Delegado Éder Mauro=1.7%; hedge:Edlaine Rodrigues=0.6%; hedge:Fernanda Lopes=0.2%; hedge:Gizelle Freitas=0.3%; hedge:Willem da Silva=0.1%; hedge:Zequinha Marinho=1.1%,"no independent sources available — sized at floor, using market-implied favorite (RACE_PAGE_MAP در sources/polls.py تنظیم نشده است.)",https://polymarket.com/event/para-senate-election-1st-place
2026-09-30T21:25:18.717803+00:00,https://polymarket.com/event/paraiba-senate-election-1st-place,Paraíba Senate Election: 1st Place,elections,4.273,0.0,0.0,0,Joao Azevêdo,96.08,0.915,hedge:Adriano Trajano=0.0%; hedge:André Gadelha=0.0%; hedge:Dr. Marcelo Queiroga=0.0%; hedge:João Batista=0.0%; hedge:Major Fábio=0.0%; hedge:Nabor=0.9%; hedge:Rinaldo Júnior=0.0%; hedge:Rosilene Santana=0.0%; hedge:Veneziano=0.5%,"no independent sources available — sized at floor, using market-implied favorite (RACE_PAGE_MAP در sources/polls.py تنظیم نشده است.)",https://polymarket.com/event/paraiba-senate-election-1st-place
2026-09-30T21:25:18.717980+00:00,https://polymarket.com/event/pernambuco-senate-election-1st-place,Pernambuco Senate Election: 1st Place,elections,4.273,0.0,0.0,0,Marília Arraes,69.83,0.665,secondary:Humberto Costa=10.6%; secondary:Mendonça Filho=7.5%; hedge:Carlos Sant'Anna=0.5%; hedge:Eduardo da Fonte=7.2%; hedge:Gorett Bitu=0.9%; hedge:Mailson da Silva Neto=0.8%; hedge:Mariano Macedo=0.8%; hedge:Pastor Gilvan Costa=0.1%; hedge:Paulo Rubem Santiago=1.1%; hedge:Samuel Timoteo=0.1%; hedge:Túlio Gadêlha=0.6%,"no independent sources available — sized at floor, using market-implied favorite (RACE_PAGE_MAP در sources/polls.py تنظیم نشده است.)",https://polymarket.com/event/pernambuco-senate-election-1st-place
2026-09-30T21:25:18.718209+00:00,https://polymarket.com/event/piaui-senate-election-1st-place,Piauí Senate Election: 1st Place,elections,4.273,0.0,0.0,0,Marcelo Castro,59.85,0.57,secondary:Julio Cesar=12.0%; secondary:Ciro Nogueira=11.4%; secondary:Alexandre Mariano=0.0%; secondary:Antônio Barros=0.0%; secondary:Antônio José Lira=0.0%; secondary:Cloves José=0.0%; secondary:Danniel Rocha=0.0%; secondary:Dionisio Carvalho=0.0%; secondary:Francinaldo Leão=0.0%; secondary:Irmão Evandro Marques=0.0%; secondary:Jardenya Bezerra=0.0%; secondary:Jorge Lopes=0.0%; secondary:Major Paulo Roberto=0.0%; secondary:Maria Madalena Nunes=0.0%; secondary:Missionário Evandro Craveiro=0.0%; secondary:Pastor Sena=0.0%; secondary:Pedro Laurentino=0.0%; secondary:Tiago Junqueira=0.0%; secondary:Toinho Dufrango=16.1%,"no independent sources available — sized at floor, using market-implied favorite (RACE_PAGE_MAP در sources/polls.py تنظیم نشده است.)",https://polymarket.com/event/piaui-senate-election-1st-place
2026-09-30T21:25:18.718408+00:00,https://polymarket.com/event/parana-senate-election-1st-place,Paraná Senate Election: 1st Place,elections,4.273,0.0,0.0,0,Deltan Dallagnol,63.52,0.605,secondary:Alexandre Curi=11.3%; secondary:Filipe Barros=10.5%; hedge:Cristina Reis Graeml=0.8%; hedge:Dr. Rosinha=0.3%; hedge:Gleisi=13.0%; hedge:Karen Guerreiro=0.3%; hedge:Marcelo Marcelino=0.3%,"no independent sources available — sized at floor, using market-implied favorite (RACE_PAGE_MAP در sources/polls.py تنظیم نشده است.)",https://polymarket.com/event/parana-senate-election-1st-place
2026-09-30T21:25:18.718614+00:00,https://polymarket.com/event/rio-de-janeiro-senate-election-1st-place,Rio de Janeiro Senate Election: 1st Place,elections,4.273,0.0,0.0,0,Carlos Jordy,46.73,0.445,secondary:Benedita da Silva=21.6%; secondary:Carlos Portinho=10.3%; hedge:André Monteiro=0.1%; hedge:Helio Secco=0.1%; hedge:Luciano Mattos=0.1%; hedge:Luiz Eugenio=0.1%; hedge:Marcelo Crivella=11.1%; hedge:Marcos Dias=0.1%; hedge:Michelly Xavier=0.1%; hedge:Monica Benicio=0.1%; hedge:Ó Clemente=0.1%; hedge:Paula Falcão=0.1%; hedge:Pedro Paulo=8.9%; hedge:Vinicius Benevides=0.1%; hedge:Waguinho=0.1%,"no independent sources available — sized at floor, using market-implied favorite (RACE_PAGE_MAP در sources/polls.py تنظیم نشده است.)",https://polymarket.com/event/rio-de-janeiro-senate-election-1st-place
2026-09-30T21:25:18.718810+00:00,https://polymarket.com/event/rio-grande-do-norte-senate-election-1st-place,Rio Grande do Norte Senate Election: 1st Place,elections,4.273,0.0,0.0,0,Styvenson Valentim,88.2,0.84,secondary:Zenaide Maia=7.1%; hedge:Clóvis Costa do Coletivo Nós=0.2%; hedge:Coronel Hélio=0.1%; hedge:Gari Wendell Batista=0.3%; hedge:Linhares Jiboia=0.2%; hedge:Luciana Mandu=0.3%; hedge:Professor Guilherme=0.3%; hedge:Rafael Motta=0.9%; hedge:Rosália Fernandes=0.2%; hedge:Samanda de Lula=2.3%; hedge:Sandro Pimentel=0.1%; hedge:Sonia Godeiro=0.1%; hedge:Tércio Tinôco=0.1%,"no independent sources available — sized at floor, using market-implied favorite (RACE_PAGE_MAP در sources/polls.py تنظیم نشده است.)",https://polymarket.com/event/rio-grande-do-norte-senate-election-1st-place
2026-09-30T21:25:18.718983+00:00,https://polymarket.com/event/rondonia-senate-election-1st-place,Rondônia Senate Election: 1st Place,elections,4.273,0.0,0.0,0,Dr. Fernando Máximo,57.75,0.55,secondary:Sílvia Cristina=17.5%; secondary:Bruno Bolsonaro Scheid=7.9%; hedge:Acir Gurgacz=3.7%; hedge:Aires Mota=0.8%; hedge:Engenheiro Thulio=0.6%; hedge:Luciana Oliveira=0.9%; hedge:Luis Fernando=2.1%; hedge:Mariana Carvalho=8.1%; hedge:Neidinha=0.6%,"no independent sources available — sized at floor, using market-implied favorite (RACE_PAGE_MAP در sources/polls.py تنظیم نشده است.)",https://polymarket.com/event/rondonia-senate-election-1st-place
2026-09-30T21:25:18.719160+00:00,https://polymarket.com/event/roraima-senate-election-1st-place,Roraima Senate Election: 1st Place,elections,4.273,0.0,0.0,0,Teresa Surita,67.2,0.64,secondary:Nicoletti=15.2%; secondary:Helena da Asatur=4.5%; hedge:Bartô Macuxi=0.1%; hedge:Chico Rodrigues=10.8%; hedge:Helio Bolsonaro=1.3%; hedge:Hilton Xavier=0.1%; hedge:Hiperion de Oliveira=0.1%; hedge:Márcio Junqueira=0.1%; hedge:Mario Rocha=0.1%; hedge:Pastor Isamar=0.1%; hedge:Regina Tio Ivo=0.1%; hedge:Rogério Miranda=0.1%,"no independent sources available — sized at floor, using market-implied favorite (RACE_PAGE_MAP در sources/polls.py تنظیم نشده است.)",https://polymarket.com/event/roraima-senate-election-1st-place
2026-09-30T21:25:18.719374+00:00,https://polymarket.com/event/rio-grande-do-sul-senate-election-1st-place,Rio Grande do Sul Senate Election: 1st Place,elections,4.273,0.0,0.0,0,Marcel Van Hattem,80.85,0.77,secondary:Manuela D'Ávila=6.5%; secondary:Rigotto=5.0%; hedge:Daniela Mulheres Socialistas=0.0%; hedge:Frederico Antunes=0.0%; hedge:Milton Cardoso=0.0%; hedge:Pimenta=3.2%; hedge:Regis Ethur=0.0%; hedge:Renato Jaguarão=0.0%; hedge:Ric Jones=0.0%; hedge:Sanderson=4.2%; hedge:Tania Peres=0.0%,"no independent sources available — sized at floor, using market-implied favorite (RACE_PAGE_MAP در sources/polls.py تنظیم نشده است.)",https://polymarket.com/event/rio-grande-do-sul-senate-election-1st-place
2026-09-30T21:25:18.719541+00:00,https://polymarket.com/event/santa-catarina-senate-election-1st-place,Santa Catarina Senate Election: 1st Place,elections,4.273,0.0,0.0,0,Carol de Toni,76.12,0.725,secondary:Carlos Bolsonaro=7.4%; secondary:Esperidião Amin=7.0%; hedge:Afrânio Boppré=0.5%; hedge:Ana Lucia da Silveira Machado=1.4%; hedge:Carol=1.4%; hedge:Décio Lima=1.8%; hedge:Jeferson da Rocha=0.5%; hedge:Joaninha de Oliveira=0.5%; hedge:Lunelli=0.5%; hedge:Marcos Dorval=1.4%; hedge:Marlene Soccas=0.5%; hedge:Túlio de Amorim Pfuetzenreiter=1.4%,"no independent sources available — sized at floor, using market-implied favorite (RACE_PAGE_MAP در sources/polls.py تنظیم نشده است.)",https://polymarket.com/event/santa-catarina-senate-election-1st-place
2026-09-30T21:25:18.719740+00:00,https://polymarket.com/event/sergipe-senate-election-1st-place,Sergipe Senate Election: 1st Place,elections,4.273,0.0,0.0,0,Rogerio Carvalho,42.0,0.4,secondary:Delegado André David=21.6%; secondary:André Moura=13.2%; hedge:Coronel Rocha=0.1%; hedge:Delegado Alessandro=7.5%; hedge:Eduardo Amorim=4.9%; hedge:Edvaldo=5.8%; hedge:Iran Barbosa=2.0%; hedge:Paulinho da União Tur=0.5%; hedge:Renatinha=0.1%; hedge:Rodrigo Valadares=2.2%,"no independent sources available — sized at floor, using market-implied favorite (RACE_PAGE_MAP در sources/polls.py تنظیم نشده است.)",https://polymarket.com/event/sergipe-senate-election-1st-place
2026-09-30T21:25:18.719875+00:00,https://polymarket.com/event/sao-paulo-senate-election-1st-place,São Paulo Senate Election: 1st Place,elections,4.273,0.0,0.0,0,Guilherme Derrite,78.75,0.75,secondary:André do Prado=8.1%; secondary:Simone Tebet=4.7%; hedge:Dra. Eliana Ferreira=0.1%; hedge:Ednelson Cesaretti=0.1%; hedge:Geraldo Rufino=0.1%; hedge:Maíra de Souza=0.1%; hedge:Marcio Alves=0.1%; hedge:Marina Silva=7.4%; hedge:Petter Maahs=0.1%; hedge:Salles=0.6%; hedge:Soninha Francine=0.1%; hedge:Weller Gonçalves=0.1%; hedge:William Teixeira=0.1%,"no independent sources available — sized at floor, using market-implied favorite (RACE_PAGE_MAP در sources/polls.py تنظیم نشده است.)",https://polymarket.com/event/sao-paulo-senate-election-1st-place
2026-09-30T21:25:18.720008+00:00,https://polymarket.com/event/tocantins-senate-election-1st-place,Tocantins Senate Election: 1st Place,elections,4.273,0.0,0.0,0,Eduardo Gomes,89.25,0.85,secondary:Alexandre Guimarães=6.5%; hedge:Apóstolo Flavio Braga=0.0%; hedge:Eli Borges=0.5%; hedge:Fábio Ribeiro=0.0%; hedge:Gaguim=3.4%; hedge:Helio Rodrigues Bolsonaro=0.0%; hedge:Nilton Santos=0.0%; hedge:Osvany Luz=0.0%; hedge:Paulo Mourão=0.3%; hedge:Professor Osvaldo=0.0%; hedge:Ronaldo Dimas=0.0%; hedge:Vanderlei Luxemburgo=0.0%,"no independent sources available — sized at floor, using market-implied favorite (RACE_PAGE_MAP در sources/polls.py تنظیم نشده است.)",https://polymarket.com/event/tocantins-senate-election-1st-place
2026-09-30T21:25:18.720126+00:00,https://polymarket.com/event/para-senate-election-2nd-place,Pará Senate Election: 2nd Place,elections,4.273,0.0,0.0,0,Delegado Éder Mauro,45.15,0.43,secondary:Chicão=19.4%; secondary:Zequinha Marinho=7.9%; secondary:Helder=5.5%; hedge:Breno Guimarães=0.5%; hedge:Celso Sabino=15.4%; hedge:Conti=0.5%; hedge:Edlaine Rodrigues=0.5%; hedge:Fernanda Lopes=3.3%; hedge:Gizelle Freitas=0.9%; hedge:Willem da Silva=0.7%,"no independent sources available — sized at floor, using market-implied favorite (RACE_PAGE_MAP در sources/polls.py تنظیم نشده است.)",https://polymarket.com/event/para-senate-election-2nd-place
2026-09-30T21:25:18.720420+00:00,https://polymarket.com/event/paraiba-senate-election-2nd-place,Paraíba Senate Election: 2nd Place,elections,4.273,0.0,0.0,0,Veneziano,60.9,0.58,secondary:Nabor=20.0%; secondary:Joao Azevêdo=2.7%; secondary:Dr. Marcelo Queiroga=0.3%; secondary:Adriano Trajano=0.1%; secondary:André Gadelha=0.1%; secondary:João Batista=0.1%; secondary:Major Fábio=0.1%; secondary:Rinaldo Júnior=0.1%; secondary:Rosilene Santana=15.7%,"no independent sources available — sized at floor, using market-implied favorite (RACE_PAGE_MAP در sources/polls.py تنظیم نشده است.)",https://polymarket.com/event/paraiba-senate-election-2nd-place
2026-09-30T21:25:18.720584+00:00,https://polymarket.com/event/pernambuco-senate-election-2nd-place,Pernambuco Senate Election: 2nd Place,elections,4.273,0.0,0.0,0,Humberto Costa,48.83,0.465,secondary:Marília Arraes=16.8%; secondary:Mendonça Filho=8.4%; secondary:Eduardo da Fonte=3.3%; secondary:Túlio Gadêlha=2.1%; hedge:Carlos Sant'Anna=2.3%; hedge:Gorett Bitu=2.3%; hedge:Mailson da Silva Neto=2.3%; hedge:Mariano Macedo=2.3%; hedge:Pastor Gilvan Costa=6.8%; hedge:Paulo Rubem Santiago=2.3%; hedge:Samuel Timoteo=2.3%,"no independent sources available — sized at floor, using market-implied favorite (RACE_PAGE_MAP در sources/polls.py تنظیم نشده است.)",https://polymarket.com/event/pernambuco-senate-election-2nd-place
2026-09-30T21:25:18.720757+00:00,https://polymarket.com/event/piaui-senate-election-2nd-place,Piauí Senate Election: 2nd Place,elections,4.273,0.0,0.0,0,Julio Cesar,56.49,0.538,secondary:Marcelo Castro=15.8%; secondary:Ciro Nogueira=10.3%; hedge:Alexandre Mariano=0.4%; hedge:Antônio Barros=0.1%; hedge:Antônio José Lira=0.1%; hedge:Cloves José=0.4%; hedge:Danniel Rocha=0.1%; hedge:Dionisio Carvalho=0.1%; hedge:Francinaldo Leão=0.4%; hedge:Irmão Evandro Marques=0.1%; hedge:Jardenya Bezerra=0.4%; hedge:Jorge Lopes=0.1%; hedge:Major Paulo Roberto=0.1%; hedge:Maria Madalena Nunes=0.4%; hedge:Missionário Evandro Craveiro=0.4%; hedge:Pastor Sena=0.1%; hedge:Pedro Laurentino=0.1%; hedge:Tiago Junqueira=13.3%; hedge:Toinho Dufrango=0.4%,"no independent sources available — sized at floor, using market-implied favorite (RACE_PAGE_MAP در sources/polls.py تنظیم نشده است.)",https://polymarket.com/event/piaui-senate-election-2nd-place
2026-09-30T21:25:18.720902+00:00,https://polymarket.com/event/parana-senate-election-2nd-place,Paraná Senate Election: 2nd Place,elections,4.273,0.0,0.0,0,Filipe Barros,35.7,0.34,secondary:Alexandre Curi=22.8%; secondary:Deltan Dallagnol=8.5%; secondary:Gleisi=7.3%; hedge:Cristina Reis Graeml=25.3%; hedge:Dr. Rosinha=0.1%; hedge:Karen Guerreiro=0.1%; hedge:Marcelo Marcelino=0.1%,"no independent sources available — sized at floor, using market-implied favorite (RACE_PAGE_MAP در sources/polls.py تنظیم نشده است.)",https://polymarket.com/event/parana-senate-election-2nd-place
2026-09-30T21:25:18.721068+00:00,https://polymarket.com/event/rio-de-janeiro-senate-election-2nd-place,Rio de Janeiro Senate Election: 2nd Place,elections,4.273,0.0,0.0,0,Carlos Jordy,55.65,0.53,secondary:Carlos Portinho=15.0%; secondary:Benedita da Silva=11.7%; hedge:André Monteiro=0.1%; hedge:Helio Secco=0.1%; hedge:Luciano Mattos=0.1%; hedge:Luiz Eugenio=0.1%; hedge:Marcelo Crivella=10.9%; hedge:Marcos Dias=0.1%; hedge:Michelly Xavier=0.1%; hedge:Monica Benicio=0.2%; hedge:Ó Clemente=0.1%; hedge:Paula Falcão=0.1%; hedge:Pedro Paulo=6.0%; hedge:Vinicius Benevides=0.1%; hedge:Waguinho=0.2%,"no independent sources available — sized at floor, using market-implied favorite (RACE_PAGE_MAP در sources/polls.py تنظیم نشده است.)",https://polymarket.com/event/rio-de-janeiro-senate-election-2nd-place
2026-09-30T21:25:18.721318+00:00,https://polymarket.com/event/rio-grande-do-norte-senate-election-2nd-place,Rio Grande do Norte Senate Election: 2nd Place,elections,4.273,0.0,0.0,0,Zenaide Maia,57.75,0.55,secondary:Samanda de Lula=13.2%; secondary:Styvenson Valentim=12.2%; hedge:Clóvis Costa do Coletivo Nós=0.2%; hedge:Coronel Hélio=10.7%; hedge:Gari Wendell Batista=0.0%; hedge:Linhares Jiboia=0.0%; hedge:Luciana Mandu=0.2%; hedge:Professor Guilherme=0.1%; hedge:Rafael Motta=5.4%; hedge:Rosália Fernandes=0.1%; hedge:Sandro Pimentel=0.0%; hedge:Sonia Godeiro=0.0%; hedge:Tércio Tinôco=0.1%,"no independent sources available — sized at floor, using market-implied favorite (RACE_PAGE_MAP در sources/polls.py تنظیم نشده است.)",https://polymarket.com/event/rio-grande-do-norte-senate-election-2nd-place
2026-09-30T21:25:18.721486+00:00,https://polymarket.com/event/rondonia-senate-election-2nd-place,Rondônia Senate Election: 2nd Place,elections,4.273,0.0,0.0,0,Sílvia Cristina,45.15,0.43,secondary:Bruno Bolsonaro Scheid=13.8%; secondary:Dr. Fernando Máximo=11.3%; secondary:Acir Gurgacz=4.0%; secondary:Mariana Carvalho=3.8%; hedge:Aires Mota=16.9%; hedge:Engenheiro Thulio=1.0%; hedge:Luciana Oliveira=1.3%; hedge:Luis Fernando=1.3%; hedge:Neidinha=1.3%,"no independent sources available — sized at floor, using market-implied favorite (RACE_PAGE_MAP در sources/polls.py تنظیم نشده است.)",https://polymarket.com/event/rondonia-senate-election-2nd-place
2026-09-30T21:25:18.721665+00:00,https://polymarket.com/event/roraima-senate-election-2nd-place,Roraima Senate Election: 2nd Place,elections,4.273,0.0,0.0,0,Nicoletti,56.75,0.5405,secondary:Teresa Surita=22.9%; secondary:Helena da Asatur=3.0%; hedge:Bartô Macuxi=0.1%; hedge:Chico Rodrigues=8.6%; hedge:Helio Bolsonaro=7.3%; hedge:Hilton Xavier=0.1%; hedge:Hiperion de Oliveira=0.1%; hedge:Márcio Junqueira=0.1%; hedge:Mario Rocha=0.4%; hedge:Pastor Isamar=0.1%; hedge:Regina Tio Ivo=0.1%; hedge:Rogério Miranda=0.1%,"no independent sources available — sized at floor, using market-implied favorite (RACE_PAGE_MAP در sources/polls.py تنظیم نشده است.)",https://polymarket.com/event/roraima-senate-election-2nd-place
2026-09-30T21:25:18.721837+00:00,https://polymarket.com/event/rio-grande-do-sul-senate-election-2nd-place,Rio Grande do Sul Senate Election: 2nd Place,elections,4.273,0.0,0.0,0,Sanderson,64.78,0.617,secondary:Manuela D'Ávila=14.2%; secondary:Marcel Van Hattem=6.9%; hedge:Daniela Mulheres Socialistas=0.1%; hedge:Frederico Antunes=0.1%; hedge:Milton Cardoso=0.1%; hedge:Pimenta=7.4%; hedge:Regis Ethur=0.1%; hedge:Renato Jaguarão=0.1%; hedge:Ric Jones=0.1%; hedge:Rigotto=6.2%; hedge:Tania Peres=0.1%,"no independent sources available — sized at floor, using market-implied favorite (RACE_PAGE_MAP در sources/polls.py تنظیم نشده است.)",https://polymarket.com/event/rio-grande-do-sul-senate-election-2nd-place
2026-09-30T21:25:18.722027+00:00,https://polymarket.com/event/santa-catarina-senate-election-2nd-place,Santa Catarina Senate Election: 2nd Place,elections,4.273,0.0,0.0,0,Carlos Bolsonaro,49.88,0.475,secondary:Esperidião Amin=19.0%; secondary:Carol de Toni=11.1%; hedge:Afrânio Boppré=0.6%; hedge:Ana Lucia da Silveira Machado=0.6%; hedge:Carol=0.6%; hedge:Décio Lima=14.4%; hedge:Jeferson da Rocha=0.6%; hedge:Joaninha de Oliveira=0.6%; hedge:Lunelli=0.6%; hedge:Marcos Dorval=0.6%; hedge:Marlene Soccas=0.6%; hedge:Túlio de Amorim Pfuetzenreiter=0.6%,"no independent sources available — sized at floor, using market-implied favorite (RACE_PAGE_MAP در sources/polls.py تنظیم نشده است.)",https://polymarket.com/event/santa-catarina-senate-election-2nd-place
2026-09-30T21:25:18.722204+00:00,https://polymarket.com/event/sergipe-senate-election-2nd-place,Sergipe Senate Election: 2nd Place,elections,4.273,0.0,0.0,0,Rogerio Carvalho,35.0,0.315,secondary:André Moura=13.0%; secondary:Eduardo Amorim=8.8%; secondary:Delegado André David=8.7%; secondary:Delegado Alessandro=8.5%; hedge:Coronel Rocha=0.2%; hedge:Edvaldo=2.3%; hedge:Iran Barbosa=0.2%; hedge:Paulinho da União Tur=0.5%; hedge:Renatinha=0.5%; hedge:Rodrigo Valadares=22.4%,"no independent sources available — sized at floor, using market-implied favorite (RACE_PAGE_MAP در sources/polls.py تنظیم نشده است.)",https://polymarket.com/event/sergipe-senate-election-2nd-place
2026-09-30T21:25:18.722369+00:00,https://polymarket.com/event/sao-paulo-senate-election-2nd-place,São Paulo Senate Election: 2nd Place,elections,4.273,0.0,0.0,0,André do Prado,68.99,0.657,secondary:Guilherme Derrite=11.6%; secondary:Simone Tebet=7.0%; hedge:Dra. Eliana Ferreira=0.1%; hedge:Ednelson Cesaretti=0.1%; hedge:Geraldo Rufino=0.1%; hedge:Maíra de Souza=0.1%; hedge:Marcio Alves=0.1%; hedge:Marina Silva=11.8%; hedge:Petter Maahs=0.1%; hedge:Salles=0.1%; hedge:Soninha Francine=0.1%; hedge:Weller Gonçalves=0.1%; hedge:William Teixeira=0.1%,"no independent sources available — sized at floor, using market-implied favorite (RACE_PAGE_MAP در sources/polls.py تنظیم نشده است.)",https://polymarket.com/event/sao-paulo-senate-election-2nd-place
2026-09-30T21:25:18.722534+00:00,https://polymarket.com/event/tocantins-senate-election-2nd-place,Tocantins Senate Election: 2nd Place,elections,4.273,0.0,0.0,0,Gaguim,41.79,0.398,secondary:Alexandre Guimarães=17.9%; secondary:Eduardo Gomes=9.3%; secondary:Eli Borges=7.7%; hedge:Apóstolo Flavio Braga=0.3%; hedge:Fábio Ribeiro=0.3%; hedge:Helio Rodrigues Bolsonaro=0.3%; hedge:Nilton Santos=0.3%; hedge:Osvany Luz=1.2%; hedge:Paulo Mourão=1.8%; hedge:Professor Osvaldo=0.3%; hedge:Ronaldo Dimas=1.1%; hedge:Vanderlei Luxemburgo=17.8%,"no independent sources available — sized at floor, using market-implied favorite (RACE_PAGE_MAP در sources/polls.py تنظیم نشده است.)",https://polymarket.com/event/tocantins-senate-election-2nd-place
2026-10-01T21:49:18.363672+00:00,https://polymarket.com/event/so-paulo-governor-election-winner,São Paulo Governor Election Winner,elections,3.257,0.0,0.0,0,Tarcísio de Freitas,100.0,0.996,,"no independent sources available — sized at floor, using market-implied favorite (RACE_PAGE_MAP در sources/polls.py تنظیم نشده است.)",https://polymarket.com/event/so-paulo-governor-election-winner
2026-10-01T21:49:18.364033+00:00,https://polymarket.com/event/minas-gerais-governor-election-winner,Minas Gerais Governor Election Winner,elections,3.257,0.0,0.0,0,Cleitinho Azevedo,98.44,0.9375,hedge:Rodrigo Pacheco=0.0%; hedge:Nikolas Ferreira=0.0%; hedge:Alexandre Kalil=0.1%; hedge:Mateus Simões=0.0%; hedge:Tadeu Leite=0.0%; hedge:Aécio Neves=0.0%; hedge:Alexandre Silveira=0.0%; hedge:Gabriel Azevedo=0.0%; hedge:Benoni Mendes=0.0%; hedge:Patrus Ananias=0.4%; hedge:Marcelo Aro=0.0%; hedge:Flávio Roscoe=0.1%; hedge:Vittorio Medioli=0.0%; hedge:Luís Eduardo Falcão=0.0%; hedge:Euclydes Pettersen=0.0%; hedge:Gleidson Azevedo=0.0%,"no independent sources available — sized at floor, using market-implied favorite (RACE_PAGE_MAP در sources/polls.py تنظیم نشده است.)",https://polymarket.com/event/minas-gerais-governor-election-winner
2026-10-01T21:49:18.364257+00:00,https://polymarket.com/event/bahia-governor-election-winner,Bahia Governor Election Winner,elections,3.257,0.0,0.0,0,Jerônimo Rodrigues,71.93,0.685,secondary:ACM Neto=16.8%; hedge:João Roma=2.2%; hedge:José Carlos Aleluia=2.2%; hedge:Kleber Rosa=2.2%; hedge:Rui Costa=2.2%; hedge:Bruno Soares Reis=2.2%,"no independent sources available — sized at floor, using market-implied favorite (RACE_PAGE_MAP در sources/polls.py تنظیم نشده است.)",https://polymarket.com/event/bahia-governor-election-winner
2026-10-01T21:49:18.364536+00:00,https://polymarket.com/event/cear-governor-election-winner,Ceará Governor Election Winner,elections,3.257,0.0,0.0,0,Elmano de Freitas,78.22,0.745,secondary:Ciro Gomes=13.1%; hedge:Eduardo Girão=2.2%; hedge:Capitão Wagner=2.2%; hedge:Roberto Cláudio=2.2%; hedge:Camilo Santana=2.2%,"no independent sources available — sized at floor, using market-implied favorite (RACE_PAGE_MAP در sources/polls.py تنظیم نشده است.)",https://polymarket.com/event/cear-governor-election-winner
2026-10-01T21:49:18.364772+00:00,https://polymarket.com/event/rio-grande-do-sul-governor-election-winner,Rio Grande do Sul Governor Election Winner,elections,3.257,0.0,0.0,0,Luciano Zucco,90.3,0.86,secondary:Juliana Brizola=5.8%; hedge:Marcelo Maranata=0.1%; hedge:Gabriel Souza=3.8%; hedge:Luis Carlos Heinze=0.1%,"no independent sources available — sized at floor, using market-implied favorite (RACE_PAGE_MAP در sources/polls.py تنظیم نشده است.)",https://polymarket.com/event/rio-grande-do-sul-governor-election-winner
2026-10-01T21:49:18.365002+00:00,https://polymarket.com/event/para-governor-election-winner-20260609154623298,Pará Governor Election Winner,elections,3.257,0.0,0.0,0,Hana Ghassan,63.52,0.605,secondary:Dr. Daniel Santos=21.9%; hedge:Éder Mauro=8.1%; hedge:Zequinha Marinho=1.6%; hedge:Rogério Barra=1.6%; hedge:Paulo Rocha=1.6%; hedge:Dirceu Ten Caten=1.6%,"no independent sources available — sized at floor, using market-implied favorite (RACE_PAGE_MAP در sources/polls.py تنظیم نشده است.)",https://polymarket.com/event/para-governor-election-winner-20260609154623298
2026-10-01T21:49:18.365204+00:00,https://polymarket.com/event/goias-governor-election-winner-20260609165823163,Goiás Governor Election Winner,elections,3.257,0.0,0.0,0,Daniel Vilela,100.0,0.983,,"no independent sources available — sized at floor, using market-implied favorite (RACE_PAGE_MAP در sources/polls.py تنظیم نشده است.)",https://polymarket.com/event/goias-governor-election-winner-20260609165823163
2026-10-01T21:49:18.365448+00:00,https://polymarket.com/event/santa-catarina-governor-election-winner-20260609164309743,Santa Catarina Governor Election Winner ,elections,3.257,0.0,0.0,0,Jorginho Mello,100.0,0.9965,,"no independent sources available — sized at floor, using market-implied favorite (RACE_PAGE_MAP در sources/polls.py تنظیم نشده است.)",https://polymarket.com/event/santa-catarina-governor-election-winner-20260609164309743
2026-10-01T21:49:18.365675+00:00,https://polymarket.com/event/parana-governor-election-winner-20260608205118343,Paraná Governor Election Winner,elections,3.257,0.0,0.0,0,Sergio Moro,81.38,0.775,secondary:Sandro Alex=11.2%; hedge:Requião Filho=6.0%; hedge:Rafael Greca=0.2%; hedge:Guto Silva=0.2%; hedge:Alexandre Curi=0.2%; hedge:Beto Richa=0.2%; hedge:Enio Verri=0.2%; hedge:Luiz França=0.2%,"no independent sources available — sized at floor, using market-implied favorite (RACE_PAGE_MAP در sources/polls.py تنظیم نشده است.)",https://polymarket.com/event/parana-governor-election-winner-20260608205118343
2026-10-01T21:49:18.365937+00:00,https://polymarket.com/event/rio-de-janeiro-governor-election-winner-20260608202949176,Rio de Janeiro Governor Election Winner,elections,3.257,0.0,0.0,0,Eduardo Paes,75.97,0.7235,secondary:Douglas Ruas=14.4%; hedge:Dr. Luizinho=0.7%; hedge:Eduardo Pazuello=0.7%; hedge:Tarcísio Motta=0.7%; hedge:Anthony Garotinho=0.7%; hedge:Wilson Witzel=0.7%; hedge:André Português=0.7%; hedge:Lindbergh Farias=0.7%; hedge:Felipe Curi=0.7%; hedge:Nicola Miccione=0.7%; hedge:André Ceciliano=0.7%; hedge:Chico Machado=0.7%; hedge:Fred Pacheco=0.7%; hedge:Rafa Luz=0.7%; hedge:Colonel Busnello=0.7%,"no independent sources available — sized at floor, using market-implied favorite (RACE_PAGE_MAP در sources/polls.py تنظیم نشده است.)",https://polymarket.com/event/rio-de-janeiro-governor-election-winner-20260608202949176
2026-10-01T21:49:18.366156+00:00,https://polymarket.com/event/maranhao-governor-election-winner-20260611182113297,Maranhão Governor Election Winner,elections,3.257,0.0,0.0,0,Eduardo Braide,93.45,0.89,secondary:Orleans Brandão=3.9%; hedge:Felipe Camarão=1.6%; hedge:André Luís=0.3%; hedge:Lahesio Bonfim=0.3%; hedge:Enilton Rodrigues=0.3%,"no independent sources available — sized at floor, using market-implied favorite (RACE_PAGE_MAP در sources/polls.py تنظیم نشده است.)",https://polymarket.com/event/maranhao-governor-election-winner-20260611182113297
2026-10-01T21:49:18.366375+00:00,https://polymarket.com/event/paraiba-governor-election-winner-20260611183326566,Paraíba Governor Election Winner,elections,3.257,0.0,0.0,0,Lucas Ribeiro,100.0,0.961,,"no independent sources available — sized at floor, using market-implied favorite (RACE_PAGE_MAP در sources/polls.py تنظیم نشده است.)",https://polymarket.com/event/paraiba-governor-election-winner-20260611183326566
2026-10-01T21:49:18.366581+00:00,https://polymarket.com/event/espirito-santo-governor-election-winner-20260611183840001,Espírito Santo Governor Election Winner ,elections,3.257,0.0,0.0,0,Ricardo Ferraço,58.8,0.56,secondary:Lorenzo Pazolini=24.7%; hedge:Sergio Vidigal=5.5%; hedge:Arnaldinho Borgo=5.5%; hedge:Euclério Sampaio=5.5%,"no independent sources available — sized at floor, using market-implied favorite (RACE_PAGE_MAP در sources/polls.py تنظیم نشده است.)",https://polymarket.com/event/espirito-santo-governor-election-winner-20260611183840001
2026-10-01T21:49:18.366771+00:00,https://polymarket.com/event/pernambuco-governor-election-winner-20260709143134925,Pernambuco Governor Election Winner,elections,3.257,0.0,0.0,0,João Campos,54.08,0.515,secondary:Raquel Lyra=27.6%; hedge:Ivan Moraes=18.4%,"no independent sources available — sized at floor, using market-implied favorite (RACE_PAGE_MAP در sources/polls.py تنظیم نشده است.)",https://polymarket.com/event/pernambuco-governor-election-winner-20260709143134925
2026-10-01T21:49:18.366988+00:00,https://polymarket.com/event/acre-governor-election-winner,Acre Governor Election Winner,elections,3.257,0.0,0.0,0,Mailza Assis,72.97,0.695,secondary:Alan Rick=16.2%; hedge:Dr. Luisinho=1.4%; hedge:Eudo Raffael=1.4%; hedge:Thor Dantas=1.4%; hedge:Tião Bocalom=6.8%,"no independent sources available — sized at floor, using market-implied favorite (RACE_PAGE_MAP در sources/polls.py تنظیم نشده است.)",https://polymarket.com/event/acre-governor-election-winner
2026-10-01T21:49:18.367189+00:00,https://polymarket.com/event/alagoas-governor-election-winner,Alagoas Governor Election Winner,elections,3.257,0.0,0.0,0,JHC,61.95,0.59,secondary:Renan Filho=22.8%; hedge:Lenilda Luna=7.6%; hedge:Márcio Jambo=7.6%,"no independent sources available — sized at floor, using market-implied favorite (RACE_PAGE_MAP در sources/polls.py تنظیم نشده است.)",https://polymarket.com/event/alagoas-governor-election-winner
2026-10-01T21:49:18.367426+00:00,https://polymarket.com/event/amazonas-governor-election-winner,Amazonas Governor Election Winner,elections,3.257,0.0,0.0,0,Omar Aziz,66.68,0.635,secondary:Professora Maria do Carmo=14.5%; secondary:Roberto Cidade=5.5%; hedge:Cabo Daciolo=0.9%; hedge:David Almeida=10.5%; hedge:Gilberto Vasconcelos=0.9%; hedge:Isael Munduruku=0.9%,"no independent sources available — sized at floor, using market-implied favorite (RACE_PAGE_MAP در sources/polls.py تنظیم نشده است.)",https://polymarket.com/event/amazonas-governor-election-winner
2026-10-01T21:49:18.367628+00:00,https://polymarket.com/event/amapa-governor-election-winner,Amapá Governor Election Winner,elections,3.257,0.0,0.0,0,Dr. Furlan,92.4,0.88,secondary:Clécio Luís=4.6%; hedge:Carlos Cley=0.2%; hedge:Jairo Palheta=1.4%; hedge:Marcos Reategui=1.4%,"no independent sources available — sized at floor, using market-implied favorite (RACE_PAGE_MAP در sources/polls.py تنظیم نشده است.)",https://polymarket.com/event/amapa-governor-election-winner
2026-10-01T21:49:18.367821+00:00,https://polymarket.com/event/mato-grosso-do-sul-governor-election-winner,Mato Grosso do Sul Governor Election Winner,elections,3.257,0.0,0.0,0,Eduardo Riedel,100.0,0.9955,,"no independent sources available — sized at floor, using market-implied favorite (RACE_PAGE_MAP در sources/polls.py تنظیم نشده است.)",https://polymarket.com/event/mato-grosso-do-sul-governor-election-winner
2026-10-01T21:49:18.368028+00:00,https://polymarket.com/event/mato-grosso-governor-election-winner,Mato Grosso Governor Election Winner,elections,3.257,0.0,0.0,0,Otaviano Pivetta,63.0,0.6,secondary:Wellington Fagundes=22.2%; hedge:Doutora Natasha=10.2%; hedge:Mauricio Coelho=2.8%; hedge:Rafaell Milas=0.9%; hedge:Sargento Laudicério=0.9%,"no independent sources available — sized at floor, using market-implied favorite (RACE_PAGE_MAP در sources/polls.py تنظیم نشده است.)",https://polymarket.com/event/mato-grosso-governor-election-winner
2026-10-01T21:49:18.368228+00:00,https://polymarket.com/event/piaui-governor-election-winner,Piauí Governor Election Winner,elections,3.257,0.0,0.0,0,Rafael Fonteles,100.0,0.9955,,"no independent sources available — sized at floor, using market-implied favorite (RACE_PAGE_MAP در sources/polls.py تنظیم نشده است.)",https://polymarket.com/event/piaui-governor-election-winner
2026-10-01T21:49:18.368463+00:00,https://polymarket.com/event/rondonia-governor-election-winner,Rondônia Governor Election Winner,elections,3.257,0.0,0.0,0,Marcos Rogério,93.98,0.895,secondary:Adailton Furia=3.6%; hedge:Expedito Netto=0.3%; hedge:Hildon Chaves=1.5%; hedge:Pedro Abib=0.5%; hedge:Samuel Costa=0.2%,"no independent sources available — sized at floor, using market-implied favorite (RACE_PAGE_MAP در sources/polls.py تنظیم نشده است.)",https://polymarket.com/event/rondonia-governor-election-winner
2026-10-01T21:49:18.368649+00:00,https://polymarket.com/event/roraima-governor-election-winner,Roraima Governor Election Winner,elections,3.257,0.0,0.0,0,Arthur Henrique,100.0,0.975,,"no independent sources available — sized at floor, using market-implied favorite (RACE_PAGE_MAP در sources/polls.py تنظیم نشده است.)",https://polymarket.com/event/roraima-governor-election-winner
2026-10-01T21:49:18.368858+00:00,https://polymarket.com/event/tocantins-governor-election-winner,Tocantins Governor Election Winner,elections,3.257,0.0,0.0,0,Professora Dorinha,61.42,0.585,secondary:Vicentinho Júnior=23.1%; hedge:Ataides de Oliveira=2.2%; hedge:Du Pereira=2.2%; hedge:Laurez Moreira=2.2%; hedge:Prof. Witer Naves=2.2%; hedge:Subtenente Luiz Carlos=6.6%,"no independent sources available — sized at floor, using market-implied favorite (RACE_PAGE_MAP در sources/polls.py تنظیم نشده است.)",https://polymarket.com/event/tocantins-governor-election-winner
2026-10-01T21:49:18.369055+00:00,https://polymarket.com/event/federal-district-governor-election-winner,Federal District Governor Election Winner,elections,3.257,0.0,0.0,0,Celina Leão,100.0,0.973,,"no independent sources available — sized at floor, using market-implied favorite (RACE_PAGE_MAP در sources/polls.py تنظیم نشده است.)",https://polymarket.com/event/federal-district-governor-election-winner
2026-10-01T21:49:18.369262+00:00,https://polymarket.com/event/rio-grande-do-norte-governor-election-winner,Rio Grande do Norte Governor Election Winner,elections,3.257,0.0,0.0,0,Allyson,77.7,0.74,secondary:Cadu de Lula=13.4%; hedge:Álvaro Dias=8.1%; hedge:Carlos Jararaca=0.2%; hedge:Dário Barbosa=0.2%; hedge:Henrique Lyra=0.2%; hedge:Professor Roberio Paulino=0.2%; hedge:Rodrigo Bolsonaro=0.2%,"no independent sources available — sized at floor, using market-implied favorite (RACE_PAGE_MAP در sources/polls.py تنظیم نشده است.)",https://polymarket.com/event/rio-grande-do-norte-governor-election-winner
2026-10-01T21:49:18.369501+00:00,https://polymarket.com/event/sergipe-governor-election-winner,Sergipe Governor Election Winner,elections,3.257,0.0,0.0,0,Fábio,91.35,0.87,secondary:Valmir de Francisquinho=5.2%; hedge:Dr. Helton=0.4%; hedge:Emanuel Cacho=1.5%; hedge:Ricardo Marques=0.4%; hedge:Taty Cristina de Jesus=1.1%,"no independent sources available — sized at floor, using market-implied favorite (RACE_PAGE_MAP در sources/polls.py تنظیم نشده است.)",https://polymarket.com/event/sergipe-governor-election-winner
2026-10-01T21:49:18.369721+00:00,https://polymarket.com/event/acre-senate-election-1st-place,Acre Senate Election: 1st Place,elections,3.257,0.0,0.0,0,Marcio Bittar,40.43,0.385,secondary:Mara Rocha=19.1%; secondary:Gladson Camelí=16.6%; hedge:Dr. Junior Feitosa=0.2%; hedge:Eduardo Velloso=0.2%; hedge:Jorge Viana=22.6%; hedge:Petecão=0.6%; hedge:Professor Inacio Moreira=0.2%,"no independent sources available — sized at floor, using market-implied favorite (RACE_PAGE_MAP در sources/polls.py تنظیم نشده است.)",https://polymarket.com/event/acre-senate-election-1st-place
2026-10-01T21:49:18.369941+00:00,https://polymarket.com/event/acre-senate-election-2nd-place,Acre Senate Election: 2nd Place,elections,3.257,0.0,0.0,0,Mara Rocha,46.73,0.445,secondary:Marcio Bittar=21.4%; secondary:Gladson Camelí=10.6%; hedge:Dr. Junior Feitosa=0.1%; hedge:Eduardo Velloso=0.1%; hedge:Jorge Viana=18.6%; hedge:Petecão=2.1%; hedge:Professor Inacio Moreira=0.5%,"no independent sources available — sized at floor, using market-implied favorite (RACE_PAGE_MAP در sources/polls.py تنظیم نشده است.)",https://polymarket.com/event/acre-senate-election-2nd-place
2026-10-01T21:49:18.370151+00:00,https://polymarket.com/event/alagoas-senate-election-1st-place,Alagoas Senate Election: 1st Place,elections,3.257,0.0,0.0,0,Marina JHC,64.73,0.6165,secondary:Arthur Lira=21.2%; hedge:Alexandre Fleming=0.5%; hedge:Davi Davino Filho=1.8%; hedge:Dr. Wanderley=0.5%; hedge:Mariedson=0.2%; hedge:Renan=11.1%,"no independent sources available — sized at floor, using market-implied favorite (RACE_PAGE_MAP در sources/polls.py تنظیم نشده است.)",https://polymarket.com/event/alagoas-senate-election-1st-place
2026-10-01T21:49:18.370394+00:00,https://polymarket.com/event/alagoas-senate-election-2nd-place,Alagoas Senate Election: 2nd Place,elections,3.257,0.0,0.0,0,Arthur Lira,35.0,0.29,secondary:Marina JHC=19.3%; secondary:Renan=15.0%; secondary:Davi Davino Filho=4.3%; secondary:Dr. Wanderley=0.4%; secondary:Alexandre Fleming=0.1%; secondary:Mariedson=26.0%,"no independent sources available — sized at floor, using market-implied favorite (RACE_PAGE_MAP در sources/polls.py تنظیم نشده است.)",https://polymarket.com/event/alagoas-senate-election-2nd-place
2026-10-01T21:49:18.370618+00:00,https://polymarket.com/event/amazonas-senate-election-2nd-place,Amazonas Senate Election: 2nd Place,elections,3.257,0.0,0.0,0,Capitão Alberto Neto,71.93,0.685,secondary:Wilson Lima=8.5%; secondary:Eduardo Braga=8.3%; hedge:Dailson Corrêa=0.5%; hedge:Evandro de Oliveira=0.3%; hedge:Ismael Munduruku=0.4%; hedge:Plinio Valério=8.9%; hedge:Professora Evany=0.4%; hedge:Xuxa do Amazonas=0.7%,"no independent sources available — sized at floor, using market-implied favorite (RACE_PAGE_MAP در sources/polls.py تنظیم نشده است.)",https://polymarket.com/event/amazonas-senate-election-2nd-place
2026-10-01T21:49:18.370837+00:00,https://polymarket.com/event/amazonas-senate-election-1st-place,Amazonas Senate Election: 1st Place,elections,3.257,0.0,0.0,0,Eduardo Braga,88.2,0.84,secondary:Capitão Alberto Neto=7.1%; hedge:Dailson Corrêa=0.1%; hedge:Evandro de Oliveira=0.1%; hedge:Ismael Munduruku=0.1%; hedge:Plinio Valério=1.4%; hedge:Professora Evany=0.1%; hedge:Wilson Lima=2.6%; hedge:Xuxa do Amazonas=0.1%,"no independent sources available — sized at floor, using market-implied favorite (RACE_PAGE_MAP در sources/polls.py تنظیم نشده است.)",https://polymarket.com/event/amazonas-senate-election-1st-place
2026-10-01T21:49:18.371058+00:00,https://polymarket.com/event/amapa-senate-election-2nd-place,Amapá Senate Election: 2nd Place,elections,3.257,0.0,0.0,0,Randolfe,48.83,0.465,secondary:Lucas Barreto=22.3%; secondary:Rayssa Furlan=8.4%; hedge:Acácio Favacho=3.4%; hedge:Alliny Serrão=1.6%; hedge:Capi=3.8%; hedge:Helio Silva=0.6%; hedge:Juíza Jô=5.2%; hedge:Professor Uzian Pinto=5.9%,"no independent sources available — sized at floor, using market-implied favorite (RACE_PAGE_MAP در sources/polls.py تنظیم نشده است.)",https://polymarket.com/event/amapa-senate-election-2nd-place
2026-10-01T21:49:18.371282+00:00,https://polymarket.com/event/amapa-senate-election-1st-place,Amapá Senate Election: 1st Place,elections,3.257,0.0,0.0,0,Rayssa Furlan,76.65,0.73,secondary:Randolfe=8.7%; secondary:Lucas Barreto=3.1%; secondary:Alliny Serrão=1.6%; secondary:Acácio Favacho=0.3%; secondary:Capi=0.1%; secondary:Helio Silva=0.1%; secondary:Juíza Jô=0.1%; secondary:Professor Uzian Pinto=9.4%,"no independent sources available — sized at floor, using market-implied favorite (RACE_PAGE_MAP در sources/polls.py تنظیم نشده است.)",https://polymarket.com/event/amapa-senate-election-1st-place
2026-10-01T21:49:18.371538+00:00,https://polymarket.com/event/bahia-senate-election-2nd-place,Bahia Senate Election: 2nd Place,elections,3.257,0.0,0.0,0,Jaques Wagner,76.12,0.725,secondary:João Roma=7.2%; secondary:Rui Costa=7.2%; hedge:Angelo Coronel=8.0%; hedge:Carlos Sodré=0.3%; hedge:Gregorio Gould=0.3%; hedge:Marcelo Carvalho=0.3%; hedge:Marcelo Millet=0.3%; hedge:Marcelo Santtana=0.3%; hedge:Professora Delliana=0.3%,"no independent sources available — sized at floor, using market-implied favorite (RACE_PAGE_MAP در sources/polls.py تنظیم نشده است.)",https://polymarket.com/event/bahia-senate-election-2nd-place
2026-10-01T21:49:18.371770+00:00,https://polymarket.com/event/bahia-senate-election-1st-place,Bahia Senate Election: 1st Place,elections,3.257,0.0,0.0,0,Rui Costa,93.98,0.895,secondary:Jaques Wagner=3.6%; hedge:Angelo Coronel=1.7%; hedge:Carlos Sodré=0.1%; hedge:Gregorio Gould=0.1%; hedge:João Roma=0.3%; hedge:Marcelo Carvalho=0.1%; hedge:Marcelo Millet=0.1%; hedge:Marcelo Santtana=0.1%; hedge:Professora Delliana=0.1%,"no independent sources available — sized at floor, using market-implied favorite (RACE_PAGE_MAP در sources/polls.py تنظیم نشده است.)",https://polymarket.com/event/bahia-senate-election-1st-place
2026-10-01T21:49:18.371987+00:00,https://polymarket.com/event/ceara-senate-election-1st-place,Ceará Senate Election: 1st Place,elections,3.257,0.0,0.0,0,Cid Gomes,64.58,0.615,secondary:Capitão Wagner=12.1%; secondary:Luizianne=9.1%; hedge:Alcides Fernandes=2.8%; hedge:Catarina Matos=2.8%; hedge:Guilherme Theophilo=2.8%; hedge:Lino Alves=2.8%; hedge:Reginaldo=2.8%,"no independent sources available — sized at floor, using market-implied favorite (RACE_PAGE_MAP در sources/polls.py تنظیم نشده است.)",https://polymarket.com/event/ceara-senate-election-1st-place
2026-10-01T21:49:18.372201+00:00,https://polymarket.com/event/ceara-senate-election-2nd-place,Ceará Senate Election: 2nd Place,elections,3.257,0.0,0.0,0,Capitão Wagner,39.9,0.38,secondary:Luizianne=20.9%; secondary:Cid Gomes=12.7%; secondary:Alcides Fernandes=2.5%; hedge:Catarina Matos=6.0%; hedge:Guilherme Theophilo=12.0%; hedge:Lino Alves=4.8%; hedge:Reginaldo=1.2%,"no independent sources available — sized at floor, using market-implied favorite (RACE_PAGE_MAP در sources/polls.py تنظیم نشده است.)",https://polymarket.com/event/ceara-senate-election-2nd-place
2026-10-01T21:49:18.372468+00:00,https://polymarket.com/event/federal-district-senate-election-1st-place,Federal District Senate Election: 1st Place,elections,3.257,0.0,0.0,0,Michelle Bolsonaro,99.86,0.951,hedge:Avenir Rosa=0.0%; hedge:Bia Kicis=0.0%; hedge:David Horn=0.0%; hedge:Erika Kokay=0.0%; hedge:Guto Felício dos Santos=0.0%; hedge:Leila do Vôlei=0.0%; hedge:Marley=0.0%; hedge:Professor Guilherme Amorim=0.0%; hedge:Ronaldo Fonseca=0.0%; hedge:Sebastião Coelho=0.0%; hedge:Tiago=0.0%; hedge:Zanata=0.0%,"no independent sources available — sized at floor, using market-implied favorite (RACE_PAGE_MAP در sources/polls.py تنظیم نشده است.)",https://polymarket.com/event/federal-district-senate-election-1st-place
2026-10-01T21:49:18.372711+00:00,https://polymarket.com/event/federal-district-senate-election-2nd-place,Federal District Senate Election: 2nd Place,elections,3.257,0.0,0.0,0,Bia Kicis,87.89,0.837,secondary:Leila do Vôlei=7.3%; hedge:Avenir Rosa=0.0%; hedge:David Horn=0.0%; hedge:Erika Kokay=2.4%; hedge:Guto Felício dos Santos=0.0%; hedge:Marley=0.0%; hedge:Michelle Bolsonaro=2.1%; hedge:Professor Guilherme Amorim=0.0%; hedge:Ronaldo Fonseca=0.0%; hedge:Sebastião Coelho=0.1%; hedge:Tiago=0.0%; hedge:Zanata=0.0%,"no independent sources available — sized at floor, using market-implied favorite (RACE_PAGE_MAP در sources/polls.py تنظیم نشده است.)",https://polymarket.com/event/federal-district-senate-election-2nd-place
2026-10-01T21:49:18.372936+00:00,https://polymarket.com/event/espirito-santo-senate-election-1st-place,Espírito Santo Senate Election: 1st Place,elections,3.257,0.0,0.0,0,Renato Casagrande,96.81,0.922,hedge:Callegari=0.1%; hedge:Evair de Melo=0.7%; hedge:Fabiano Contarato=0.0%; hedge:Leonardo Monjardim=0.1%; hedge:Maguinha Malta=0.2%; hedge:Marcos do Val=0.0%; hedge:Professor Fabian=0.0%; hedge:Rodney Miranda=0.1%; hedge:Rose de Freitas=0.0%; hedge:Sergio Meneguelli=0.0%,"no independent sources available — sized at floor, using market-implied favorite (RACE_PAGE_MAP در sources/polls.py تنظیم نشده است.)",https://polymarket.com/event/espirito-santo-senate-election-1st-place
2026-10-01T21:49:18.373173+00:00,https://polymarket.com/event/espirito-santo-senate-election-2nd-place,Espírito Santo Senate Election: 2nd Place,elections,3.257,0.0,0.0,0,Sergio Meneguelli,35.0,0.33,secondary:Maguinha Malta=16.6%; secondary:Rose de Freitas=9.1%; secondary:Evair de Melo=7.8%; secondary:Fabiano Contarato=5.4%; hedge:Callegari=0.7%; hedge:Leonardo Monjardim=0.7%; hedge:Marcos do Val=0.7%; hedge:Professor Fabian=0.2%; hedge:Renato Casagrande=23.6%; hedge:Rodney Miranda=0.2%,"no independent sources available — sized at floor, using market-implied favorite (RACE_PAGE_MAP در sources/polls.py تنظیم نشده است.)",https://polymarket.com/event/espirito-santo-senate-election-2nd-place
2026-10-01T21:49:18.373434+00:00,https://polymarket.com/event/goias-senate-election-1st-place,Goiás Senate Election: 1st Place,elections,3.257,0.0,0.0,0,Gracinha Caiado,68.25,0.65,secondary:Gustavo Gayer=19.1%; hedge:Cintia Dias=0.8%; hedge:Dr. Zacharias Calil=6.0%; hedge:Ernesto Roller=1.7%; hedge:Guilherme Darques=0.8%; hedge:Gustavo Mendanha=0.5%; hedge:Isaura Lemos=0.8%; hedge:Iure Castro=0.8%; hedge:Oséias Varão=0.8%; hedge:Vanderlan Cardoso=0.8%,"no independent sources available — sized at floor, using market-implied favorite (RACE_PAGE_MAP در sources/polls.py تنظیم نشده است.)",https://polymarket.com/event/goias-senate-election-1st-place
2026-10-01T21:49:18.373666+00:00,https://polymarket.com/event/goias-senate-election-2nd-place,Goiás Senate Election: 2nd Place,elections,3.257,0.0,0.0,0,Gustavo Gayer,58.28,0.555,secondary:Gracinha Caiado=19.7%; secondary:Dr. Zacharias Calil=5.3%; hedge:Cintia Dias=0.3%; hedge:Ernesto Roller=0.3%; hedge:Guilherme Darques=0.1%; hedge:Gustavo Mendanha=6.2%; hedge:Isaura Lemos=0.1%; hedge:Iure Castro=0.7%; hedge:Oséias Varão=1.1%; hedge:Vanderlan Cardoso=8.0%,"no independent sources available — sized at floor, using market-implied favorite (RACE_PAGE_MAP در sources/polls.py تنظیم نشده است.)",https://polymarket.com/event/goias-senate-election-2nd-place
2026-10-01T21:49:18.373902+00:00,https://polymarket.com/event/maranhao-senate-election-2nd-place,Maranhão Senate Election: 2nd Place,elections,3.257,0.0,0.0,0,Weverton Rocha,35.0,0.295,secondary:Fufuca=16.5%; secondary:Roseana Sarney=12.5%; secondary:Lahesio Bonfim=10.0%; hedge:Cidônio Gonçalves=2.0%; hedge:Dr. Hilton Gonçalo=2.0%; hedge:Eliziane Gama=19.8%; hedge:Enilton Rodrigues=0.4%; hedge:Raimundo Moreira=1.0%; hedge:Simplício Araújo=0.4%; hedge:Wilson Leite=0.4%,"no independent sources available — sized at floor, using market-implied favorite (RACE_PAGE_MAP در sources/polls.py تنظیم نشده است.)",https://polymarket.com/event/maranhao-senate-election-2nd-place
2026-10-01T21:49:18.374141+00:00,https://polymarket.com/event/maranhao-senate-election-1st-place,Maranhão Senate Election: 1st Place,elections,3.257,0.0,0.0,0,Roseana Sarney,52.5,0.5,secondary:Lahesio Bonfim=14.8%; secondary:Fufuca=13.7%; hedge:Cidônio Gonçalves=0.2%; hedge:Dr. Hilton Gonçalo=1.4%; hedge:Eliziane Gama=2.9%; hedge:Enilton Rodrigues=0.2%; hedge:Raimundo Moreira=0.2%; hedge:Simplício Araújo=0.5%; hedge:Weverton Rocha=13.5%; hedge:Wilson Leite=0.2%,"no independent sources available — sized at floor, using market-implied favorite (RACE_PAGE_MAP در sources/polls.py تنظیم نشده است.)",https://polymarket.com/event/maranhao-senate-election-1st-place
2026-10-01T21:49:18.374420+00:00,https://polymarket.com/event/minas-gerais-senate-election-1st-place,Minas Gerais Senate Election: 1st Place,elections,3.257,0.0,0.0,0,Domingos Sávio,58.64,0.5585,secondary:Marília Campos=16.6%; secondary:Carlos Viana=8.2%; hedge:Arcanjo Pimenta=0.3%; hedge:Áurea Carolina=0.3%; hedge:Carlin Moura=0.3%; hedge:Fidélis Alcântara=0.3%; hedge:Gustavo Galassi=0.3%; hedge:Jordano Metalúrgico=0.3%; hedge:Juiz Ramon Moreira=0.3%; hedge:Manoel Carvalho=0.3%; hedge:Marcelo Aro=2.6%; hedge:Marcelo Heringer=0.3%; hedge:Marco Antônio Superman=2.1%; hedge:Tião Pessoa=0.3%; hedge:Victória Mello Vic=0.3%; hedge:Aécio Neves=8.9%,"no independent sources available — sized at floor, using market-implied favorite (RACE_PAGE_MAP در sources/polls.py تنظیم نشده است.)",https://polymarket.com/event/minas-gerais-senate-election-1st-place
2026-10-01T21:49:18.374692+00:00,https://polymarket.com/event/minas-gerais-senate-election-2nd-place,Minas Gerais Senate Election: 2nd Place,elections,3.257,0.0,0.0,0,Carlos Viana,45.67,0.435,secondary:Domingos Sávio=16.8%; secondary:Marília Campos=15.8%; hedge:Arcanjo Pimenta=0.1%; hedge:Áurea Carolina=1.2%; hedge:Carlin Moura=0.1%; hedge:Fidélis Alcântara=0.1%; hedge:Gustavo Galassi=0.1%; hedge:Jordano Metalúrgico=0.1%; hedge:Juiz Ramon Moreira=0.1%; hedge:Manoel Carvalho=0.1%; hedge:Marcelo Aro=0.5%; hedge:Marcelo Heringer=0.1%; hedge:Marco Antônio Superman=12.2%; hedge:Tião Pessoa=0.1%; hedge:Victória Mello Vic=0.1%; hedge:Aécio Neves=7.4%,"no independent sources available — sized at floor, using market-implied favorite (RACE_PAGE_MAP در sources/polls.py تنظیم نشده است.)",https://polymarket.com/event/minas-gerais-senate-election-2nd-place
2026-10-01T21:49:18.374920+00:00,https://polymarket.com/event/mato-grosso-do-sul-senate-election-2nd-place,Mato Grosso do Sul Senate Election: 2nd Place,elections,3.257,0.0,0.0,0,Capitão Contar,66.68,0.635,secondary:Reinaldo Azambuja=13.3%; secondary:Vander Loubet=6.7%; hedge:Beto do Movimento=0.2%; hedge:Daniel Junior=0.2%; hedge:Luiz Lemes=0.7%; hedge:Roberto Oshiro=0.2%; hedge:Soraya=10.9%; hedge:Valderi Garcia=0.2%; hedge:Valter da Comagran=0.7%,"no independent sources available — sized at floor, using market-implied favorite (RACE_PAGE_MAP در sources/polls.py تنظیم نشده است.)",https://polymarket.com/event/mato-grosso-do-sul-senate-election-2nd-place
2026-10-01T21:49:18.375148+00:00,https://polymarket.com/event/mato-grosso-do-sul-senate-election-1st-place,Mato Grosso do Sul Senate Election: 1st Place,elections,3.257,0.0,0.0,0,Reinaldo Azambuja,63.52,0.605,secondary:Capitão Contar=21.9%; hedge:Beto do Movimento=0.5%; hedge:Daniel Junior=0.5%; hedge:Luiz Lemes=2.7%; hedge:Roberto Oshiro=1.4%; hedge:Soraya=0.5%; hedge:Valderi Garcia=3.6%; hedge:Valter da Comagran=3.6%; hedge:Vander Loubet=1.8%,"no independent sources available — sized at floor, using market-implied favorite (RACE_PAGE_MAP در sources/polls.py تنظیم نشده است.)",https://polymarket.com/event/mato-grosso-do-sul-senate-election-1st-place
2026-10-01T21:49:18.375399+00:00,https://polymarket.com/event/mato-grosso-senate-election-2nd-place,Mato Grosso Senate Election: 2nd Place,elections,3.257,0.0,0.0,0,Janaina Riva,73.5,0.7,secondary:Mauro Mendes=7.2%; secondary:Galvan=4.7%; secondary:Jose Medeiros=4.1%; hedge:Beny Godoy=0.2%; hedge:Coronel Darwin=0.1%; hedge:Fávaro=3.9%; hedge:Margareth Buzetti=0.1%; hedge:Pedro Taques=5.8%; hedge:Professor Nelson Ferreira=0.4%,"no independent sources available — sized at floor, using market-implied favorite (RACE_PAGE_MAP در sources/polls.py تنظیم نشده است.)",https://polymarket.com/event/mato-grosso-senate-election-2nd-place
2026-10-01T21:49:18.375630+00:00,https://polymarket.com/event/mato-grosso-senate-election-1st-place,Mato Grosso Senate Election: 1st Place,elections,3.257,0.0,0.0,0,Mauro Mendes,93.45,0.89,secondary:Janaina Riva=3.9%; hedge:Beny Godoy=0.6%; hedge:Coronel Darwin=0.6%; hedge:Fávaro=0.2%; hedge:Galvan=0.2%; hedge:Jose Medeiros=0.5%; hedge:Margareth Buzetti=0.1%; hedge:Pedro Taques=0.5%; hedge:Professor Nelson Ferreira=0.1%,"no independent sources available — sized at floor, using market-implied favorite (RACE_PAGE_MAP در sources/polls.py تنظیم نشده است.)",https://polymarket.com/event/mato-grosso-senate-election-1st-place
2026-10-01T21:49:18.375865+00:00,https://polymarket.com/event/para-senate-election-1st-place,Pará Senate Election: 1st Place,elections,3.257,0.0,0.0,0,Helder,89.78,0.855,secondary:Delegado Éder Mauro=6.1%; hedge:Breno Guimarães=0.1%; hedge:Celso Sabino=0.2%; hedge:Chicão=1.2%; hedge:Conti=0.3%; hedge:Edlaine Rodrigues=0.7%; hedge:Fernanda Lopes=0.2%; hedge:Gizelle Freitas=0.3%; hedge:Willem da Silva=0.1%; hedge:Zequinha Marinho=1.1%,"no independent sources available — sized at floor, using market-implied favorite (RACE_PAGE_MAP در sources/polls.py تنظیم نشده است.)",https://polymarket.com/event/para-senate-election-1st-place
2026-10-01T21:49:18.376181+00:00,https://polymarket.com/event/paraiba-senate-election-1st-place,Paraíba Senate Election: 1st Place,elections,3.257,0.0,0.0,0,Joao Azevêdo,97.18,0.9255,hedge:Adriano Trajano=0.0%; hedge:André Gadelha=0.0%; hedge:Dr. Marcelo Queiroga=0.0%; hedge:João Batista=0.0%; hedge:Major Fábio=0.0%; hedge:Nabor=0.6%; hedge:Rinaldo Júnior=0.0%; hedge:Rosilene Santana=0.0%; hedge:Veneziano=0.4%,"no independent sources available — sized at floor, using market-implied favorite (RACE_PAGE_MAP در sources/polls.py تنظیم نشده است.)",https://polymarket.com/event/paraiba-senate-election-1st-place
2026-10-01T21:49:18.376423+00:00,https://polymarket.com/event/pernambuco-senate-election-1st-place,Pernambuco Senate Election: 1st Place,elections,3.257,0.0,0.0,0,Marília Arraes,75.08,0.715,secondary:Humberto Costa=12.1%; secondary:Mendonça Filho=2.9%; hedge:Carlos Sant'Anna=0.5%; hedge:Eduardo da Fonte=6.8%; hedge:Gorett Bitu=0.7%; hedge:Mailson da Silva Neto=0.4%; hedge:Mariano Macedo=0.4%; hedge:Pastor Gilvan Costa=0.1%; hedge:Paulo Rubem Santiago=0.6%; hedge:Samuel Timoteo=0.1%; hedge:Túlio Gadêlha=0.5%,"no independent sources available — sized at floor, using market-implied favorite (RACE_PAGE_MAP در sources/polls.py تنظیم نشده است.)",https://polymarket.com/event/pernambuco-senate-election-1st-place
2026-10-01T21:49:18.376707+00:00,https://polymarket.com/event/piaui-senate-election-1st-place,Piauí Senate Election: 1st Place,elections,3.257,0.0,0.0,0,Marcelo Castro,60.9,0.58,secondary:Julio Cesar=11.9%; secondary:Ciro Nogueira=11.3%; secondary:Alexandre Mariano=0.0%; secondary:Antônio Barros=0.0%; secondary:Antônio José Lira=0.0%; secondary:Cloves José=0.0%; secondary:Danniel Rocha=0.0%; hedge:Dionisio Carvalho=1.3%; hedge:Francinaldo Leão=1.3%; hedge:Irmão Evandro Marques=1.3%; hedge:Jardenya Bezerra=1.3%; hedge:Jorge Lopes=1.3%; hedge:Major Paulo Roberto=1.3%; hedge:Maria Madalena Nunes=1.3%; hedge:Missionário Evandro Craveiro=1.3%; hedge:Pastor Sena=1.3%; hedge:Pedro Laurentino=1.3%; hedge:Tiago Junqueira=1.3%; hedge:Toinho Dufrango=1.3%,"no independent sources available — sized at floor, using market-implied favorite (RACE_PAGE_MAP در sources/polls.py تنظیم نشده است.)",https://polymarket.com/event/piaui-senate-election-1st-place
2026-10-01T21:49:18.376924+00:00,https://polymarket.com/event/parana-senate-election-1st-place,Paraná Senate Election: 1st Place,elections,3.257,0.0,0.0,0,Deltan Dallagnol,62.48,0.595,secondary:Filipe Barros=12.5%; secondary:Alexandre Curi=10.0%; hedge:Cristina Reis Graeml=1.0%; hedge:Dr. Rosinha=0.3%; hedge:Gleisi=13.0%; hedge:Karen Guerreiro=0.3%; hedge:Marcelo Marcelino=0.3%,"no independent sources available — sized at floor, using market-implied favorite (RACE_PAGE_MAP در sources/polls.py تنظیم نشده است.)",https://polymarket.com/event/parana-senate-election-1st-place
2026-10-01T21:49:18.377180+00:00,https://polymarket.com/event/rio-de-janeiro-senate-election-1st-place,Rio de Janeiro Senate Election: 1st Place,elections,3.257,0.0,0.0,0,Carlos Jordy,52.5,0.5,secondary:Benedita da Silva=22.7%; secondary:Carlos Portinho=5.8%; hedge:André Monteiro=0.2%; hedge:Helio Secco=0.2%; hedge:Luciano Mattos=0.2%; hedge:Luiz Eugenio=0.2%; hedge:Marcelo Crivella=6.2%; hedge:Marcos Dias=0.2%; hedge:Michelly Xavier=0.2%; hedge:Monica Benicio=0.2%; hedge:Ó Clemente=0.2%; hedge:Paula Falcão=0.2%; hedge:Pedro Paulo=10.8%; hedge:Vinicius Benevides=0.2%; hedge:Waguinho=0.2%,"no independent sources available — sized at floor, using market-implied favorite (RACE_PAGE_MAP در sources/polls.py تنظیم نشده است.)",https://polymarket.com/event/rio-de-janeiro-senate-election-1st-place
2026-10-01T21:49:18.377446+00:00,https://polymarket.com/event/rio-grande-do-norte-senate-election-1st-place,Rio Grande do Norte Senate Election: 1st Place,elections,3.257,0.0,0.0,0,Styvenson Valentim,87.15,0.83,secondary:Zenaide Maia=7.7%; hedge:Clóvis Costa do Coletivo Nós=0.1%; hedge:Coronel Hélio=0.1%; hedge:Gari Wendell Batista=0.2%; hedge:Linhares Jiboia=0.1%; hedge:Luciana Mandu=0.2%; hedge:Professor Guilherme=0.2%; hedge:Rafael Motta=1.7%; hedge:Rosália Fernandes=0.1%; hedge:Samanda de Lula=2.1%; hedge:Sandro Pimentel=0.1%; hedge:Sonia Godeiro=0.1%; hedge:Tércio Tinôco=0.1%,"no independent sources available — sized at floor, using market-implied favorite (RACE_PAGE_MAP در sources/polls.py تنظیم نشده است.)",https://polymarket.com/event/rio-grande-do-norte-senate-election-1st-place
2026-10-01T21:49:18.377677+00:00,https://polymarket.com/event/rondonia-senate-election-1st-place,Rondônia Senate Election: 1st Place,elections,3.257,0.0,0.0,0,Dr. Fernando Máximo,65.62,0.625,secondary:Sílvia Cristina=20.6%; hedge:Acir Gurgacz=1.0%; hedge:Aires Mota=0.2%; hedge:Bruno Bolsonaro Scheid=9.1%; hedge:Engenheiro Thulio=0.2%; hedge:Luciana Oliveira=0.2%; hedge:Luis Fernando=0.6%; hedge:Mariana Carvalho=2.2%; hedge:Neidinha=0.2%,"no independent sources available — sized at floor, using market-implied favorite (RACE_PAGE_MAP در sources/polls.py تنظیم نشده است.)",https://polymarket.com/event/rondonia-senate-election-1st-place
2026-10-01T21:49:18.377924+00:00,https://polymarket.com/event/roraima-senate-election-1st-place,Roraima Senate Election: 1st Place,elections,3.257,0.0,0.0,0,Teresa Surita,67.2,0.64,secondary:Nicoletti=12.4%; secondary:Chico Rodrigues=3.6%; secondary:Helena da Asatur=3.6%; hedge:Bartô Macuxi=0.7%; hedge:Helio Bolsonaro=7.6%; hedge:Hilton Xavier=0.7%; hedge:Hiperion de Oliveira=0.7%; hedge:Márcio Junqueira=0.7%; hedge:Mario Rocha=0.7%; hedge:Pastor Isamar=0.7%; hedge:Regina Tio Ivo=0.7%; hedge:Rogério Miranda=0.7%,"no independent sources available — sized at floor, using market-implied favorite (RACE_PAGE_MAP در sources/polls.py تنظیم نشده است.)",https://polymarket.com/event/roraima-senate-election-1st-place
2026-10-01T21:49:18.378162+00:00,https://polymarket.com/event/rio-grande-do-sul-senate-election-1st-place,Rio Grande do Sul Senate Election: 1st Place,elections,3.257,0.0,0.0,0,Marcel Van Hattem,83.48,0.795,secondary:Manuela D'Ávila=5.7%; secondary:Sanderson=4.2%; hedge:Daniela Mulheres Socialistas=0.1%; hedge:Frederico Antunes=0.1%; hedge:Milton Cardoso=0.1%; hedge:Pimenta=3.6%; hedge:Regis Ethur=0.1%; hedge:Renato Jaguarão=0.1%; hedge:Ric Jones=0.1%; hedge:Rigotto=2.6%; hedge:Tania Peres=0.1%,"no independent sources available — sized at floor, using market-implied favorite (RACE_PAGE_MAP در sources/polls.py تنظیم نشده است.)",https://polymarket.com/event/rio-grande-do-sul-senate-election-1st-place
2026-10-01T21:49:18.378426+00:00,https://polymarket.com/event/santa-catarina-senate-election-1st-place,Santa Catarina Senate Election: 1st Place,elections,3.257,0.0,0.0,0,Carol de Toni,72.45,0.69,secondary:Carlos Bolsonaro=10.9%; secondary:Esperidião Amin=5.6%; hedge:Afrânio Boppré=0.7%; hedge:Ana Lucia da Silveira Machado=2.1%; hedge:Carol=0.7%; hedge:Décio Lima=2.1%; hedge:Jeferson da Rocha=0.7%; hedge:Joaninha de Oliveira=0.7%; hedge:Lunelli=0.7%; hedge:Marcos Dorval=2.1%; hedge:Marlene Soccas=0.7%; hedge:Túlio de Amorim Pfuetzenreiter=0.7%,"no independent sources available — sized at floor, using market-implied favorite (RACE_PAGE_MAP در sources/polls.py تنظیم نشده است.)",https://polymarket.com/event/santa-catarina-senate-election-1st-place
2026-10-01T21:49:18.378663+00:00,https://polymarket.com/event/sergipe-senate-election-1st-place,Sergipe Senate Election: 1st Place,elections,3.257,0.0,0.0,0,Delegado André David,37.8,0.36,secondary:Rogerio Carvalho=19.5%; secondary:André Moura=13.5%; secondary:Edvaldo=4.3%; hedge:Coronel Rocha=0.1%; hedge:Delegado Alessandro=9.7%; hedge:Eduardo Amorim=6.6%; hedge:Iran Barbosa=3.3%; hedge:Paulinho da União Tur=0.8%; hedge:Renatinha=0.2%; hedge:Rodrigo Valadares=4.1%,"no independent sources available — sized at floor, using market-implied favorite (RACE_PAGE_MAP در sources/polls.py تنظیم نشده است.)",https://polymarket.com/event/sergipe-senate-election-1st-place
2026-10-01T21:49:18.378925+00:00,https://polymarket.com/event/sao-paulo-senate-election-1st-place,São Paulo Senate Election: 1st Place,elections,3.257,0.0,0.0,0,Guilherme Derrite,76.12,0.725,secondary:André do Prado=14.3%; hedge:Dra. Eliana Ferreira=0.1%; hedge:Ednelson Cesaretti=0.1%; hedge:Geraldo Rufino=0.1%; hedge:Maíra de Souza=0.1%; hedge:Marcio Alves=0.1%; hedge:Marina Silva=5.6%; hedge:Petter Maahs=0.1%; hedge:Salles=0.5%; hedge:Simone Tebet=3.0%; hedge:Soninha Francine=0.1%; hedge:Weller Gonçalves=0.1%; hedge:William Teixeira=0.1%,"no independent sources available — sized at floor, using market-implied favorite (RACE_PAGE_MAP در sources/polls.py تنظیم نشده است.)",https://polymarket.com/event/sao-paulo-senate-election-1st-place
2026-10-01T21:49:18.379171+00:00,https://polymarket.com/event/tocantins-senate-election-1st-place,Tocantins Senate Election: 1st Place,elections,3.257,0.0,0.0,0,Eduardo Gomes,88.72,0.845,secondary:Alexandre Guimarães=3.5%; secondary:Gaguim=3.2%; hedge:Apóstolo Flavio Braga=0.1%; hedge:Eli Borges=2.5%; hedge:Fábio Ribeiro=0.1%; hedge:Helio Rodrigues Bolsonaro=0.1%; hedge:Nilton Santos=0.1%; hedge:Osvany Luz=0.1%; hedge:Paulo Mourão=1.1%; hedge:Professor Osvaldo=0.1%; hedge:Ronaldo Dimas=0.1%; hedge:Vanderlei Luxemburgo=0.1%,"no independent sources available — sized at floor, using market-implied favorite (RACE_PAGE_MAP در sources/polls.py تنظیم نشده است.)",https://polymarket.com/event/tocantins-senate-election-1st-place
2026-10-01T21:49:18.379428+00:00,https://polymarket.com/event/para-senate-election-2nd-place,Pará Senate Election: 2nd Place,elections,3.257,0.0,0.0,0,Delegado Éder Mauro,57.75,0.55,secondary:Chicão=10.8%; secondary:Zequinha Marinho=10.5%; secondary:Helder=4.0%; hedge:Breno Guimarães=0.4%; hedge:Celso Sabino=12.3%; hedge:Conti=0.4%; hedge:Edlaine Rodrigues=0.4%; hedge:Fernanda Lopes=2.3%; hedge:Gizelle Freitas=0.6%; hedge:Willem da Silva=0.5%,"no independent sources available — sized at floor, using market-implied favorite (RACE_PAGE_MAP در sources/polls.py تنظیم نشده است.)",https://polymarket.com/event/para-senate-election-2nd-place
2026-10-01T21:49:18.379655+00:00,https://polymarket.com/event/paraiba-senate-election-2nd-place,Paraíba Senate Election: 2nd Place,elections,3.257,0.0,0.0,0,Nabor,48.83,0.465,secondary:Veneziano=29.2%; secondary:Joao Azevêdo=1.5%; hedge:Adriano Trajano=0.7%; hedge:André Gadelha=0.7%; hedge:Dr. Marcelo Queiroga=16.2%; hedge:João Batista=0.7%; hedge:Major Fábio=0.7%; hedge:Rinaldo Júnior=0.7%; hedge:Rosilene Santana=0.7%,"no independent sources available — sized at floor, using market-implied favorite (RACE_PAGE_MAP در sources/polls.py تنظیم نشده است.)",https://polymarket.com/event/paraiba-senate-election-2nd-place
2026-10-01T21:49:18.379901+00:00,https://polymarket.com/event/pernambuco-senate-election-2nd-place,Pernambuco Senate Election: 2nd Place,elections,3.257,0.0,0.0,0,Humberto Costa,47.78,0.455,secondary:Marília Arraes=18.1%; secondary:Mendonça Filho=8.7%; secondary:Eduardo da Fonte=2.5%; secondary:Túlio Gadêlha=2.1%; hedge:Carlos Sant'Anna=2.3%; hedge:Gorett Bitu=2.3%; hedge:Mailson da Silva Neto=2.3%; hedge:Mariano Macedo=2.3%; hedge:Pastor Gilvan Costa=7.0%; hedge:Paulo Rubem Santiago=2.3%; hedge:Samuel Timoteo=2.3%,"no independent sources available — sized at floor, using market-implied favorite (RACE_PAGE_MAP در sources/polls.py تنظیم نشده است.)",https://polymarket.com/event/pernambuco-senate-election-2nd-place
2026-10-01T21:49:18.380182+00:00,https://polymarket.com/event/piaui-senate-election-2nd-place,Piauí Senate Election: 2nd Place,elections,3.257,0.0,0.0,0,Julio Cesar,54.76,0.5215,secondary:Marcelo Castro=16.3%; secondary:Ciro Nogueira=10.8%; hedge:Alexandre Mariano=0.5%; hedge:Antônio Barros=0.1%; hedge:Antônio José Lira=0.1%; hedge:Cloves José=0.5%; hedge:Danniel Rocha=0.1%; hedge:Dionisio Carvalho=0.1%; hedge:Francinaldo Leão=0.5%; hedge:Irmão Evandro Marques=0.1%; hedge:Jardenya Bezerra=0.5%; hedge:Jorge Lopes=0.1%; hedge:Major Paulo Roberto=0.1%; hedge:Maria Madalena Nunes=0.5%; hedge:Missionário Evandro Craveiro=0.5%; hedge:Pastor Sena=0.1%; hedge:Pedro Laurentino=0.1%; hedge:Tiago Junqueira=13.5%; hedge:Toinho Dufrango=0.5%,"no independent sources available — sized at floor, using market-implied favorite (RACE_PAGE_MAP در sources/polls.py تنظیم نشده است.)",https://polymarket.com/event/piaui-senate-election-2nd-place
2026-10-01T21:49:18.380440+00:00,https://polymarket.com/event/parana-senate-election-2nd-place,Paraná Senate Election: 2nd Place,elections,3.257,0.0,0.0,0,Filipe Barros,39.9,0.38,secondary:Alexandre Curi=21.7%; secondary:Deltan Dallagnol=8.5%; secondary:Gleisi=5.8%; hedge:Cristina Reis Graeml=22.9%; hedge:Dr. Rosinha=0.4%; hedge:Karen Guerreiro=0.4%; hedge:Marcelo Marcelino=0.4%,"no independent sources available — sized at floor, using market-implied favorite (RACE_PAGE_MAP در sources/polls.py تنظیم نشده است.)",https://polymarket.com/event/parana-senate-election-2nd-place
2026-10-01T21:49:18.380691+00:00,https://polymarket.com/event/rio-de-janeiro-senate-election-2nd-place,Rio de Janeiro Senate Election: 2nd Place,elections,3.257,0.0,0.0,0,Carlos Jordy,44.1,0.42,secondary:Carlos Portinho=22.1%; secondary:Benedita da Silva=11.4%; hedge:André Monteiro=0.2%; hedge:Helio Secco=0.2%; hedge:Luciano Mattos=0.2%; hedge:Luiz Eugenio=0.2%; hedge:Marcelo Crivella=10.2%; hedge:Marcos Dias=0.2%; hedge:Michelly Xavier=0.2%; hedge:Monica Benicio=0.5%; hedge:Ó Clemente=0.2%; hedge:Paula Falcão=0.2%; hedge:Pedro Paulo=9.5%; hedge:Vinicius Benevides=0.2%; hedge:Waguinho=0.5%,"no independent sources available — sized at floor, using market-implied favorite (RACE_PAGE_MAP در sources/polls.py تنظیم نشده است.)",https://polymarket.com/event/rio-de-janeiro-senate-election-2nd-place
2026-10-01T21:49:18.380939+00:00,https://polymarket.com/event/rio-grande-do-norte-senate-election-2nd-place,Rio Grande do Norte Senate Election: 2nd Place,elections,3.257,0.0,0.0,0,Zenaide Maia,58.28,0.555,secondary:Styvenson Valentim=9.6%; secondary:Samanda de Lula=9.5%; secondary:Rafael Motta=6.0%; hedge:Clóvis Costa do Coletivo Nós=0.6%; hedge:Coronel Hélio=12.3%; hedge:Gari Wendell Batista=0.2%; hedge:Linhares Jiboia=0.2%; hedge:Luciana Mandu=1.0%; hedge:Professor Guilherme=0.6%; hedge:Rosália Fernandes=0.6%; hedge:Sandro Pimentel=0.2%; hedge:Sonia Godeiro=0.2%; hedge:Tércio Tinôco=0.6%,"no independent sources available — sized at floor, using market-implied favorite (RACE_PAGE_MAP در sources/polls.py تنظیم نشده است.)",https://polymarket.com/event/rio-grande-do-norte-senate-election-2nd-place
2026-10-01T21:49:18.381169+00:00,https://polymarket.com/event/rondonia-senate-election-2nd-place,Rondônia Senate Election: 2nd Place,elections,3.257,0.0,0.0,0,Bruno Bolsonaro Scheid,37.8,0.36,secondary:Sílvia Cristina=22.6%; secondary:Dr. Fernando Máximo=5.9%; secondary:Mariana Carvalho=3.7%; secondary:Acir Gurgacz=3.1%; secondary:Aires Mota=1.6%; secondary:Luciana Oliveira=0.1%; secondary:Luis Fernando=0.1%; secondary:Neidinha=0.1%; secondary:Engenheiro Thulio=25.0%,"no independent sources available — sized at floor, using market-implied favorite (RACE_PAGE_MAP در sources/polls.py تنظیم نشده است.)",https://polymarket.com/event/rondonia-senate-election-2nd-place
2026-10-01T21:49:18.381432+00:00,https://polymarket.com/event/roraima-senate-election-2nd-place,Roraima Senate Election: 2nd Place,elections,3.257,0.0,0.0,0,Nicoletti,57.07,0.5435,secondary:Teresa Surita=20.0%; secondary:Helena da Asatur=5.7%; hedge:Bartô Macuxi=0.1%; hedge:Chico Rodrigues=6.2%; hedge:Helio Bolsonaro=9.9%; hedge:Hilton Xavier=0.1%; hedge:Hiperion de Oliveira=0.1%; hedge:Márcio Junqueira=0.1%; hedge:Mario Rocha=0.3%; hedge:Pastor Isamar=0.1%; hedge:Regina Tio Ivo=0.1%; hedge:Rogério Miranda=0.1%,"no independent sources available — sized at floor, using market-implied favorite (RACE_PAGE_MAP در sources/polls.py تنظیم نشده است.)",https://polymarket.com/event/roraima-senate-election-2nd-place
2026-10-01T21:49:18.381721+00:00,https://polymarket.com/event/rio-grande-do-sul-senate-election-2nd-place,Rio Grande do Sul Senate Election: 2nd Place,elections,3.257,0.0,0.0,0,Sanderson,64.89,0.618,secondary:Manuela D'Ávila=12.0%; secondary:Marcel Van Hattem=9.0%; hedge:Daniela Mulheres Socialistas=0.1%; hedge:Frederico Antunes=0.1%; hedge:Milton Cardoso=0.1%; hedge:Pimenta=6.7%; hedge:Regis Ethur=0.1%; hedge:Renato Jaguarão=0.1%; hedge:Ric Jones=0.1%; hedge:Rigotto=6.8%; hedge:Tania Peres=0.1%,"no independent sources available — sized at floor, using market-implied favorite (RACE_PAGE_MAP در sources/polls.py تنظیم نشده است.)",https://polymarket.com/event/rio-grande-do-sul-senate-election-2nd-place
2026-10-01T21:49:18.381996+00:00,https://polymarket.com/event/santa-catarina-senate-election-2nd-place,Santa Catarina Senate Election: 2nd Place,elections,3.257,0.0,0.0,0,Carlos Bolsonaro,40.95,0.39,secondary:Esperidião Amin=22.1%; secondary:Carol de Toni=13.4%; hedge:Afrânio Boppré=0.8%; hedge:Ana Lucia da Silveira Machado=0.8%; hedge:Carol=0.8%; hedge:Décio Lima=16.8%; hedge:Jeferson da Rocha=0.8%; hedge:Joaninha de Oliveira=0.8%; hedge:Lunelli=0.8%; hedge:Marcos Dorval=0.8%; hedge:Marlene Soccas=0.8%; hedge:Túlio de Amorim Pfuetzenreiter=0.8%,"no independent sources available — sized at floor, using market-implied favorite (RACE_PAGE_MAP در sources/polls.py تنظیم نشده است.)",https://polymarket.com/event/santa-catarina-senate-election-2nd-place
2026-10-01T21:49:18.382257+00:00,https://polymarket.com/event/sergipe-senate-election-2nd-place,Sergipe Senate Election: 2nd Place,elections,3.257,0.0,0.0,0,Rogerio Carvalho,35.0,0.31,secondary:André Moura=12.4%; secondary:Eduardo Amorim=8.3%; secondary:Delegado André David=7.5%; secondary:Delegado Alessandro=7.5%; secondary:Rodrigo Valadares=3.4%; hedge:Coronel Rocha=1.3%; hedge:Edvaldo=15.6%; hedge:Iran Barbosa=1.3%; hedge:Paulinho da União Tur=3.9%; hedge:Renatinha=3.9%,"no independent sources available — sized at floor, using market-implied favorite (RACE_PAGE_MAP در sources/polls.py تنظیم نشده است.)",https://polymarket.com/event/sergipe-senate-election-2nd-place
2026-10-01T21:49:18.382552+00:00,https://polymarket.com/event/sao-paulo-senate-election-2nd-place,São Paulo Senate Election: 2nd Place,elections,3.257,0.0,0.0,0,André do Prado,52.71,0.502,secondary:Guilherme Derrite=19.0%; secondary:Marina Silva=9.3%; hedge:Dra. Eliana Ferreira=0.1%; hedge:Ednelson Cesaretti=0.1%; hedge:Geraldo Rufino=0.1%; hedge:Maíra de Souza=0.1%; hedge:Marcio Alves=0.1%; hedge:Petter Maahs=0.1%; hedge:Salles=0.1%; hedge:Simone Tebet=17.9%; hedge:Soninha Francine=0.1%; hedge:Weller Gonçalves=0.1%; hedge:William Teixeira=0.1%,"no independent sources available — sized at floor, using market-implied favorite (RACE_PAGE_MAP در sources/polls.py تنظیم نشده است.)",https://polymarket.com/event/sao-paulo-senate-election-2nd-place
2026-10-01T21:49:18.382825+00:00,https://polymarket.com/event/tocantins-senate-election-2nd-place,Tocantins Senate Election: 2nd Place,elections,3.257,0.0,0.0,0,Alexandre Guimarães,37.27,0.355,secondary:Eduardo Gomes=11.6%; secondary:Gaguim=11.4%; secondary:Vanderlei Luxemburgo=8.3%; secondary:Eli Borges=4.2%; secondary:Paulo Mourão=0.7%; secondary:Osvany Luz=0.5%; secondary:Ronaldo Dimas=0.5%; secondary:Apóstolo Flavio Braga=0.1%; secondary:Fábio Ribeiro=0.1%; secondary:Helio Rodrigues Bolsonaro=0.1%; secondary:Nilton Santos=0.1%; secondary:Professor Osvaldo=25.2%,"no independent sources available — sized at floor, using market-implied favorite (RACE_PAGE_MAP در sources/polls.py تنظیم نشده است.)",https://polymarket.com/event/tocantins-senate-election-2nd-place
2026-10-02T21:19:01.194499+00:00,https://polymarket.com/event/so-paulo-governor-election-winner,São Paulo Governor Election Winner,elections,2.278,0.0,0.0,0,Tarcísio de Freitas,100.0,0.996,,"no independent sources available — sized at floor, using market-implied favorite (RACE_PAGE_MAP در sources/polls.py تنظیم نشده است.)",https://polymarket.com/event/so-paulo-governor-election-winner
2026-10-02T21:19:01.194848+00:00,https://polymarket.com/event/minas-gerais-governor-election-winner,Minas Gerais Governor Election Winner,elections,2.278,0.0,0.0,0,Cleitinho Azevedo,99.49,0.9475,hedge:Rodrigo Pacheco=0.0%; hedge:Nikolas Ferreira=0.0%; hedge:Alexandre Kalil=0.0%; hedge:Mateus Simões=0.0%; hedge:Tadeu Leite=0.0%; hedge:Aécio Neves=0.0%; hedge:Alexandre Silveira=0.0%; hedge:Gabriel Azevedo=0.0%; hedge:Benoni Mendes=0.0%; hedge:Patrus Ananias=0.1%; hedge:Marcelo Aro=0.0%; hedge:Flávio Roscoe=0.0%; hedge:Vittorio Medioli=0.0%; hedge:Luís Eduardo Falcão=0.0%; hedge:Euclydes Pettersen=0.0%; hedge:Gleidson Azevedo=0.0%,"no independent sources available — sized at floor, using market-implied favorite (RACE_PAGE_MAP در sources/polls.py تنظیم نشده است.)",https://polymarket.com/event/minas-gerais-governor-election-winner
2026-10-02T21:19:01.195082+00:00,https://polymarket.com/event/bahia-governor-election-winner,Bahia Governor Election Winner,elections,2.278,0.0,0.0,0,Jerônimo Rodrigues,69.83,0.665,secondary:ACM Neto=18.1%; hedge:João Roma=2.4%; hedge:José Carlos Aleluia=2.4%; hedge:Kleber Rosa=2.4%; hedge:Rui Costa=2.4%; hedge:Bruno Soares Reis=2.4%,"no independent sources available — sized at floor, using market-implied favorite (RACE_PAGE_MAP در sources/polls.py تنظیم نشده است.)",https://polymarket.com/event/bahia-governor-election-winner
2026-10-02T21:19:01.195318+00:00,https://polymarket.com/event/cear-governor-election-winner,Ceará Governor Election Winner,elections,2.278,0.0,0.0,0,Elmano de Freitas,76.65,0.73,secondary:Ciro Gomes=14.0%; hedge:Eduardo Girão=2.3%; hedge:Capitão Wagner=2.3%; hedge:Roberto Cláudio=2.3%; hedge:Camilo Santana=2.3%,"no independent sources available — sized at floor, using market-implied favorite (RACE_PAGE_MAP در sources/polls.py تنظیم نشده است.)",https://polymarket.com/event/cear-governor-election-winner
2026-10-02T21:19:01.195542+00:00,https://polymarket.com/event/rio-grande-do-sul-governor-election-winner,Rio Grande do Sul Governor Election Winner,elections,2.278,0.0,0.0,0,Luciano Zucco,89.78,0.855,secondary:Juliana Brizola=6.1%; hedge:Marcelo Maranata=0.1%; hedge:Gabriel Souza=4.0%; hedge:Luis Carlos Heinze=0.1%,"no independent sources available — sized at floor, using market-implied favorite (RACE_PAGE_MAP در sources/polls.py تنظیم نشده است.)",https://polymarket.com/event/rio-grande-do-sul-governor-election-winner
2026-10-02T21:19:01.195760+00:00,https://polymarket.com/event/para-governor-election-winner-20260609154623298,Pará Governor Election Winner,elections,2.278,0.0,0.0,0,Hana Ghassan,60.38,0.575,secondary:Dr. Daniel Santos=23.8%; hedge:Éder Mauro=8.8%; hedge:Zequinha Marinho=1.8%; hedge:Rogério Barra=1.8%; hedge:Paulo Rocha=1.8%; hedge:Dirceu Ten Caten=1.8%,"no independent sources available — sized at floor, using market-implied favorite (RACE_PAGE_MAP در sources/polls.py تنظیم نشده است.)",https://polymarket.com/event/para-governor-election-winner-20260609154623298
2026-10-02T21:19:01.195958+00:00,https://polymarket.com/event/goias-governor-election-winner-20260609165823163,Goiás Governor Election Winner,elections,2.278,0.0,0.0,0,Daniel Vilela,100.0,0.982,,"no independent sources available — sized at floor, using market-implied favorite (RACE_PAGE_MAP در sources/polls.py تنظیم نشده است.)",https://polymarket.com/event/goias-governor-election-winner-20260609165823163
2026-10-02T21:19:01.196156+00:00,https://polymarket.com/event/santa-catarina-governor-election-winner-20260609164309743,Santa Catarina Governor Election Winner ,elections,2.278,0.0,0.0,0,Jorginho Mello,100.0,0.997,,"no independent sources available — sized at floor, using market-implied favorite (RACE_PAGE_MAP در sources/polls.py تنظیم نشده است.)",https://polymarket.com/event/santa-catarina-governor-election-winner-20260609164309743
2026-10-02T21:19:01.196414+00:00,https://polymarket.com/event/parana-governor-election-winner-20260608205118343,Paraná Governor Election Winner,elections,2.278,0.0,0.0,0,Sergio Moro,80.33,0.765,secondary:Sandro Alex=11.8%; hedge:Requião Filho=6.3%; hedge:Rafael Greca=0.3%; hedge:Guto Silva=0.3%; hedge:Alexandre Curi=0.3%; hedge:Beto Richa=0.3%; hedge:Enio Verri=0.3%; hedge:Luiz França=0.3%,"no independent sources available — sized at floor, using market-implied favorite (RACE_PAGE_MAP در sources/polls.py تنظیم نشده است.)",https://polymarket.com/event/parana-governor-election-winner-20260608205118343
2026-10-02T21:19:01.196654+00:00,https://polymarket.com/event/rio-de-janeiro-governor-election-winner-20260608202949176,Rio de Janeiro Governor Election Winner,elections,2.278,0.0,0.0,0,Eduardo Paes,79.43,0.7565,secondary:Douglas Ruas=12.3%; hedge:Dr. Luizinho=0.6%; hedge:Eduardo Pazuello=0.6%; hedge:Tarcísio Motta=0.6%; hedge:Anthony Garotinho=0.6%; hedge:Wilson Witzel=0.6%; hedge:André Português=0.6%; hedge:Lindbergh Farias=0.6%; hedge:Felipe Curi=0.6%; hedge:Nicola Miccione=0.6%; hedge:André Ceciliano=0.6%; hedge:Chico Machado=0.6%; hedge:Fred Pacheco=0.6%; hedge:Rafa Luz=0.6%; hedge:Colonel Busnello=0.6%,"no independent sources available — sized at floor, using market-implied favorite (RACE_PAGE_MAP در sources/polls.py تنظیم نشده است.)",https://polymarket.com/event/rio-de-janeiro-governor-election-winner-20260608202949176
2026-10-02T21:19:01.196876+00:00,https://polymarket.com/event/maranhao-governor-election-winner-20260611182113297,Maranhão Governor Election Winner,elections,2.278,0.0,0.0,0,Eduardo Braide,95.03,0.905,hedge:Felipe Camarão=0.0%; hedge:André Luís=0.0%; hedge:Orleans Brandão=1.9%; hedge:Lahesio Bonfim=0.0%; hedge:Enilton Rodrigues=0.0%,"no independent sources available — sized at floor, using market-implied favorite (RACE_PAGE_MAP در sources/polls.py تنظیم نشده است.)",https://polymarket.com/event/maranhao-governor-election-winner-20260611182113297
2026-10-02T21:19:01.197085+00:00,https://polymarket.com/event/paraiba-governor-election-winner-20260611183326566,Paraíba Governor Election Winner,elections,2.278,0.0,0.0,0,Lucas Ribeiro,98.07,0.934,hedge:Efraim Filho=0.5%; hedge:Cícero Lucena=0.1%; hedge:Flávio Lúcio=0.0%; hedge:Romero Rodrigues=0.0%; hedge:Marcelo Queiroga=0.0%; hedge:Veneziano Vital do Rêgo=0.1%; hedge:Nilvan Ferreira=0.1%,"no independent sources available — sized at floor, using market-implied favorite (RACE_PAGE_MAP در sources/polls.py تنظیم نشده است.)",https://polymarket.com/event/paraiba-governor-election-winner-20260611183326566
2026-10-02T21:19:01.197290+00:00,https://polymarket.com/event/espirito-santo-governor-election-winner-20260611183840001,Espírito Santo Governor Election Winner ,elections,2.278,0.0,0.0,0,Ricardo Ferraço,63.0,0.6,secondary:Lorenzo Pazolini=22.2%; hedge:Sergio Vidigal=4.9%; hedge:Arnaldinho Borgo=4.9%; hedge:Euclério Sampaio=4.9%,"no independent sources available — sized at floor, using market-implied favorite (RACE_PAGE_MAP در sources/polls.py تنظیم نشده است.)",https://polymarket.com/event/espirito-santo-governor-election-winner-20260611183840001
2026-10-02T21:19:01.197464+00:00,https://polymarket.com/event/pernambuco-governor-election-winner-20260709143134925,Pernambuco Governor Election Winner,elections,2.278,0.0,0.0,0,João Campos,58.28,0.555,secondary:Raquel Lyra=25.0%; hedge:Ivan Moraes=16.7%,"no independent sources available — sized at floor, using market-implied favorite (RACE_PAGE_MAP در sources/polls.py تنظیم نشده است.)",https://polymarket.com/event/pernambuco-governor-election-winner-20260709143134925
2026-10-02T21:19:01.197649+00:00,https://polymarket.com/event/acre-governor-election-winner,Acre Governor Election Winner,elections,2.278,0.0,0.0,0,Mailza Assis,74.02,0.705,secondary:Alan Rick=15.6%; hedge:Dr. Luisinho=1.3%; hedge:Eudo Raffael=1.3%; hedge:Thor Dantas=1.3%; hedge:Tião Bocalom=6.5%,"no independent sources available — sized at floor, using market-implied favorite (RACE_PAGE_MAP در sources/polls.py تنظیم نشده است.)",https://polymarket.com/event/acre-governor-election-winner
2026-10-02T21:19:01.197840+00:00,https://polymarket.com/event/alagoas-governor-election-winner,Alagoas Governor Election Winner,elections,2.278,0.0,0.0,0,Renan Filho,58.28,0.555,secondary:JHC=25.0%; hedge:Lenilda Luna=8.3%; hedge:Márcio Jambo=8.3%,"no independent sources available — sized at floor, using market-implied favorite (RACE_PAGE_MAP در sources/polls.py تنظیم نشده است.)",https://polymarket.com/event/alagoas-governor-election-winner
2026-10-02T21:19:01.198104+00:00,https://polymarket.com/event/amazonas-governor-election-winner,Amazonas Governor Election Winner,elections,2.278,0.0,0.0,0,Omar Aziz,75.08,0.715,secondary:Professora Maria do Carmo=8.7%; secondary:Roberto Cidade=6.2%; hedge:Cabo Daciolo=0.8%; hedge:David Almeida=7.5%; hedge:Gilberto Vasconcelos=0.8%; hedge:Isael Munduruku=0.8%,"no independent sources available — sized at floor, using market-implied favorite (RACE_PAGE_MAP در sources/polls.py تنظیم نشده است.)",https://polymarket.com/event/amazonas-governor-election-winner
2026-10-02T21:19:01.198391+00:00,https://polymarket.com/event/amapa-governor-election-winner,Amapá Governor Election Winner,elections,2.278,0.0,0.0,0,Dr. Furlan,89.78,0.855,secondary:Clécio Luís=6.1%; hedge:Carlos Cley=0.3%; hedge:Jairo Palheta=1.9%; hedge:Marcos Reategui=1.9%,"no independent sources available — sized at floor, using market-implied favorite (RACE_PAGE_MAP در sources/polls.py تنظیم نشده است.)",https://polymarket.com/event/amapa-governor-election-winner
2026-10-02T21:19:01.198603+00:00,https://polymarket.com/event/mato-grosso-do-sul-governor-election-winner,Mato Grosso do Sul Governor Election Winner,elections,2.278,0.0,0.0,0,Eduardo Riedel,100.0,0.996,,"no independent sources available — sized at floor, using market-implied favorite (RACE_PAGE_MAP در sources/polls.py تنظیم نشده است.)",https://polymarket.com/event/mato-grosso-do-sul-governor-election-winner
2026-10-02T21:19:01.198804+00:00,https://polymarket.com/event/mato-grosso-governor-election-winner,Mato Grosso Governor Election Winner,elections,2.278,0.0,0.0,0,Otaviano Pivetta,64.05,0.61,secondary:Wellington Fagundes=21.6%; hedge:Doutora Natasha=9.9%; hedge:Mauricio Coelho=2.7%; hedge:Rafaell Milas=0.9%; hedge:Sargento Laudicério=0.9%,"no independent sources available — sized at floor, using market-implied favorite (RACE_PAGE_MAP در sources/polls.py تنظیم نشده است.)",https://polymarket.com/event/mato-grosso-governor-election-winner
2026-10-02T21:19:01.198989+00:00,https://polymarket.com/event/piaui-governor-election-winner,Piauí Governor Election Winner,elections,2.278,0.0,0.0,0,Rafael Fonteles,100.0,0.995,,"no independent sources available — sized at floor, using market-implied favorite (RACE_PAGE_MAP در sources/polls.py تنظیم نشده است.)",https://polymarket.com/event/piaui-governor-election-winner
2026-10-02T21:19:01.199214+00:00,https://polymarket.com/event/rondonia-governor-election-winner,Rondônia Governor Election Winner,elections,2.278,0.0,0.0,0,Marcos Rogério,95.03,0.905,hedge:Adailton Furia=1.5%; hedge:Expedito Netto=0.1%; hedge:Hildon Chaves=0.2%; hedge:Pedro Abib=0.1%; hedge:Samuel Costa=0.1%,"no independent sources available — sized at floor, using market-implied favorite (RACE_PAGE_MAP در sources/polls.py تنظیم نشده است.)",https://polymarket.com/event/rondonia-governor-election-winner
2026-10-02T21:19:01.199400+00:00,https://polymarket.com/event/roraima-governor-election-winner,Roraima Governor Election Winner,elections,2.278,0.0,0.0,0,Arthur Henrique,100.0,0.957,,"no independent sources available — sized at floor, using market-implied favorite (RACE_PAGE_MAP در sources/polls.py تنظیم نشده است.)",https://polymarket.com/event/roraima-governor-election-winner
2026-10-02T21:19:01.199601+00:00,https://polymarket.com/event/tocantins-governor-election-winner,Tocantins Governor Election Winner,elections,2.278,0.0,0.0,0,Professora Dorinha,65.62,0.625,secondary:Vicentinho Júnior=20.6%; hedge:Ataides de Oliveira=2.8%; hedge:Du Pereira=2.8%; hedge:Laurez Moreira=2.8%; hedge:Prof. Witer Naves=2.8%; hedge:Subtenente Luiz Carlos=2.8%,"no independent sources available — sized at floor, using market-implied favorite (RACE_PAGE_MAP در sources/polls.py تنظیم نشده است.)",https://polymarket.com/event/tocantins-governor-election-winner
2026-10-02T21:19:01.199794+00:00,https://polymarket.com/event/federal-district-governor-election-winner,Federal District Governor Election Winner,elections,2.278,0.0,0.0,0,Celina Leão,100.0,0.9735,,"no independent sources available — sized at floor, using market-implied favorite (RACE_PAGE_MAP در sources/polls.py تنظیم نشده است.)",https://polymarket.com/event/federal-district-governor-election-winner
2026-10-02T21:19:01.199982+00:00,https://polymarket.com/event/rio-grande-do-norte-governor-election-winner,Rio Grande do Norte Governor Election Winner,elections,2.278,0.0,0.0,0,Allyson,83.48,0.795,secondary:Cadu de Lula=9.9%; hedge:Álvaro Dias=4.4%; hedge:Carlos Jararaca=0.4%; hedge:Dário Barbosa=0.4%; hedge:Henrique Lyra=0.4%; hedge:Professor Roberio Paulino=0.4%; hedge:Rodrigo Bolsonaro=0.4%,"no independent sources available — sized at floor, using market-implied favorite (RACE_PAGE_MAP در sources/polls.py تنظیم نشده است.)",https://polymarket.com/event/rio-grande-do-norte-governor-election-winner
2026-10-02T21:19:01.200208+00:00,https://polymarket.com/event/sergipe-governor-election-winner,Sergipe Governor Election Winner,elections,2.278,0.0,0.0,0,Fábio,90.83,0.865,secondary:Valmir de Francisquinho=5.5%; hedge:Dr. Helton=0.5%; hedge:Emanuel Cacho=1.8%; hedge:Ricardo Marques=0.5%; hedge:Taty Cristina de Jesus=0.9%,"no independent sources available — sized at floor, using market-implied favorite (RACE_PAGE_MAP در sources/polls.py تنظیم نشده است.)",https://polymarket.com/event/sergipe-governor-election-winner
2026-10-02T21:19:01.200458+00:00,https://polymarket.com/event/acre-senate-election-1st-place,Acre Senate Election: 1st Place,elections,2.278,0.0,0.0,0,Marcio Bittar,43.05,0.41,secondary:Mara Rocha=19.0%; secondary:Gladson Camelí=15.1%; hedge:Dr. Junior Feitosa=0.2%; hedge:Eduardo Velloso=0.2%; hedge:Jorge Viana=21.5%; hedge:Petecão=0.6%; hedge:Professor Inacio Moreira=0.2%,"no independent sources available — sized at floor, using market-implied favorite (RACE_PAGE_MAP در sources/polls.py تنظیم نشده است.)",https://polymarket.com/event/acre-senate-election-1st-place
2026-10-02T21:19:01.200663+00:00,https://polymarket.com/event/acre-senate-election-2nd-place,Acre Senate Election: 2nd Place,elections,2.278,0.0,0.0,0,Mara Rocha,42.0,0.4,secondary:Marcio Bittar=23.6%; secondary:Gladson Camelí=11.2%; hedge:Dr. Junior Feitosa=0.1%; hedge:Eduardo Velloso=0.1%; hedge:Jorge Viana=20.4%; hedge:Petecão=2.2%; hedge:Professor Inacio Moreira=0.4%,"no independent sources available — sized at floor, using market-implied favorite (RACE_PAGE_MAP در sources/polls.py تنظیم نشده است.)",https://polymarket.com/event/acre-senate-election-2nd-place
2026-10-02T21:19:01.200866+00:00,https://polymarket.com/event/alagoas-senate-election-1st-place,Alagoas Senate Election: 1st Place,elections,2.278,0.0,0.0,0,Marina JHC,57.91,0.5515,secondary:Arthur Lira=17.7%; secondary:Renan=7.5%; hedge:Alexandre Fleming=0.3%; hedge:Davi Davino Filho=15.6%; hedge:Dr. Wanderley=0.7%; hedge:Mariedson=0.3%,"no independent sources available — sized at floor, using market-implied favorite (RACE_PAGE_MAP در sources/polls.py تنظیم نشده است.)",https://polymarket.com/event/alagoas-senate-election-1st-place
2026-10-02T21:19:01.201061+00:00,https://polymarket.com/event/alagoas-senate-election-2nd-place,Alagoas Senate Election: 2nd Place,elections,2.278,0.0,0.0,0,Marina JHC,40.95,0.39,secondary:Arthur Lira=16.9%; secondary:Renan=16.5%; secondary:Davi Davino Filho=1.6%; secondary:Dr. Wanderley=0.4%; hedge:Alexandre Fleming=11.8%; hedge:Mariedson=11.8%,"no independent sources available — sized at floor, using market-implied favorite (RACE_PAGE_MAP در sources/polls.py تنظیم نشده است.)",https://polymarket.com/event/alagoas-senate-election-2nd-place
2026-10-02T21:19:01.201300+00:00,https://polymarket.com/event/amazonas-senate-election-2nd-place,Amazonas Senate Election: 2nd Place,elections,2.278,0.0,0.0,0,Capitão Alberto Neto,70.35,0.67,secondary:Wilson Lima=9.9%; secondary:Eduardo Braga=7.9%; hedge:Dailson Corrêa=0.6%; hedge:Evandro de Oliveira=0.1%; hedge:Ismael Munduruku=0.6%; hedge:Plinio Valério=9.2%; hedge:Professora Evany=0.5%; hedge:Xuxa do Amazonas=1.0%,"no independent sources available — sized at floor, using market-implied favorite (RACE_PAGE_MAP در sources/polls.py تنظیم نشده است.)",https://polymarket.com/event/amazonas-senate-election-2nd-place
2026-10-02T21:19:01.201516+00:00,https://polymarket.com/event/amazonas-senate-election-1st-place,Amazonas Senate Election: 1st Place,elections,2.278,0.0,0.0,0,Eduardo Braga,86.1,0.82,secondary:Capitão Alberto Neto=8.3%; hedge:Dailson Corrêa=0.2%; hedge:Evandro de Oliveira=0.2%; hedge:Ismael Munduruku=0.2%; hedge:Plinio Valério=0.6%; hedge:Professora Evany=0.2%; hedge:Wilson Lima=3.9%; hedge:Xuxa do Amazonas=0.2%,"no independent sources available — sized at floor, using market-implied favorite (RACE_PAGE_MAP در sources/polls.py تنظیم نشده است.)",https://polymarket.com/event/amazonas-senate-election-1st-place
2026-10-02T21:19:01.201725+00:00,https://polymarket.com/event/amapa-senate-election-2nd-place,Amapá Senate Election: 2nd Place,elections,2.278,0.0,0.0,0,Randolfe,48.83,0.465,secondary:Lucas Barreto=23.0%; secondary:Rayssa Furlan=7.7%; hedge:Acácio Favacho=3.2%; hedge:Alliny Serrão=1.6%; hedge:Capi=3.9%; hedge:Helio Silva=0.8%; hedge:Juíza Jô=5.2%; hedge:Professor Uzian Pinto=5.7%,"no independent sources available — sized at floor, using market-implied favorite (RACE_PAGE_MAP در sources/polls.py تنظیم نشده است.)",https://polymarket.com/event/amapa-senate-election-2nd-place
2026-10-02T21:19:01.201936+00:00,https://polymarket.com/event/amapa-senate-election-1st-place,Amapá Senate Election: 1st Place,elections,2.278,0.0,0.0,0,Rayssa Furlan,90.83,0.865,secondary:Randolfe=5.5%; hedge:Acácio Favacho=0.2%; hedge:Alliny Serrão=1.3%; hedge:Capi=0.0%; hedge:Helio Silva=0.0%; hedge:Juíza Jô=0.0%; hedge:Lucas Barreto=2.0%; hedge:Professor Uzian Pinto=0.0%,"no independent sources available — sized at floor, using market-implied favorite (RACE_PAGE_MAP در sources/polls.py تنظیم نشده است.)",https://polymarket.com/event/amapa-senate-election-1st-place
2026-10-02T21:19:01.202139+00:00,https://polymarket.com/event/bahia-senate-election-2nd-place,Bahia Senate Election: 2nd Place,elections,2.278,0.0,0.0,0,Jaques Wagner,82.95,0.79,secondary:João Roma=10.2%; hedge:Angelo Coronel=1.8%; hedge:Carlos Sodré=0.0%; hedge:Gregorio Gould=0.0%; hedge:Marcelo Carvalho=0.0%; hedge:Marcelo Millet=0.0%; hedge:Marcelo Santtana=0.0%; hedge:Professora Delliana=0.0%; hedge:Rui Costa=4.9%,"no independent sources available — sized at floor, using market-implied favorite (RACE_PAGE_MAP در sources/polls.py تنظیم نشده است.)",https://polymarket.com/event/bahia-senate-election-2nd-place
2026-10-02T21:19:01.202381+00:00,https://polymarket.com/event/bahia-senate-election-1st-place,Bahia Senate Election: 1st Place,elections,2.278,0.0,0.0,0,Rui Costa,93.98,0.895,secondary:Jaques Wagner=3.6%; hedge:Angelo Coronel=1.8%; hedge:Carlos Sodré=0.1%; hedge:Gregorio Gould=0.1%; hedge:João Roma=0.2%; hedge:Marcelo Carvalho=0.1%; hedge:Marcelo Millet=0.1%; hedge:Marcelo Santtana=0.1%; hedge:Professora Delliana=0.1%,"no independent sources available — sized at floor, using market-implied favorite (RACE_PAGE_MAP در sources/polls.py تنظیم نشده است.)",https://polymarket.com/event/bahia-senate-election-1st-place
2026-10-02T21:19:01.202605+00:00,https://polymarket.com/event/ceara-senate-election-1st-place,Ceará Senate Election: 1st Place,elections,2.278,0.0,0.0,0,Cid Gomes,71.4,0.68,secondary:Capitão Wagner=9.6%; secondary:Luizianne=7.6%; hedge:Alcides Fernandes=5.7%; hedge:Catarina Matos=1.4%; hedge:Guilherme Theophilo=1.4%; hedge:Lino Alves=1.4%; hedge:Reginaldo=1.4%,"no independent sources available — sized at floor, using market-implied favorite (RACE_PAGE_MAP در sources/polls.py تنظیم نشده است.)",https://polymarket.com/event/ceara-senate-election-1st-place
2026-10-02T21:19:01.202803+00:00,https://polymarket.com/event/ceara-senate-election-2nd-place,Ceará Senate Election: 2nd Place,elections,2.278,0.0,0.0,0,Capitão Wagner,44.62,0.425,secondary:Luizianne=23.1%; secondary:Cid Gomes=10.1%; hedge:Alcides Fernandes=18.5%; hedge:Catarina Matos=0.7%; hedge:Guilherme Theophilo=1.8%; hedge:Lino Alves=0.9%; hedge:Reginaldo=0.2%,"no independent sources available — sized at floor, using market-implied favorite (RACE_PAGE_MAP در sources/polls.py تنظیم نشده است.)",https://polymarket.com/event/ceara-senate-election-2nd-place
2026-10-02T21:19:01.203002+00:00,https://polymarket.com/event/federal-district-senate-election-1st-place,Federal District Senate Election: 1st Place,elections,2.278,0.0,0.0,0,Michelle Bolsonaro,100.0,0.956,,"no independent sources available — sized at floor, using market-implied favorite (RACE_PAGE_MAP در sources/polls.py تنظیم نشده است.)",https://polymarket.com/event/federal-district-senate-election-1st-place
2026-10-02T21:19:01.203234+00:00,https://polymarket.com/event/federal-district-senate-election-2nd-place,Federal District Senate Election: 2nd Place,elections,2.278,0.0,0.0,0,Bia Kicis,85.94,0.8185,secondary:Leila do Vôlei=8.4%; hedge:Avenir Rosa=0.1%; hedge:David Horn=0.1%; hedge:Erika Kokay=2.4%; hedge:Guto Felício dos Santos=0.1%; hedge:Marley=0.1%; hedge:Michelle Bolsonaro=2.7%; hedge:Professor Guilherme Amorim=0.1%; hedge:Ronaldo Fonseca=0.1%; hedge:Sebastião Coelho=0.1%; hedge:Tiago=0.1%; hedge:Zanata=0.1%,"no independent sources available — sized at floor, using market-implied favorite (RACE_PAGE_MAP در sources/polls.py تنظیم نشده است.)",https://polymarket.com/event/federal-district-senate-election-2nd-place
2026-10-02T21:19:01.203459+00:00,https://polymarket.com/event/espirito-santo-senate-election-1st-place,Espírito Santo Senate Election: 1st Place,elections,2.278,0.0,0.0,0,Renato Casagrande,97.18,0.9255,hedge:Callegari=0.1%; hedge:Evair de Melo=0.7%; hedge:Fabiano Contarato=0.0%; hedge:Leonardo Monjardim=0.1%; hedge:Maguinha Malta=0.1%; hedge:Marcos do Val=0.0%; hedge:Professor Fabian=0.0%; hedge:Rodney Miranda=0.1%; hedge:Rose de Freitas=0.0%; hedge:Sergio Meneguelli=0.0%,"no independent sources available — sized at floor, using market-implied favorite (RACE_PAGE_MAP در sources/polls.py تنظیم نشده است.)",https://polymarket.com/event/espirito-santo-senate-election-1st-place
2026-10-02T21:19:01.203693+00:00,https://polymarket.com/event/espirito-santo-senate-election-2nd-place,Espírito Santo Senate Election: 2nd Place,elections,2.278,0.0,0.0,0,Maguinha Malta,46.3,0.441,secondary:Sergio Meneguelli=13.6%; secondary:Rose de Freitas=10.9%; secondary:Evair de Melo=7.7%; hedge:Callegari=0.2%; hedge:Fabiano Contarato=11.4%; hedge:Leonardo Monjardim=0.2%; hedge:Marcos do Val=0.2%; hedge:Professor Fabian=0.1%; hedge:Renato Casagrande=9.4%; hedge:Rodney Miranda=0.1%,"no independent sources available — sized at floor, using market-implied favorite (RACE_PAGE_MAP در sources/polls.py تنظیم نشده است.)",https://polymarket.com/event/espirito-santo-senate-election-2nd-place
2026-10-02T21:19:01.203911+00:00,https://polymarket.com/event/goias-senate-election-1st-place,Goiás Senate Election: 1st Place,elections,2.278,0.0,0.0,0,Gracinha Caiado,70.88,0.675,secondary:Gustavo Gayer=17.5%; hedge:Cintia Dias=0.7%; hedge:Dr. Zacharias Calil=5.5%; hedge:Ernesto Roller=1.8%; hedge:Guilherme Darques=0.7%; hedge:Gustavo Mendanha=0.5%; hedge:Isaura Lemos=0.7%; hedge:Iure Castro=0.7%; hedge:Oséias Varão=0.5%; hedge:Vanderlan Cardoso=0.7%,"no independent sources available — sized at floor, using market-implied favorite (RACE_PAGE_MAP در sources/polls.py تنظیم نشده است.)",https://polymarket.com/event/goias-senate-election-1st-place
2026-10-02T21:19:01.204137+00:00,https://polymarket.com/event/goias-senate-election-2nd-place,Goiás Senate Election: 2nd Place,elections,2.278,0.0,0.0,0,Gustavo Gayer,61.95,0.59,secondary:Gracinha Caiado=22.8%; hedge:Cintia Dias=0.2%; hedge:Dr. Zacharias Calil=6.0%; hedge:Ernesto Roller=0.1%; hedge:Guilherme Darques=0.1%; hedge:Gustavo Mendanha=3.9%; hedge:Isaura Lemos=0.1%; hedge:Iure Castro=0.2%; hedge:Oséias Varão=0.6%; hedge:Vanderlan Cardoso=4.2%,"no independent sources available — sized at floor, using market-implied favorite (RACE_PAGE_MAP در sources/polls.py تنظیم نشده است.)",https://polymarket.com/event/goias-senate-election-2nd-place
2026-10-02T21:19:01.204397+00:00,https://polymarket.com/event/maranhao-senate-election-2nd-place,Maranhão Senate Election: 2nd Place,elections,2.278,0.0,0.0,0,Fufuca,35.0,0.32,secondary:Weverton Rocha=14.2%; secondary:Roseana Sarney=12.7%; secondary:Lahesio Bonfim=12.2%; hedge:Cidônio Gonçalves=2.1%; hedge:Dr. Hilton Gonçalo=2.1%; hedge:Eliziane Gama=19.8%; hedge:Enilton Rodrigues=0.5%; hedge:Raimundo Moreira=0.9%; hedge:Simplício Araújo=0.1%; hedge:Wilson Leite=0.5%,"no independent sources available — sized at floor, using market-implied favorite (RACE_PAGE_MAP در sources/polls.py تنظیم نشده است.)",https://polymarket.com/event/maranhao-senate-election-2nd-place
2026-10-02T21:19:01.204603+00:00,https://polymarket.com/event/maranhao-senate-election-1st-place,Maranhão Senate Election: 1st Place,elections,2.278,0.0,0.0,0,Roseana Sarney,53.55,0.51,secondary:Lahesio Bonfim=14.3%; secondary:Fufuca=13.6%; hedge:Cidônio Gonçalves=0.2%; hedge:Dr. Hilton Gonçalo=1.1%; hedge:Eliziane Gama=3.4%; hedge:Enilton Rodrigues=0.2%; hedge:Raimundo Moreira=0.2%; hedge:Simplício Araújo=0.8%; hedge:Weverton Rocha=12.6%; hedge:Wilson Leite=0.2%,"no independent sources available — sized at floor, using market-implied favorite (RACE_PAGE_MAP در sources/polls.py تنظیم نشده است.)",https://polymarket.com/event/maranhao-senate-election-1st-place
2026-10-02T21:19:01.204837+00:00,https://polymarket.com/event/minas-gerais-senate-election-1st-place,Minas Gerais Senate Election: 1st Place,elections,2.278,0.0,0.0,0,Domingos Sávio,50.92,0.485,secondary:Marília Campos=17.6%; secondary:Carlos Viana=9.9%; secondary:Aécio Neves=1.3%; secondary:Marcelo Aro=0.3%; secondary:Marco Antônio Superman=0.2%; hedge:Arcanjo Pimenta=1.8%; hedge:Áurea Carolina=1.8%; hedge:Carlin Moura=1.8%; hedge:Fidélis Alcântara=1.8%; hedge:Gustavo Galassi=1.8%; hedge:Jordano Metalúrgico=1.8%; hedge:Juiz Ramon Moreira=1.8%; hedge:Manoel Carvalho=1.8%; hedge:Marcelo Heringer=1.8%; hedge:Tião Pessoa=1.8%; hedge:Victória Mello Vic=1.8%,"no independent sources available — sized at floor, using market-implied favorite (RACE_PAGE_MAP در sources/polls.py تنظیم نشده است.)",https://polymarket.com/event/minas-gerais-senate-election-1st-place
2026-10-02T21:19:01.205077+00:00,https://polymarket.com/event/minas-gerais-senate-election-2nd-place,Minas Gerais Senate Election: 2nd Place,elections,2.278,0.0,0.0,0,Marília Campos,35.18,0.335,secondary:Carlos Viana=15.8%; secondary:Domingos Sávio=14.7%; secondary:Marco Antônio Superman=8.4%; hedge:Arcanjo Pimenta=0.1%; hedge:Áurea Carolina=2.3%; hedge:Carlin Moura=0.1%; hedge:Fidélis Alcântara=0.1%; hedge:Gustavo Galassi=0.1%; hedge:Jordano Metalúrgico=0.1%; hedge:Juiz Ramon Moreira=0.1%; hedge:Manoel Carvalho=0.1%; hedge:Marcelo Aro=0.9%; hedge:Marcelo Heringer=0.1%; hedge:Tião Pessoa=0.1%; hedge:Victória Mello Vic=0.1%; hedge:Aécio Neves=21.7%,"no independent sources available — sized at floor, using market-implied favorite (RACE_PAGE_MAP در sources/polls.py تنظیم نشده است.)",https://polymarket.com/event/minas-gerais-senate-election-2nd-place
2026-10-02T21:19:01.205323+00:00,https://polymarket.com/event/mato-grosso-do-sul-senate-election-2nd-place,Mato Grosso do Sul Senate Election: 2nd Place,elections,2.278,0.0,0.0,0,Capitão Contar,65.62,0.625,secondary:Reinaldo Azambuja=16.1%; secondary:Soraya=2.8%; secondary:Vander Loubet=1.6%; secondary:Valter da Comagran=0.1%; secondary:Beto do Movimento=0.0%; secondary:Daniel Junior=0.0%; hedge:Luiz Lemes=4.6%; hedge:Roberto Oshiro=4.6%; hedge:Valderi Garcia=4.6%,"no independent sources available — sized at floor, using market-implied favorite (RACE_PAGE_MAP در sources/polls.py تنظیم نشده است.)",https://polymarket.com/event/mato-grosso-do-sul-senate-election-2nd-place
2026-10-02T21:19:01.205533+00:00,https://polymarket.com/event/mato-grosso-do-sul-senate-election-1st-place,Mato Grosso do Sul Senate Election: 1st Place,elections,2.278,0.0,0.0,0,Reinaldo Azambuja,74.55,0.71,secondary:Capitão Contar=15.3%; hedge:Beto do Movimento=0.3%; hedge:Daniel Junior=0.3%; hedge:Luiz Lemes=1.6%; hedge:Roberto Oshiro=1.0%; hedge:Soraya=0.3%; hedge:Valderi Garcia=2.6%; hedge:Valter da Comagran=2.6%; hedge:Vander Loubet=1.3%,"no independent sources available — sized at floor, using market-implied favorite (RACE_PAGE_MAP در sources/polls.py تنظیم نشده است.)",https://polymarket.com/event/mato-grosso-do-sul-senate-election-1st-place
2026-10-02T21:19:01.205741+00:00,https://polymarket.com/event/mato-grosso-senate-election-2nd-place,Mato Grosso Senate Election: 2nd Place,elections,2.278,0.0,0.0,0,Janaina Riva,70.88,0.675,secondary:Mauro Mendes=5.2%; secondary:Jose Medeiros=5.1%; secondary:Galvan=4.2%; secondary:Pedro Taques=3.0%; hedge:Beny Godoy=0.5%; hedge:Coronel Darwin=0.3%; hedge:Fávaro=9.6%; hedge:Margareth Buzetti=0.3%; hedge:Professor Nelson Ferreira=0.9%,"no independent sources available — sized at floor, using market-implied favorite (RACE_PAGE_MAP در sources/polls.py تنظیم نشده است.)",https://polymarket.com/event/mato-grosso-senate-election-2nd-place
2026-10-02T21:19:01.205948+00:00,https://polymarket.com/event/mato-grosso-senate-election-1st-place,Mato Grosso Senate Election: 1st Place,elections,2.278,0.0,0.0,0,Mauro Mendes,95.55,0.91,hedge:Beny Godoy=0.3%; hedge:Coronel Darwin=0.2%; hedge:Fávaro=0.1%; hedge:Galvan=0.1%; hedge:Janaina Riva=0.3%; hedge:Jose Medeiros=0.3%; hedge:Margareth Buzetti=0.1%; hedge:Pedro Taques=0.2%; hedge:Professor Nelson Ferreira=0.1%,"no independent sources available — sized at floor, using market-implied favorite (RACE_PAGE_MAP در sources/polls.py تنظیم نشده است.)",https://polymarket.com/event/mato-grosso-senate-election-1st-place
2026-10-02T21:19:01.206163+00:00,https://polymarket.com/event/para-senate-election-1st-place,Pará Senate Election: 1st Place,elections,2.278,0.0,0.0,0,Helder,91.88,0.875,secondary:Delegado Éder Mauro=4.9%; hedge:Breno Guimarães=0.1%; hedge:Celso Sabino=0.2%; hedge:Chicão=1.1%; hedge:Conti=0.2%; hedge:Edlaine Rodrigues=0.5%; hedge:Fernanda Lopes=0.2%; hedge:Gizelle Freitas=0.1%; hedge:Willem da Silva=0.1%; hedge:Zequinha Marinho=0.6%,"no independent sources available — sized at floor, using market-implied favorite (RACE_PAGE_MAP در sources/polls.py تنظیم نشده است.)",https://polymarket.com/event/para-senate-election-1st-place
2026-10-02T21:19:01.206415+00:00,https://polymarket.com/event/paraiba-senate-election-1st-place,Paraíba Senate Election: 1st Place,elections,2.278,0.0,0.0,0,Joao Azevêdo,95.6,0.9105,hedge:Adriano Trajano=0.0%; hedge:André Gadelha=0.0%; hedge:Dr. Marcelo Queiroga=0.1%; hedge:João Batista=0.0%; hedge:Major Fábio=0.1%; hedge:Nabor=0.9%; hedge:Rinaldo Júnior=0.0%; hedge:Rosilene Santana=0.0%; hedge:Veneziano=0.7%,"no independent sources available — sized at floor, using market-implied favorite (RACE_PAGE_MAP در sources/polls.py تنظیم نشده است.)",https://polymarket.com/event/paraiba-senate-election-1st-place
2026-10-02T21:19:01.206758+00:00,https://polymarket.com/event/pernambuco-senate-election-1st-place,Pernambuco Senate Election: 1st Place,elections,2.278,0.0,0.0,0,Marília Arraes,70.35,0.67,secondary:Humberto Costa=17.8%; hedge:Carlos Sant'Anna=0.1%; hedge:Eduardo da Fonte=4.0%; hedge:Gorett Bitu=0.4%; hedge:Mailson da Silva Neto=0.2%; hedge:Mariano Macedo=0.1%; hedge:Mendonça Filho=6.3%; hedge:Pastor Gilvan Costa=0.1%; hedge:Paulo Rubem Santiago=0.4%; hedge:Samuel Timoteo=0.1%; hedge:Túlio Gadêlha=0.2%,"no independent sources available — sized at floor, using market-implied favorite (RACE_PAGE_MAP در sources/polls.py تنظیم نشده است.)",https://polymarket.com/event/pernambuco-senate-election-1st-place
2026-10-02T21:19:01.207004+00:00,https://polymarket.com/event/piaui-senate-election-1st-place,Piauí Senate Election: 1st Place,elections,2.278,0.0,0.0,0,Marcelo Castro,63.52,0.605,secondary:Ciro Nogueira=11.3%; secondary:Julio Cesar=10.6%; hedge:Alexandre Mariano=0.9%; hedge:Antônio Barros=0.9%; hedge:Antônio José Lira=0.9%; hedge:Cloves José=0.9%; hedge:Danniel Rocha=0.9%; hedge:Dionisio Carvalho=0.9%; hedge:Francinaldo Leão=0.9%; hedge:Irmão Evandro Marques=0.9%; hedge:Jardenya Bezerra=0.9%; hedge:Jorge Lopes=0.9%; hedge:Major Paulo Roberto=0.9%; hedge:Maria Madalena Nunes=0.9%; hedge:Missionário Evandro Craveiro=0.9%; hedge:Pastor Sena=0.9%; hedge:Pedro Laurentino=0.9%; hedge:Tiago Junqueira=0.9%; hedge:Toinho Dufrango=0.9%,"no independent sources available — sized at floor, using market-implied favorite (RACE_PAGE_MAP در sources/polls.py تنظیم نشده است.)",https://polymarket.com/event/piaui-senate-election-1st-place
2026-10-02T21:19:01.207238+00:00,https://polymarket.com/event/parana-senate-election-1st-place,Paraná Senate Election: 1st Place,elections,2.278,0.0,0.0,0,Deltan Dallagnol,70.88,0.675,secondary:Alexandre Curi=9.3%; secondary:Filipe Barros=8.1%; hedge:Cristina Reis Graeml=0.9%; hedge:Dr. Rosinha=0.3%; hedge:Gleisi=9.8%; hedge:Karen Guerreiro=0.3%; hedge:Marcelo Marcelino=0.3%,"no independent sources available — sized at floor, using market-implied favorite (RACE_PAGE_MAP در sources/polls.py تنظیم نشده است.)",https://polymarket.com/event/parana-senate-election-1st-place
2026-10-02T21:19:01.207456+00:00,https://polymarket.com/event/rio-de-janeiro-senate-election-1st-place,Rio de Janeiro Senate Election: 1st Place,elections,2.278,0.0,0.0,0,Benedita da Silva,46.73,0.445,secondary:Carlos Jordy=22.6%; secondary:Carlos Portinho=9.3%; hedge:André Monteiro=0.3%; hedge:Helio Secco=0.3%; hedge:Luciano Mattos=0.3%; hedge:Luiz Eugenio=0.3%; hedge:Marcelo Crivella=2.4%; hedge:Marcos Dias=0.3%; hedge:Michelly Xavier=0.3%; hedge:Monica Benicio=0.3%; hedge:Ó Clemente=0.3%; hedge:Paula Falcão=0.3%; hedge:Pedro Paulo=15.1%; hedge:Vinicius Benevides=0.3%; hedge:Waguinho=0.3%,"no independent sources available — sized at floor, using market-implied favorite (RACE_PAGE_MAP در sources/polls.py تنظیم نشده است.)",https://polymarket.com/event/rio-de-janeiro-senate-election-1st-place
2026-10-02T21:19:01.207686+00:00,https://polymarket.com/event/rio-grande-do-norte-senate-election-1st-place,Rio Grande do Norte Senate Election: 1st Place,elections,2.278,0.0,0.0,0,Styvenson Valentim,86.1,0.82,secondary:Zenaide Maia=8.3%; hedge:Clóvis Costa do Coletivo Nós=0.1%; hedge:Coronel Hélio=0.1%; hedge:Gari Wendell Batista=0.3%; hedge:Linhares Jiboia=0.2%; hedge:Luciana Mandu=0.4%; hedge:Professor Guilherme=0.1%; hedge:Rafael Motta=1.5%; hedge:Rosália Fernandes=0.2%; hedge:Samanda de Lula=2.6%; hedge:Sandro Pimentel=0.1%; hedge:Sonia Godeiro=0.1%; hedge:Tércio Tinôco=0.1%,"no independent sources available — sized at floor, using market-implied favorite (RACE_PAGE_MAP در sources/polls.py تنظیم نشده است.)",https://polymarket.com/event/rio-grande-do-norte-senate-election-1st-place
2026-10-02T21:19:01.207902+00:00,https://polymarket.com/event/rondonia-senate-election-1st-place,Rondônia Senate Election: 1st Place,elections,2.278,0.0,0.0,0,Dr. Fernando Máximo,70.35,0.67,secondary:Sílvia Cristina=10.3%; secondary:Mariana Carvalho=7.4%; hedge:Acir Gurgacz=1.2%; hedge:Aires Mota=0.3%; hedge:Bruno Bolsonaro Scheid=8.8%; hedge:Engenheiro Thulio=0.3%; hedge:Luciana Oliveira=0.3%; hedge:Luis Fernando=0.8%; hedge:Neidinha=0.2%,"no independent sources available — sized at floor, using market-implied favorite (RACE_PAGE_MAP در sources/polls.py تنظیم نشده است.)",https://polymarket.com/event/rondonia-senate-election-1st-place
2026-10-02T21:19:01.208129+00:00,https://polymarket.com/event/roraima-senate-election-1st-place,Roraima Senate Election: 1st Place,elections,2.278,0.0,0.0,0,Teresa Surita,67.2,0.64,secondary:Nicoletti=14.8%; secondary:Helena da Asatur=4.9%; hedge:Bartô Macuxi=0.1%; hedge:Chico Rodrigues=10.8%; hedge:Helio Bolsonaro=1.4%; hedge:Hilton Xavier=0.1%; hedge:Hiperion de Oliveira=0.1%; hedge:Márcio Junqueira=0.1%; hedge:Mario Rocha=0.1%; hedge:Pastor Isamar=0.1%; hedge:Regina Tio Ivo=0.1%; hedge:Rogério Miranda=0.1%,"no independent sources available — sized at floor, using market-implied favorite (RACE_PAGE_MAP در sources/polls.py تنظیم نشده است.)",https://polymarket.com/event/roraima-senate-election-1st-place
2026-10-02T21:19:01.208372+00:00,https://polymarket.com/event/rio-grande-do-sul-senate-election-1st-place,Rio Grande do Sul Senate Election: 1st Place,elections,2.278,0.0,0.0,0,Marcel Van Hattem,78.75,0.75,secondary:Manuela D'Ávila=6.1%; secondary:Sanderson=4.4%; secondary:Pimenta=2.2%; hedge:Daniela Mulheres Socialistas=0.2%; hedge:Frederico Antunes=0.2%; hedge:Milton Cardoso=0.2%; hedge:Regis Ethur=0.2%; hedge:Renato Jaguarão=0.2%; hedge:Ric Jones=0.2%; hedge:Rigotto=7.2%; hedge:Tania Peres=0.2%,"no independent sources available — sized at floor, using market-implied favorite (RACE_PAGE_MAP در sources/polls.py تنظیم نشده است.)",https://polymarket.com/event/rio-grande-do-sul-senate-election-1st-place
2026-10-02T21:19:01.208601+00:00,https://polymarket.com/event/santa-catarina-senate-election-1st-place,Santa Catarina Senate Election: 1st Place,elections,2.278,0.0,0.0,0,Carol de Toni,70.88,0.675,secondary:Carlos Bolsonaro=12.1%; secondary:Esperidião Amin=5.4%; hedge:Afrânio Boppré=0.8%; hedge:Ana Lucia da Silveira Machado=1.6%; hedge:Carol=0.8%; hedge:Décio Lima=2.3%; hedge:Jeferson da Rocha=0.8%; hedge:Joaninha de Oliveira=0.8%; hedge:Lunelli=0.8%; hedge:Marcos Dorval=2.3%; hedge:Marlene Soccas=0.8%; hedge:Túlio de Amorim Pfuetzenreiter=0.8%,"no independent sources available — sized at floor, using market-implied favorite (RACE_PAGE_MAP در sources/polls.py تنظیم نشده است.)",https://polymarket.com/event/santa-catarina-senate-election-1st-place
2026-10-02T21:19:01.208829+00:00,https://polymarket.com/event/sergipe-senate-election-1st-place,Sergipe Senate Election: 1st Place,elections,2.278,0.0,0.0,0,Rogerio Carvalho,42.58,0.4055,secondary:Delegado André David=23.3%; secondary:André Moura=6.6%; secondary:Edvaldo=4.5%; hedge:Coronel Rocha=0.1%; hedge:Delegado Alessandro=8.6%; hedge:Eduardo Amorim=5.5%; hedge:Iran Barbosa=3.3%; hedge:Paulinho da União Tur=0.8%; hedge:Renatinha=0.2%; hedge:Rodrigo Valadares=4.5%,"no independent sources available — sized at floor, using market-implied favorite (RACE_PAGE_MAP در sources/polls.py تنظیم نشده است.)",https://polymarket.com/event/sergipe-senate-election-1st-place
2026-10-02T21:19:01.209068+00:00,https://polymarket.com/event/sao-paulo-senate-election-1st-place,São Paulo Senate Election: 1st Place,elections,2.278,0.0,0.0,0,Guilherme Derrite,71.93,0.685,secondary:André do Prado=16.8%; hedge:Dra. Eliana Ferreira=0.1%; hedge:Ednelson Cesaretti=0.1%; hedge:Geraldo Rufino=0.1%; hedge:Maíra de Souza=0.1%; hedge:Marcio Alves=0.1%; hedge:Marina Silva=7.4%; hedge:Petter Maahs=0.1%; hedge:Salles=0.6%; hedge:Simone Tebet=2.7%; hedge:Soninha Francine=0.1%; hedge:Weller Gonçalves=0.1%; hedge:William Teixeira=0.1%,"no independent sources available — sized at floor, using market-implied favorite (RACE_PAGE_MAP در sources/polls.py تنظیم نشده است.)",https://polymarket.com/event/sao-paulo-senate-election-1st-place
2026-10-02T21:19:01.209327+00:00,https://polymarket.com/event/tocantins-senate-election-1st-place,Tocantins Senate Election: 1st Place,elections,2.278,0.0,0.0,0,Eduardo Gomes,88.72,0.845,secondary:Alexandre Guimarães=6.8%; hedge:Apóstolo Flavio Braga=0.0%; hedge:Eli Borges=0.7%; hedge:Fábio Ribeiro=0.0%; hedge:Gaguim=3.4%; hedge:Helio Rodrigues Bolsonaro=0.0%; hedge:Nilton Santos=0.0%; hedge:Osvany Luz=0.0%; hedge:Paulo Mourão=0.1%; hedge:Professor Osvaldo=0.0%; hedge:Ronaldo Dimas=0.0%; hedge:Vanderlei Luxemburgo=0.0%,"no independent sources available — sized at floor, using market-implied favorite (RACE_PAGE_MAP در sources/polls.py تنظیم نشده است.)",https://polymarket.com/event/tocantins-senate-election-1st-place
2026-10-02T21:19:01.209545+00:00,https://polymarket.com/event/para-senate-election-2nd-place,Pará Senate Election: 2nd Place,elections,2.278,0.0,0.0,0,Delegado Éder Mauro,57.23,0.545,secondary:Chicão=16.1%; secondary:Zequinha Marinho=9.5%; hedge:Breno Guimarães=0.2%; hedge:Celso Sabino=6.5%; hedge:Conti=0.2%; hedge:Edlaine Rodrigues=0.2%; hedge:Fernanda Lopes=1.3%; hedge:Gizelle Freitas=0.3%; hedge:Helder=8.2%; hedge:Willem da Silva=0.3%,"no independent sources available — sized at floor, using market-implied favorite (RACE_PAGE_MAP در sources/polls.py تنظیم نشده است.)",https://polymarket.com/event/para-senate-election-2nd-place
2026-10-02T21:19:01.209778+00:00,https://polymarket.com/event/paraiba-senate-election-2nd-place,Paraíba Senate Election: 2nd Place,elections,2.278,0.0,0.0,0,Veneziano,50.92,0.485,secondary:Nabor=24.1%; secondary:Dr. Marcelo Queiroga=3.5%; secondary:Joao Azevêdo=1.6%; secondary:Adriano Trajano=0.0%; secondary:André Gadelha=0.0%; secondary:João Batista=0.0%; secondary:Major Fábio=0.0%; secondary:Rinaldo Júnior=0.0%; secondary:Rosilene Santana=19.7%,"no independent sources available — sized at floor, using market-implied favorite (RACE_PAGE_MAP در sources/polls.py تنظیم نشده است.)",https://polymarket.com/event/paraiba-senate-election-2nd-place
2026-10-02T21:19:01.210000+00:00,https://polymarket.com/event/pernambuco-senate-election-2nd-place,Pernambuco Senate Election: 2nd Place,elections,2.278,0.0,0.0,0,Humberto Costa,46.73,0.445,secondary:Marília Arraes=16.6%; secondary:Mendonça Filho=8.6%; secondary:Eduardo da Fonte=3.9%; secondary:Túlio Gadêlha=2.6%; secondary:Pastor Gilvan Costa=0.1%; secondary:Carlos Sant'Anna=0.0%; secondary:Gorett Bitu=0.0%; secondary:Mailson da Silva Neto=0.0%; secondary:Mariano Macedo=0.0%; secondary:Paulo Rubem Santiago=0.0%; secondary:Samuel Timoteo=21.4%,"no independent sources available — sized at floor, using market-implied favorite (RACE_PAGE_MAP در sources/polls.py تنظیم نشده است.)",https://polymarket.com/event/pernambuco-senate-election-2nd-place
2026-10-02T21:19:01.210279+00:00,https://polymarket.com/event/piaui-senate-election-2nd-place,Piauí Senate Election: 2nd Place,elections,2.278,0.0,0.0,0,Julio Cesar,51.34,0.489,secondary:Marcelo Castro=13.5%; secondary:Ciro Nogueira=12.9%; secondary:Tiago Junqueira=2.9%; hedge:Alexandre Mariano=1.9%; hedge:Antônio Barros=0.7%; hedge:Antônio José Lira=0.7%; hedge:Cloves José=1.9%; hedge:Danniel Rocha=0.7%; hedge:Dionisio Carvalho=0.7%; hedge:Francinaldo Leão=1.9%; hedge:Irmão Evandro Marques=0.7%; hedge:Jardenya Bezerra=1.9%; hedge:Jorge Lopes=0.7%; hedge:Major Paulo Roberto=0.7%; hedge:Maria Madalena Nunes=1.9%; hedge:Missionário Evandro Craveiro=1.9%; hedge:Pastor Sena=0.7%; hedge:Pedro Laurentino=0.7%; hedge:Toinho Dufrango=1.9%,"no independent sources available — sized at floor, using market-implied favorite (RACE_PAGE_MAP در sources/polls.py تنظیم نشده است.)",https://polymarket.com/event/piaui-senate-election-2nd-place
2026-10-02T21:19:01.210511+00:00,https://polymarket.com/event/parana-senate-election-2nd-place,Paraná Senate Election: 2nd Place,elections,2.278,0.0,0.0,0,Alexandre Curi,42.0,0.4,secondary:Filipe Barros=24.2%; secondary:Deltan Dallagnol=6.4%; secondary:Gleisi=4.1%; hedge:Cristina Reis Graeml=22.0%; hedge:Dr. Rosinha=0.4%; hedge:Karen Guerreiro=0.4%; hedge:Marcelo Marcelino=0.4%,"no independent sources available — sized at floor, using market-implied favorite (RACE_PAGE_MAP در sources/polls.py تنظیم نشده است.)",https://polymarket.com/event/parana-senate-election-2nd-place
2026-10-02T21:19:01.210745+00:00,https://polymarket.com/event/rio-de-janeiro-senate-election-2nd-place,Rio de Janeiro Senate Election: 2nd Place,elections,2.278,0.0,0.0,0,Carlos Portinho,35.0,0.321,secondary:Carlos Jordy=15.0%; secondary:Benedita da Silva=12.8%; secondary:Marcelo Crivella=8.6%; secondary:Pedro Paulo=2.0%; secondary:Monica Benicio=0.1%; secondary:Waguinho=0.1%; secondary:André Monteiro=0.0%; secondary:Helio Secco=0.0%; secondary:Luciano Mattos=0.0%; secondary:Luiz Eugenio=0.0%; secondary:Marcos Dias=0.0%; secondary:Michelly Xavier=0.0%; secondary:Ó Clemente=0.0%; secondary:Paula Falcão=0.0%; secondary:Vinicius Benevides=26.0%,"no independent sources available — sized at floor, using market-implied favorite (RACE_PAGE_MAP در sources/polls.py تنظیم نشده است.)",https://polymarket.com/event/rio-de-janeiro-senate-election-2nd-place
2026-10-02T21:19:01.210976+00:00,https://polymarket.com/event/rio-grande-do-norte-senate-election-2nd-place,Rio Grande do Norte Senate Election: 2nd Place,elections,2.278,0.0,0.0,0,Zenaide Maia,59.32,0.565,secondary:Samanda de Lula=12.9%; secondary:Styvenson Valentim=11.5%; hedge:Clóvis Costa do Coletivo Nós=0.1%; hedge:Coronel Hélio=4.0%; hedge:Gari Wendell Batista=0.1%; hedge:Linhares Jiboia=0.1%; hedge:Luciana Mandu=0.2%; hedge:Professor Guilherme=0.1%; hedge:Rafael Motta=11.4%; hedge:Rosália Fernandes=0.1%; hedge:Sandro Pimentel=0.1%; hedge:Sonia Godeiro=0.1%; hedge:Tércio Tinôco=0.1%,"no independent sources available — sized at floor, using market-implied favorite (RACE_PAGE_MAP در sources/polls.py تنظیم نشده است.)",https://polymarket.com/event/rio-grande-do-norte-senate-election-2nd-place
2026-10-02T21:19:01.211220+00:00,https://polymarket.com/event/rondonia-senate-election-2nd-place,Rondônia Senate Election: 2nd Place,elections,2.278,0.0,0.0,0,Bruno Bolsonaro Scheid,44.1,0.42,secondary:Sílvia Cristina=23.4%; secondary:Dr. Fernando Máximo=10.1%; hedge:Acir Gurgacz=7.3%; hedge:Aires Mota=4.1%; hedge:Engenheiro Thulio=0.2%; hedge:Luciana Oliveira=0.3%; hedge:Luis Fernando=0.2%; hedge:Mariana Carvalho=9.7%; hedge:Neidinha=0.3%,"no independent sources available — sized at floor, using market-implied favorite (RACE_PAGE_MAP در sources/polls.py تنظیم نشده است.)",https://polymarket.com/event/rondonia-senate-election-2nd-place
2026-10-02T21:19:01.211439+00:00,https://polymarket.com/event/roraima-senate-election-2nd-place,Roraima Senate Election: 2nd Place,elections,2.278,0.0,0.0,0,Nicoletti,56.33,0.5365,secondary:Teresa Surita=20.1%; secondary:Helena da Asatur=6.2%; hedge:Bartô Macuxi=0.1%; hedge:Chico Rodrigues=4.5%; hedge:Helio Bolsonaro=12.2%; hedge:Hilton Xavier=0.1%; hedge:Hiperion de Oliveira=0.1%; hedge:Márcio Junqueira=0.1%; hedge:Mario Rocha=0.2%; hedge:Pastor Isamar=0.1%; hedge:Regina Tio Ivo=0.1%; hedge:Rogério Miranda=0.1%,"no independent sources available — sized at floor, using market-implied favorite (RACE_PAGE_MAP در sources/polls.py تنظیم نشده است.)",https://polymarket.com/event/roraima-senate-election-2nd-place
2026-10-02T21:19:01.211647+00:00,https://polymarket.com/event/rio-grande-do-sul-senate-election-2nd-place,Rio Grande do Sul Senate Election: 2nd Place,elections,2.278,0.0,0.0,0,Sanderson,70.61,0.6725,secondary:Manuela D'Ávila=9.5%; secondary:Marcel Van Hattem=8.1%; hedge:Daniela Mulheres Socialistas=0.1%; hedge:Frederico Antunes=0.1%; hedge:Milton Cardoso=0.1%; hedge:Pimenta=4.7%; hedge:Regis Ethur=0.1%; hedge:Renato Jaguarão=0.1%; hedge:Ric Jones=0.1%; hedge:Rigotto=6.6%; hedge:Tania Peres=0.1%,"no independent sources available — sized at floor, using market-implied favorite (RACE_PAGE_MAP در sources/polls.py تنظیم نشده است.)",https://polymarket.com/event/rio-grande-do-sul-senate-election-2nd-place
2026-10-02T21:19:01.211875+00:00,https://polymarket.com/event/santa-catarina-senate-election-2nd-place,Santa Catarina Senate Election: 2nd Place,elections,2.278,0.0,0.0,0,Carlos Bolsonaro,40.43,0.385,secondary:Esperidião Amin=22.3%; secondary:Carol de Toni=12.4%; secondary:Décio Lima=0.8%; secondary:Afrânio Boppré=0.0%; secondary:Ana Lucia da Silveira Machado=0.0%; secondary:Carol=0.0%; secondary:Jeferson da Rocha=0.0%; secondary:Joaninha de Oliveira=0.0%; secondary:Lunelli=0.0%; secondary:Marcos Dorval=0.0%; secondary:Marlene Soccas=0.0%; secondary:Túlio de Amorim Pfuetzenreiter=23.9%,"no independent sources available — sized at floor, using market-implied favorite (RACE_PAGE_MAP در sources/polls.py تنظیم نشده است.)",https://polymarket.com/event/santa-catarina-senate-election-2nd-place
2026-10-02T21:19:01.212094+00:00,https://polymarket.com/event/sergipe-senate-election-2nd-place,Sergipe Senate Election: 2nd Place,elections,2.278,0.0,0.0,0,Rogerio Carvalho,35.0,0.315,secondary:André Moura=12.8%; secondary:Delegado André David=8.8%; secondary:Eduardo Amorim=7.7%; secondary:Delegado Alessandro=7.7%; secondary:Rodrigo Valadares=2.0%; hedge:Coronel Rocha=1.3%; hedge:Edvaldo=15.6%; hedge:Iran Barbosa=1.3%; hedge:Paulinho da União Tur=3.9%; hedge:Renatinha=3.9%,"no independent sources available — sized at floor, using market-implied favorite (RACE_PAGE_MAP در sources/polls.py تنظیم نشده است.)",https://polymarket.com/event/sergipe-senate-election-2nd-place
2026-10-02T21:19:01.212357+00:00,https://polymarket.com/event/sao-paulo-senate-election-2nd-place,São Paulo Senate Election: 2nd Place,elections,2.278,0.0,0.0,0,André do Prado,58.22,0.5545,secondary:Guilherme Derrite=16.0%; secondary:Marina Silva=9.1%; hedge:Dra. Eliana Ferreira=0.1%; hedge:Ednelson Cesaretti=0.1%; hedge:Geraldo Rufino=0.1%; hedge:Maíra de Souza=0.1%; hedge:Marcio Alves=0.1%; hedge:Petter Maahs=0.1%; hedge:Salles=0.1%; hedge:Simone Tebet=15.8%; hedge:Soninha Francine=0.1%; hedge:Weller Gonçalves=0.1%; hedge:William Teixeira=0.1%,"no independent sources available — sized at floor, using market-implied favorite (RACE_PAGE_MAP در sources/polls.py تنظیم نشده است.)",https://polymarket.com/event/sao-paulo-senate-election-2nd-place
2026-10-02T21:19:01.212586+00:00,https://polymarket.com/event/tocantins-senate-election-2nd-place,Tocantins Senate Election: 2nd Place,elections,2.278,0.0,0.0,0,Alexandre Guimarães,36.22,0.345,secondary:Gaguim=11.3%; secondary:Vanderlei Luxemburgo=11.0%; secondary:Eduardo Gomes=9.2%; secondary:Eli Borges=4.4%; secondary:Paulo Mourão=0.7%; secondary:Osvany Luz=0.5%; secondary:Ronaldo Dimas=0.3%; secondary:Apóstolo Flavio Braga=0.2%; secondary:Nilton Santos=0.2%; secondary:Fábio Ribeiro=0.1%; secondary:Helio Rodrigues Bolsonaro=0.1%; secondary:Professor Osvaldo=25.6%,"no independent sources available — sized at floor, using market-implied favorite (RACE_PAGE_MAP در sources/polls.py تنظیم نشده است.)",https://polymarket.com/event/tocantins-senate-election-2nd-place
2026-10-03T19:49:40.393902+00:00,https://polymarket.com/event/so-paulo-governor-election-winner,São Paulo Governor Election Winner,elections,1.34,0.0,0.0,0,Tarcísio de Freitas,100.0,0.996,,"no independent sources available — sized at floor, using market-implied favorite (RACE_PAGE_MAP در sources/polls.py تنظیم نشده است.)",https://polymarket.com/event/so-paulo-governor-election-winner
2026-10-03T19:49:40.394128+00:00,https://polymarket.com/event/minas-gerais-governor-election-winner,Minas Gerais Governor Election Winner,elections,1.34,0.0,0.0,0,Cleitinho Azevedo,99.59,0.9485,hedge:Rodrigo Pacheco=0.0%; hedge:Nikolas Ferreira=0.0%; hedge:Alexandre Kalil=0.0%; hedge:Mateus Simões=0.0%; hedge:Tadeu Leite=0.0%; hedge:Aécio Neves=0.0%; hedge:Alexandre Silveira=0.0%; hedge:Gabriel Azevedo=0.0%; hedge:Benoni Mendes=0.0%; hedge:Patrus Ananias=0.1%; hedge:Marcelo Aro=0.0%; hedge:Flávio Roscoe=0.0%; hedge:Vittorio Medioli=0.0%; hedge:Luís Eduardo Falcão=0.0%; hedge:Euclydes Pettersen=0.0%; hedge:Gleidson Azevedo=0.0%,"no independent sources available — sized at floor, using market-implied favorite (RACE_PAGE_MAP در sources/polls.py تنظیم نشده است.)",https://polymarket.com/event/minas-gerais-governor-election-winner
2026-10-03T19:49:40.394242+00:00,https://polymarket.com/event/bahia-governor-election-winner,Bahia Governor Election Winner,elections,1.34,0.0,0.0,0,Jerônimo Rodrigues,66.68,0.635,secondary:ACM Neto=20.0%; hedge:João Roma=2.7%; hedge:José Carlos Aleluia=2.7%; hedge:Kleber Rosa=2.7%; hedge:Rui Costa=2.7%; hedge:Bruno Soares Reis=2.7%,"no independent sources available — sized at floor, using market-implied favorite (RACE_PAGE_MAP در sources/polls.py تنظیم نشده است.)",https://polymarket.com/event/bahia-governor-election-winner
2026-10-03T19:49:40.394319+00:00,https://polymarket.com/event/cear-governor-election-winner,Ceará Governor Election Winner,elections,1.34,0.0,0.0,0,Elmano de Freitas,68.78,0.655,secondary:Ciro Gomes=18.7%; hedge:Eduardo Girão=3.1%; hedge:Capitão Wagner=3.1%; hedge:Roberto Cláudio=3.1%; hedge:Camilo Santana=3.1%,"no independent sources available — sized at floor, using market-implied favorite (RACE_PAGE_MAP در sources/polls.py تنظیم نشده است.)",https://polymarket.com/event/cear-governor-election-winner
2026-10-03T19:49:40.394403+00:00,https://polymarket.com/event/rio-grande-do-sul-governor-election-winner,Rio Grande do Sul Governor Election Winner,elections,1.34,0.0,0.0,0,Luciano Zucco,90.3,0.86,secondary:Juliana Brizola=5.8%; hedge:Marcelo Maranata=0.1%; hedge:Gabriel Souza=3.7%; hedge:Luis Carlos Heinze=0.1%,"no independent sources available — sized at floor, using market-implied favorite (RACE_PAGE_MAP در sources/polls.py تنظیم نشده است.)",https://polymarket.com/event/rio-grande-do-sul-governor-election-winner
2026-10-03T19:49:40.394472+00:00,https://polymarket.com/event/para-governor-election-winner-20260609154623298,Pará Governor Election Winner,elections,1.34,0.0,0.0,0,Hana Ghassan,59.85,0.57,secondary:Dr. Daniel Santos=24.1%; hedge:Éder Mauro=8.0%; hedge:Zequinha Marinho=2.0%; hedge:Rogério Barra=2.0%; hedge:Paulo Rocha=2.0%; hedge:Dirceu Ten Caten=2.0%,"no independent sources available — sized at floor, using market-implied favorite (RACE_PAGE_MAP در sources/polls.py تنظیم نشده است.)",https://polymarket.com/event/para-governor-election-winner-20260609154623298
2026-10-03T19:49:40.394530+00:00,https://polymarket.com/event/goias-governor-election-winner-20260609165823163,Goiás Governor Election Winner,elections,1.34,0.0,0.0,0,Daniel Vilela,100.0,0.983,,"no independent sources available — sized at floor, using market-implied favorite (RACE_PAGE_MAP در sources/polls.py تنظیم نشده است.)",https://polymarket.com/event/goias-governor-election-winner-20260609165823163
2026-10-03T19:49:40.394594+00:00,https://polymarket.com/event/santa-catarina-governor-election-winner-20260609164309743,Santa Catarina Governor Election Winner ,elections,1.34,0.0,0.0,0,Jorginho Mello,100.0,0.998,,"no independent sources available — sized at floor, using market-implied favorite (RACE_PAGE_MAP در sources/polls.py تنظیم نشده است.)",https://polymarket.com/event/santa-catarina-governor-election-winner-20260609164309743
2026-10-03T19:49:40.394701+00:00,https://polymarket.com/event/parana-governor-election-winner-20260608205118343,Paraná Governor Election Winner,elections,1.34,0.0,0.0,0,Sergio Moro,72.97,0.695,secondary:Sandro Alex=16.2%; hedge:Requião Filho=8.3%; hedge:Rafael Greca=0.4%; hedge:Guto Silva=0.4%; hedge:Alexandre Curi=0.4%; hedge:Beto Richa=0.4%; hedge:Enio Verri=0.4%; hedge:Luiz França=0.4%,"no independent sources available — sized at floor, using market-implied favorite (RACE_PAGE_MAP در sources/polls.py تنظیم نشده است.)",https://polymarket.com/event/parana-governor-election-winner-20260608205118343
2026-10-03T19:49:40.394834+00:00,https://polymarket.com/event/rio-de-janeiro-governor-election-winner-20260608202949176,Rio de Janeiro Governor Election Winner,elections,1.34,0.0,0.0,0,Eduardo Paes,80.59,0.7675,secondary:Douglas Ruas=11.7%; hedge:Dr. Luizinho=0.6%; hedge:Eduardo Pazuello=0.6%; hedge:Tarcísio Motta=0.6%; hedge:Anthony Garotinho=0.6%; hedge:Wilson Witzel=0.6%; hedge:André Português=0.6%; hedge:Lindbergh Farias=0.6%; hedge:Felipe Curi=0.6%; hedge:Nicola Miccione=0.6%; hedge:André Ceciliano=0.6%; hedge:Chico Machado=0.6%; hedge:Fred Pacheco=0.6%; hedge:Rafa Luz=0.6%; hedge:Colonel Busnello=0.6%,"no independent sources available — sized at floor, using market-implied favorite (RACE_PAGE_MAP در sources/polls.py تنظیم نشده است.)",https://polymarket.com/event/rio-de-janeiro-governor-election-winner-20260608202949176
2026-10-03T19:49:40.394928+00:00,https://polymarket.com/event/maranhao-governor-election-winner-20260611182113297,Maranhão Governor Election Winner,elections,1.34,0.0,0.0,0,Eduardo Braide,93.98,0.895,secondary:Orleans Brandão=3.6%; hedge:Felipe Camarão=1.4%; hedge:André Luís=0.3%; hedge:Lahesio Bonfim=0.3%; hedge:Enilton Rodrigues=0.3%,"no independent sources available — sized at floor, using market-implied favorite (RACE_PAGE_MAP در sources/polls.py تنظیم نشده است.)",https://polymarket.com/event/maranhao-governor-election-winner-20260611182113297
2026-10-03T19:49:40.395002+00:00,https://polymarket.com/event/paraiba-governor-election-winner-20260611183326566,Paraíba Governor Election Winner,elections,1.34,0.0,0.0,0,Lucas Ribeiro,100.0,0.9705,,"no independent sources available — sized at floor, using market-implied favorite (RACE_PAGE_MAP در sources/polls.py تنظیم نشده است.)",https://polymarket.com/event/paraiba-governor-election-winner-20260611183326566
2026-10-03T19:49:40.395072+00:00,https://polymarket.com/event/espirito-santo-governor-election-winner-20260611183840001,Espírito Santo Governor Election Winner ,elections,1.34,0.0,0.0,0,Ricardo Ferraço,63.0,0.6,secondary:Lorenzo Pazolini=22.2%; hedge:Sergio Vidigal=4.9%; hedge:Arnaldinho Borgo=4.9%; hedge:Euclério Sampaio=4.9%,"no independent sources available — sized at floor, using market-implied favorite (RACE_PAGE_MAP در sources/polls.py تنظیم نشده است.)",https://polymarket.com/event/espirito-santo-governor-election-winner-20260611183840001
2026-10-03T19:49:40.395141+00:00,https://polymarket.com/event/pernambuco-governor-election-winner-20260709143134925,Pernambuco Governor Election Winner,elections,1.34,0.0,0.0,0,João Campos,55.65,0.53,secondary:Raquel Lyra=26.6%; hedge:Ivan Moraes=17.7%,"no independent sources available — sized at floor, using market-implied favorite (RACE_PAGE_MAP در sources/polls.py تنظیم نشده است.)",https://polymarket.com/event/pernambuco-governor-election-winner-20260709143134925
2026-10-03T19:49:40.395213+00:00,https://polymarket.com/event/acre-governor-election-winner,Acre Governor Election Winner,elections,1.34,0.0,0.0,0,Mailza Assis,75.08,0.715,secondary:Alan Rick=14.9%; hedge:Dr. Luisinho=1.2%; hedge:Eudo Raffael=1.2%; hedge:Thor Dantas=1.2%; hedge:Tião Bocalom=6.2%,"no independent sources available — sized at floor, using market-implied favorite (RACE_PAGE_MAP در sources/polls.py تنظیم نشده است.)",https://polymarket.com/event/acre-governor-election-winner
2026-10-03T19:49:40.395285+00:00,https://polymarket.com/event/alagoas-governor-election-winner,Alagoas Governor Election Winner,elections,1.34,0.0,0.0,0,Renan Filho,64.58,0.615,secondary:JHC=21.2%; hedge:Lenilda Luna=7.1%; hedge:Márcio Jambo=7.1%,"no independent sources available — sized at floor, using market-implied favorite (RACE_PAGE_MAP در sources/polls.py تنظیم نشده است.)",https://polymarket.com/event/alagoas-governor-election-winner
2026-10-03T19:49:40.395358+00:00,https://polymarket.com/event/amazonas-governor-election-winner,Amazonas Governor Election Winner,elections,1.34,0.0,0.0,0,Omar Aziz,76.12,0.725,secondary:Professora Maria do Carmo=7.7%; secondary:Roberto Cidade=6.6%; hedge:Cabo Daciolo=0.8%; hedge:David Almeida=7.2%; hedge:Gilberto Vasconcelos=0.8%; hedge:Isael Munduruku=0.8%,"no independent sources available — sized at floor, using market-implied favorite (RACE_PAGE_MAP در sources/polls.py تنظیم نشده است.)",https://polymarket.com/event/amazonas-governor-election-winner
2026-10-03T19:49:40.395436+00:00,https://polymarket.com/event/amapa-governor-election-winner,Amapá Governor Election Winner,elections,1.34,0.0,0.0,0,Dr. Furlan,95.55,0.91,hedge:Carlos Cley=0.0%; hedge:Clécio Luís=1.6%; hedge:Jairo Palheta=0.1%; hedge:Marcos Reategui=0.1%,"no independent sources available — sized at floor, using market-implied favorite (RACE_PAGE_MAP در sources/polls.py تنظیم نشده است.)",https://polymarket.com/event/amapa-governor-election-winner
2026-10-03T19:49:40.395507+00:00,https://polymarket.com/event/mato-grosso-do-sul-governor-election-winner,Mato Grosso do Sul Governor Election Winner,elections,1.34,0.0,0.0,0,Eduardo Riedel,100.0,0.996,,"no independent sources available — sized at floor, using market-implied favorite (RACE_PAGE_MAP در sources/polls.py تنظیم نشده است.)",https://polymarket.com/event/mato-grosso-do-sul-governor-election-winner
2026-10-03T19:49:40.395575+00:00,https://polymarket.com/event/mato-grosso-governor-election-winner,Mato Grosso Governor Election Winner,elections,1.34,0.0,0.0,0,Otaviano Pivetta,67.73,0.645,secondary:Wellington Fagundes=19.4%; hedge:Doutora Natasha=9.9%; hedge:Mauricio Coelho=1.0%; hedge:Rafaell Milas=1.0%; hedge:Sargento Laudicério=1.0%,"no independent sources available — sized at floor, using market-implied favorite (RACE_PAGE_MAP در sources/polls.py تنظیم نشده است.)",https://polymarket.com/event/mato-grosso-governor-election-winner
2026-10-03T19:49:40.395660+00:00,https://polymarket.com/event/piaui-governor-election-winner,Piauí Governor Election Winner,elections,1.34,0.0,0.0,0,Rafael Fonteles,100.0,0.995,,"no independent sources available — sized at floor, using market-implied favorite (RACE_PAGE_MAP در sources/polls.py تنظیم نشده است.)",https://polymarket.com/event/piaui-governor-election-winner
2026-10-03T19:49:40.395736+00:00,https://polymarket.com/event/rondonia-governor-election-winner,Rondônia Governor Election Winner,elections,1.34,0.0,0.0,0,Marcos Rogério,94.5,0.9,hedge:Adailton Furia=1.5%; hedge:Expedito Netto=0.2%; hedge:Hildon Chaves=0.3%; hedge:Pedro Abib=0.2%; hedge:Samuel Costa=0.1%,"no independent sources available — sized at floor, using market-implied favorite (RACE_PAGE_MAP در sources/polls.py تنظیم نشده است.)",https://polymarket.com/event/rondonia-governor-election-winner
2026-10-03T19:49:40.395807+00:00,https://polymarket.com/event/roraima-governor-election-winner,Roraima Governor Election Winner,elections,1.34,0.0,0.0,0,Arthur Henrique,98.8,0.941,hedge:Clébio Genuíno=0.1%; hedge:Farah Mesquita=0.0%; hedge:Rosi Aires=0.1%; hedge:Soldado Sampaio=0.2%,"no independent sources available — sized at floor, using market-implied favorite (RACE_PAGE_MAP در sources/polls.py تنظیم نشده است.)",https://polymarket.com/event/roraima-governor-election-winner
2026-10-03T19:49:40.395880+00:00,https://polymarket.com/event/tocantins-governor-election-winner,Tocantins Governor Election Winner,elections,1.34,0.0,0.0,0,Professora Dorinha,65.62,0.625,secondary:Vicentinho Júnior=20.6%; hedge:Ataides de Oliveira=2.8%; hedge:Du Pereira=2.8%; hedge:Laurez Moreira=2.8%; hedge:Prof. Witer Naves=2.8%; hedge:Subtenente Luiz Carlos=2.8%,"no independent sources available — sized at floor, using market-implied favorite (RACE_PAGE_MAP در sources/polls.py تنظیم نشده است.)",https://polymarket.com/event/tocantins-governor-election-winner
2026-10-03T19:49:40.395949+00:00,https://polymarket.com/event/federal-district-governor-election-winner,Federal District Governor Election Winner,elections,1.34,0.0,0.0,0,Celina Leão,100.0,0.975,,"no independent sources available — sized at floor, using market-implied favorite (RACE_PAGE_MAP در sources/polls.py تنظیم نشده است.)",https://polymarket.com/event/federal-district-governor-election-winner
2026-10-03T19:49:40.396024+00:00,https://polymarket.com/event/rio-grande-do-norte-governor-election-winner,Rio Grande do Norte Governor Election Winner,elections,1.34,0.0,0.0,0,Allyson,84.0,0.8,secondary:Cadu de Lula=9.6%; hedge:Álvaro Dias=5.2%; hedge:Carlos Jararaca=0.2%; hedge:Dário Barbosa=0.2%; hedge:Henrique Lyra=0.2%; hedge:Professor Roberio Paulino=0.2%; hedge:Rodrigo Bolsonaro=0.2%,"no independent sources available — sized at floor, using market-implied favorite (RACE_PAGE_MAP در sources/polls.py تنظیم نشده است.)",https://polymarket.com/event/rio-grande-do-norte-governor-election-winner
2026-10-03T19:49:40.396098+00:00,https://polymarket.com/event/sergipe-governor-election-winner,Sergipe Governor Election Winner,elections,1.34,0.0,0.0,0,Fábio,88.2,0.84,secondary:Valmir de Francisquinho=7.1%; hedge:Dr. Helton=0.6%; hedge:Emanuel Cacho=2.4%; hedge:Ricardo Marques=0.6%; hedge:Taty Cristina de Jesus=1.2%,"no independent sources available — sized at floor, using market-implied favorite (RACE_PAGE_MAP در sources/polls.py تنظیم نشده است.)",https://polymarket.com/event/sergipe-governor-election-winner
2026-10-03T19:49:40.396172+00:00,https://polymarket.com/event/acre-senate-election-1st-place,Acre Senate Election: 1st Place,elections,1.34,0.0,0.0,0,Marcio Bittar,43.05,0.41,secondary:Mara Rocha=18.2%; secondary:Gladson Camelí=15.9%; hedge:Dr. Junior Feitosa=0.2%; hedge:Eduardo Velloso=0.2%; hedge:Jorge Viana=21.9%; hedge:Petecão=0.2%; hedge:Professor Inacio Moreira=0.2%,"no independent sources available — sized at floor, using market-implied favorite (RACE_PAGE_MAP در sources/polls.py تنظیم نشده است.)",https://polymarket.com/event/acre-senate-election-1st-place
2026-10-03T19:49:40.396248+00:00,https://polymarket.com/event/acre-senate-election-2nd-place,Acre Senate Election: 2nd Place,elections,1.34,0.0,0.0,0,Mara Rocha,42.0,0.4,secondary:Marcio Bittar=24.9%; secondary:Jorge Viana=9.8%; hedge:Dr. Junior Feitosa=0.1%; hedge:Eduardo Velloso=0.1%; hedge:Gladson Camelí=20.8%; hedge:Petecão=2.1%; hedge:Professor Inacio Moreira=0.1%,"no independent sources available — sized at floor, using market-implied favorite (RACE_PAGE_MAP در sources/polls.py تنظیم نشده است.)",https://polymarket.com/event/acre-senate-election-2nd-place
2026-10-03T19:49:40.396321+00:00,https://polymarket.com/event/alagoas-senate-election-1st-place,Alagoas Senate Election: 1st Place,elections,1.34,0.0,0.0,0,Marina JHC,59.43,0.566,secondary:Arthur Lira=17.4%; secondary:Renan=7.0%; hedge:Alexandre Fleming=2.1%; hedge:Davi Davino Filho=7.8%; hedge:Dr. Wanderley=4.2%; hedge:Mariedson=2.1%,"no independent sources available — sized at floor, using market-implied favorite (RACE_PAGE_MAP در sources/polls.py تنظیم نشده است.)",https://polymarket.com/event/alagoas-senate-election-1st-place
2026-10-03T19:49:40.396396+00:00,https://polymarket.com/event/alagoas-senate-election-2nd-place,Alagoas Senate Election: 2nd Place,elections,1.34,0.0,0.0,0,Marina JHC,35.0,0.265,secondary:Renan=21.4%; secondary:Arthur Lira=15.7%; secondary:Davi Davino Filho=1.4%; secondary:Dr. Wanderley=0.5%; secondary:Alexandre Fleming=0.0%; secondary:Mariedson=26.0%,"no independent sources available — sized at floor, using market-implied favorite (RACE_PAGE_MAP در sources/polls.py تنظیم نشده است.)",https://polymarket.com/event/alagoas-senate-election-2nd-place
2026-10-03T19:49:40.396472+00:00,https://polymarket.com/event/amazonas-senate-election-2nd-place,Amazonas Senate Election: 2nd Place,elections,1.34,0.0,0.0,0,Capitão Alberto Neto,59.85,0.57,secondary:Eduardo Braga=15.3%; secondary:Wilson Lima=8.8%; hedge:Dailson Corrêa=0.1%; hedge:Evandro de Oliveira=0.1%; hedge:Ismael Munduruku=0.1%; hedge:Plinio Valério=15.1%; hedge:Professora Evany=0.1%; hedge:Xuxa do Amazonas=0.7%,"no independent sources available — sized at floor, using market-implied favorite (RACE_PAGE_MAP در sources/polls.py تنظیم نشده است.)",https://polymarket.com/event/amazonas-senate-election-2nd-place
2026-10-03T19:49:40.396554+00:00,https://polymarket.com/event/amazonas-senate-election-1st-place,Amazonas Senate Election: 1st Place,elections,1.34,0.0,0.0,0,Eduardo Braga,74.02,0.705,secondary:Capitão Alberto Neto=13.5%; secondary:Wilson Lima=1.4%; secondary:Plinio Valério=0.5%; secondary:Dailson Corrêa=0.1%; secondary:Evandro de Oliveira=0.1%; secondary:Ismael Munduruku=0.1%; secondary:Professora Evany=0.1%; secondary:Xuxa do Amazonas=10.4%,"no independent sources available — sized at floor, using market-implied favorite (RACE_PAGE_MAP در sources/polls.py تنظیم نشده است.)",https://polymarket.com/event/amazonas-senate-election-1st-place
2026-10-03T19:49:40.396634+00:00,https://polymarket.com/event/amapa-senate-election-2nd-place,Amapá Senate Election: 2nd Place,elections,1.34,0.0,0.0,0,Randolfe,49.88,0.475,secondary:Lucas Barreto=22.7%; secondary:Rayssa Furlan=7.4%; hedge:Acácio Favacho=2.9%; hedge:Alliny Serrão=1.5%; hedge:Capi=3.3%; hedge:Helio Silva=0.6%; hedge:Juíza Jô=4.2%; hedge:Professor Uzian Pinto=7.5%,"no independent sources available — sized at floor, using market-implied favorite (RACE_PAGE_MAP در sources/polls.py تنظیم نشده است.)",https://polymarket.com/event/amapa-senate-election-2nd-place
2026-10-03T19:49:40.396730+00:00,https://polymarket.com/event/amapa-senate-election-1st-place,Amapá Senate Election: 1st Place,elections,1.34,0.0,0.0,0,Rayssa Furlan,90.3,0.86,secondary:Randolfe=5.8%; hedge:Acácio Favacho=0.1%; hedge:Alliny Serrão=1.5%; hedge:Capi=0.1%; hedge:Helio Silva=0.1%; hedge:Juíza Jô=0.1%; hedge:Lucas Barreto=2.2%; hedge:Professor Uzian Pinto=0.1%,"no independent sources available — sized at floor, using market-implied favorite (RACE_PAGE_MAP در sources/polls.py تنظیم نشده است.)",https://polymarket.com/event/amapa-senate-election-1st-place
2026-10-03T19:49:40.396809+00:00,https://polymarket.com/event/bahia-senate-election-2nd-place,Bahia Senate Election: 2nd Place,elections,1.34,0.0,0.0,0,Jaques Wagner,80.85,0.77,secondary:Rui Costa=6.7%; secondary:João Roma=4.8%; hedge:Angelo Coronel=7.3%; hedge:Carlos Sodré=0.1%; hedge:Gregorio Gould=0.1%; hedge:Marcelo Carvalho=0.1%; hedge:Marcelo Millet=0.1%; hedge:Marcelo Santtana=0.1%; hedge:Professora Delliana=0.1%,"no independent sources available — sized at floor, using market-implied favorite (RACE_PAGE_MAP در sources/polls.py تنظیم نشده است.)",https://polymarket.com/event/bahia-senate-election-2nd-place
2026-10-03T19:49:40.396887+00:00,https://polymarket.com/event/bahia-senate-election-1st-place,Bahia Senate Election: 1st Place,elections,1.34,0.0,0.0,0,Rui Costa,95.03,0.905,hedge:Angelo Coronel=0.3%; hedge:Carlos Sodré=0.0%; hedge:Gregorio Gould=0.0%; hedge:Jaques Wagner=1.6%; hedge:João Roma=0.0%; hedge:Marcelo Carvalho=0.0%; hedge:Marcelo Millet=0.0%; hedge:Marcelo Santtana=0.0%; hedge:Professora Delliana=0.0%,"no independent sources available — sized at floor, using market-implied favorite (RACE_PAGE_MAP در sources/polls.py تنظیم نشده است.)",https://polymarket.com/event/bahia-senate-election-1st-place
2026-10-03T19:49:40.396962+00:00,https://polymarket.com/event/ceara-senate-election-1st-place,Ceará Senate Election: 1st Place,elections,1.34,0.0,0.0,0,Cid Gomes,74.02,0.705,secondary:Capitão Wagner=9.2%; secondary:Luizianne=6.4%; hedge:Alcides Fernandes=5.2%; hedge:Catarina Matos=1.3%; hedge:Guilherme Theophilo=1.3%; hedge:Lino Alves=1.3%; hedge:Reginaldo=1.3%,"no independent sources available — sized at floor, using market-implied favorite (RACE_PAGE_MAP در sources/polls.py تنظیم نشده است.)",https://polymarket.com/event/ceara-senate-election-1st-place
2026-10-03T19:49:40.397035+00:00,https://polymarket.com/event/ceara-senate-election-2nd-place,Ceará Senate Election: 2nd Place,elections,1.34,0.0,0.0,0,Luizianne,50.92,0.485,secondary:Capitão Wagner=20.6%; secondary:Cid Gomes=8.8%; hedge:Alcides Fernandes=17.1%; hedge:Catarina Matos=0.6%; hedge:Guilherme Theophilo=1.1%; hedge:Lino Alves=0.6%; hedge:Reginaldo=0.1%,"no independent sources available — sized at floor, using market-implied favorite (RACE_PAGE_MAP در sources/polls.py تنظیم نشده است.)",https://polymarket.com/event/ceara-senate-election-2nd-place
2026-10-03T19:49:40.397111+00:00,https://polymarket.com/event/federal-district-senate-election-1st-place,Federal District Senate Election: 1st Place,elections,1.34,0.0,0.0,0,Michelle Bolsonaro,100.0,0.9545,,"no independent sources available — sized at floor, using market-implied favorite (RACE_PAGE_MAP در sources/polls.py تنظیم نشده است.)",https://polymarket.com/event/federal-district-senate-election-1st-place
2026-10-03T19:49:40.397189+00:00,https://polymarket.com/event/federal-district-senate-election-2nd-place,Federal District Senate Election: 2nd Place,elections,1.34,0.0,0.0,0,Bia Kicis,85.42,0.8135,secondary:Leila do Vôlei=8.8%; hedge:Avenir Rosa=0.1%; hedge:David Horn=0.1%; hedge:Erika Kokay=2.6%; hedge:Guto Felício dos Santos=0.1%; hedge:Marley=0.1%; hedge:Michelle Bolsonaro=2.5%; hedge:Professor Guilherme Amorim=0.1%; hedge:Ronaldo Fonseca=0.1%; hedge:Sebastião Coelho=0.1%; hedge:Tiago=0.1%; hedge:Zanata=0.1%,"no independent sources available — sized at floor, using market-implied favorite (RACE_PAGE_MAP در sources/polls.py تنظیم نشده است.)",https://polymarket.com/event/federal-district-senate-election-2nd-place
2026-10-03T19:49:40.397271+00:00,https://polymarket.com/event/espirito-santo-senate-election-1st-place,Espírito Santo Senate Election: 1st Place,elections,1.34,0.0,0.0,0,Renato Casagrande,95.97,0.914,hedge:Callegari=0.1%; hedge:Evair de Melo=1.2%; hedge:Fabiano Contarato=0.0%; hedge:Leonardo Monjardim=0.1%; hedge:Maguinha Malta=0.1%; hedge:Marcos do Val=0.0%; hedge:Professor Fabian=0.0%; hedge:Rodney Miranda=0.0%; hedge:Rose de Freitas=0.0%; hedge:Sergio Meneguelli=0.0%,"no independent sources available — sized at floor, using market-implied favorite (RACE_PAGE_MAP در sources/polls.py تنظیم نشده است.)",https://polymarket.com/event/espirito-santo-senate-election-1st-place
2026-10-03T19:49:40.397357+00:00,https://polymarket.com/event/espirito-santo-senate-election-2nd-place,Espírito Santo Senate Election: 2nd Place,elections,1.34,0.0,0.0,0,Maguinha Malta,56.96,0.5425,secondary:Sergio Meneguelli=18.9%; secondary:Rose de Freitas=6.9%; hedge:Callegari=0.0%; hedge:Evair de Melo=8.2%; hedge:Fabiano Contarato=5.7%; hedge:Leonardo Monjardim=0.0%; hedge:Marcos do Val=0.0%; hedge:Professor Fabian=0.0%; hedge:Renato Casagrande=3.1%; hedge:Rodney Miranda=0.0%,"no independent sources available — sized at floor, using market-implied favorite (RACE_PAGE_MAP در sources/polls.py تنظیم نشده است.)",https://polymarket.com/event/espirito-santo-senate-election-2nd-place
2026-10-03T19:49:40.397438+00:00,https://polymarket.com/event/goias-senate-election-1st-place,Goiás Senate Election: 1st Place,elections,1.34,0.0,0.0,0,Gracinha Caiado,57.75,0.55,secondary:Gustavo Gayer=25.4%; hedge:Cintia Dias=0.7%; hedge:Dr. Zacharias Calil=7.5%; hedge:Ernesto Roller=1.9%; hedge:Guilherme Darques=1.0%; hedge:Gustavo Mendanha=1.0%; hedge:Isaura Lemos=1.0%; hedge:Iure Castro=1.6%; hedge:Oséias Varão=0.7%; hedge:Vanderlan Cardoso=1.6%,"no independent sources available — sized at floor, using market-implied favorite (RACE_PAGE_MAP در sources/polls.py تنظیم نشده است.)",https://polymarket.com/event/goias-senate-election-1st-place
2026-10-03T19:49:40.397518+00:00,https://polymarket.com/event/goias-senate-election-2nd-place,Goiás Senate Election: 2nd Place,elections,1.34,0.0,0.0,0,Gustavo Gayer,60.38,0.575,secondary:Gracinha Caiado=23.8%; hedge:Cintia Dias=0.2%; hedge:Dr. Zacharias Calil=8.0%; hedge:Ernesto Roller=0.1%; hedge:Guilherme Darques=0.1%; hedge:Gustavo Mendanha=2.9%; hedge:Isaura Lemos=0.1%; hedge:Iure Castro=0.2%; hedge:Oséias Varão=0.7%; hedge:Vanderlan Cardoso=3.6%,"no independent sources available — sized at floor, using market-implied favorite (RACE_PAGE_MAP در sources/polls.py تنظیم نشده است.)",https://polymarket.com/event/goias-senate-election-2nd-place
2026-10-03T19:49:40.397603+00:00,https://polymarket.com/event/maranhao-senate-election-2nd-place,Maranhão Senate Election: 2nd Place,elections,1.34,0.0,0.0,0,Weverton Rocha,35.0,0.27,secondary:Fufuca=14.0%; secondary:Lahesio Bonfim=13.6%; secondary:Roseana Sarney=11.3%; hedge:Cidônio Gonçalves=2.3%; hedge:Dr. Hilton Gonçalo=2.3%; hedge:Eliziane Gama=17.7%; hedge:Enilton Rodrigues=0.8%; hedge:Raimundo Moreira=1.3%; hedge:Simplício Araújo=0.5%; hedge:Wilson Leite=1.0%,"no independent sources available — sized at floor, using market-implied favorite (RACE_PAGE_MAP در sources/polls.py تنظیم نشده است.)",https://polymarket.com/event/maranhao-senate-election-2nd-place
2026-10-03T19:49:40.397696+00:00,https://polymarket.com/event/maranhao-senate-election-1st-place,Maranhão Senate Election: 1st Place,elections,1.34,0.0,0.0,0,Roseana Sarney,49.88,0.475,secondary:Lahesio Bonfim=18.6%; secondary:Fufuca=11.5%; hedge:Cidônio Gonçalves=0.2%; hedge:Dr. Hilton Gonçalo=1.3%; hedge:Eliziane Gama=3.8%; hedge:Enilton Rodrigues=0.2%; hedge:Raimundo Moreira=0.2%; hedge:Simplício Araújo=0.6%; hedge:Weverton Rocha=13.5%; hedge:Wilson Leite=0.2%,"no independent sources available — sized at floor, using market-implied favorite (RACE_PAGE_MAP در sources/polls.py تنظیم نشده است.)",https://polymarket.com/event/maranhao-senate-election-1st-place
2026-10-03T19:49:40.397791+00:00,https://polymarket.com/event/minas-gerais-senate-election-1st-place,Minas Gerais Senate Election: 1st Place,elections,1.34,0.0,0.0,0,Domingos Sávio,35.0,0.2975,secondary:Marília Campos=20.9%; secondary:Carlos Viana=12.3%; secondary:Aécio Neves=2.9%; secondary:Marco Antônio Superman=2.0%; secondary:Marcelo Aro=0.4%; secondary:Arcanjo Pimenta=0.0%; secondary:Áurea Carolina=0.0%; secondary:Carlin Moura=0.0%; secondary:Fidélis Alcântara=0.0%; secondary:Gustavo Galassi=0.0%; secondary:Jordano Metalúrgico=0.0%; secondary:Juiz Ramon Moreira=0.0%; secondary:Manoel Carvalho=0.0%; secondary:Marcelo Heringer=0.0%; secondary:Tião Pessoa=0.0%; secondary:Victória Mello Vic=26.0%,"no independent sources available — sized at floor, using market-implied favorite (RACE_PAGE_MAP در sources/polls.py تنظیم نشده است.)",https://polymarket.com/event/minas-gerais-senate-election-1st-place
2026-10-03T19:49:40.397888+00:00,https://polymarket.com/event/minas-gerais-senate-election-2nd-place,Minas Gerais Senate Election: 2nd Place,elections,1.34,0.0,0.0,0,Marília Campos,45.15,0.43,secondary:Domingos Sávio=14.9%; secondary:Marco Antônio Superman=10.0%; secondary:Carlos Viana=8.1%; hedge:Arcanjo Pimenta=0.1%; hedge:Áurea Carolina=2.2%; hedge:Carlin Moura=0.1%; hedge:Fidélis Alcântara=0.1%; hedge:Gustavo Galassi=0.1%; hedge:Jordano Metalúrgico=0.1%; hedge:Juiz Ramon Moreira=0.1%; hedge:Manoel Carvalho=0.1%; hedge:Marcelo Aro=9.2%; hedge:Marcelo Heringer=0.1%; hedge:Tião Pessoa=0.1%; hedge:Victória Mello Vic=0.1%; hedge:Aécio Neves=9.2%,"no independent sources available — sized at floor, using market-implied favorite (RACE_PAGE_MAP در sources/polls.py تنظیم نشده است.)",https://polymarket.com/event/minas-gerais-senate-election-2nd-place
2026-10-03T19:49:40.397975+00:00,https://polymarket.com/event/mato-grosso-do-sul-senate-election-2nd-place,Mato Grosso do Sul Senate Election: 2nd Place,elections,1.34,0.0,0.0,0,Capitão Contar,65.1,0.62,secondary:Reinaldo Azambuja=20.9%; hedge:Beto do Movimento=0.1%; hedge:Daniel Junior=0.1%; hedge:Luiz Lemes=0.1%; hedge:Roberto Oshiro=0.1%; hedge:Soraya=7.9%; hedge:Valderi Garcia=0.1%; hedge:Valter da Comagran=0.2%; hedge:Vander Loubet=5.2%,"no independent sources available — sized at floor, using market-implied favorite (RACE_PAGE_MAP در sources/polls.py تنظیم نشده است.)",https://polymarket.com/event/mato-grosso-do-sul-senate-election-2nd-place
2026-10-03T19:49:40.398057+00:00,https://polymarket.com/event/mato-grosso-do-sul-senate-election-1st-place,Mato Grosso do Sul Senate Election: 1st Place,elections,1.34,0.0,0.0,0,Reinaldo Azambuja,60.9,0.58,secondary:Capitão Contar=22.4%; secondary:Valderi Garcia=0.3%; secondary:Valter da Comagran=0.2%; secondary:Roberto Oshiro=0.2%; secondary:Vander Loubet=0.2%; secondary:Luiz Lemes=0.1%; secondary:Beto do Movimento=0.0%; secondary:Daniel Junior=0.0%; secondary:Soraya=15.7%,"no independent sources available — sized at floor, using market-implied favorite (RACE_PAGE_MAP در sources/polls.py تنظیم نشده است.)",https://polymarket.com/event/mato-grosso-do-sul-senate-election-1st-place
2026-10-03T19:49:40.398144+00:00,https://polymarket.com/event/mato-grosso-senate-election-2nd-place,Mato Grosso Senate Election: 2nd Place,elections,1.34,0.0,0.0,0,Janaina Riva,51.98,0.495,secondary:Jose Medeiros=19.4%; secondary:Mauro Mendes=5.6%; secondary:Galvan=3.8%; hedge:Beny Godoy=0.1%; hedge:Coronel Darwin=0.1%; hedge:Fávaro=6.9%; hedge:Margareth Buzetti=0.1%; hedge:Pedro Taques=11.1%; hedge:Professor Nelson Ferreira=0.7%,"no independent sources available — sized at floor, using market-implied favorite (RACE_PAGE_MAP در sources/polls.py تنظیم نشده است.)",https://polymarket.com/event/mato-grosso-senate-election-2nd-place
2026-10-03T19:49:40.398225+00:00,https://polymarket.com/event/mato-grosso-senate-election-1st-place,Mato Grosso Senate Election: 1st Place,elections,1.34,0.0,0.0,0,Mauro Mendes,95.55,0.91,hedge:Beny Godoy=0.3%; hedge:Coronel Darwin=0.2%; hedge:Fávaro=0.1%; hedge:Galvan=0.1%; hedge:Janaina Riva=0.4%; hedge:Jose Medeiros=0.4%; hedge:Margareth Buzetti=0.1%; hedge:Pedro Taques=0.2%; hedge:Professor Nelson Ferreira=0.1%,"no independent sources available — sized at floor, using market-implied favorite (RACE_PAGE_MAP در sources/polls.py تنظیم نشده است.)",https://polymarket.com/event/mato-grosso-senate-election-1st-place
2026-10-03T19:49:40.398309+00:00,https://polymarket.com/event/para-senate-election-1st-place,Pará Senate Election: 1st Place,elections,1.34,0.0,0.0,0,Helder,92.4,0.88,secondary:Delegado Éder Mauro=4.6%; hedge:Breno Guimarães=0.2%; hedge:Celso Sabino=0.2%; hedge:Chicão=0.9%; hedge:Conti=0.3%; hedge:Edlaine Rodrigues=0.4%; hedge:Fernanda Lopes=0.2%; hedge:Gizelle Freitas=0.3%; hedge:Willem da Silva=0.1%; hedge:Zequinha Marinho=0.4%,"no independent sources available — sized at floor, using market-implied favorite (RACE_PAGE_MAP در sources/polls.py تنظیم نشده است.)",https://polymarket.com/event/para-senate-election-1st-place
2026-10-03T19:49:40.398381+00:00,https://polymarket.com/event/paraiba-senate-election-1st-place,Paraíba Senate Election: 1st Place,elections,1.34,0.0,0.0,0,Joao Azevêdo,100.0,0.977,,"no independent sources available — sized at floor, using market-implied favorite (RACE_PAGE_MAP در sources/polls.py تنظیم نشده است.)",https://polymarket.com/event/paraiba-senate-election-1st-place
2026-10-03T19:49:40.398459+00:00,https://polymarket.com/event/pernambuco-senate-election-1st-place,Pernambuco Senate Election: 1st Place,elections,1.34,0.0,0.0,0,Marília Arraes,76.12,0.725,secondary:Humberto Costa=12.2%; secondary:Mendonça Filho=2.1%; hedge:Carlos Sant'Anna=0.5%; hedge:Eduardo da Fonte=5.5%; hedge:Gorett Bitu=0.5%; hedge:Mailson da Silva Neto=0.5%; hedge:Mariano Macedo=0.5%; hedge:Pastor Gilvan Costa=0.5%; hedge:Paulo Rubem Santiago=0.5%; hedge:Samuel Timoteo=0.5%; hedge:Túlio Gadêlha=0.5%,"no independent sources available — sized at floor, using market-implied favorite (RACE_PAGE_MAP در sources/polls.py تنظیم نشده است.)",https://polymarket.com/event/pernambuco-senate-election-1st-place
2026-10-03T19:49:40.398601+00:00,https://polymarket.com/event/piaui-senate-election-1st-place,Piauí Senate Election: 1st Place,elections,1.34,0.0,0.0,0,Marcelo Castro,57.23,0.545,secondary:Julio Cesar=13.6%; secondary:Ciro Nogueira=12.0%; hedge:Alexandre Mariano=1.0%; hedge:Antônio Barros=1.0%; hedge:Antônio José Lira=1.0%; hedge:Cloves José=1.0%; hedge:Danniel Rocha=1.0%; hedge:Dionisio Carvalho=1.0%; hedge:Francinaldo Leão=1.0%; hedge:Irmão Evandro Marques=1.0%; hedge:Jardenya Bezerra=1.0%; hedge:Jorge Lopes=1.0%; hedge:Major Paulo Roberto=1.0%; hedge:Maria Madalena Nunes=1.0%; hedge:Missionário Evandro Craveiro=1.0%; hedge:Pastor Sena=1.0%; hedge:Pedro Laurentino=1.0%; hedge:Tiago Junqueira=1.0%; hedge:Toinho Dufrango=1.0%,"no independent sources available — sized at floor, using market-implied favorite (RACE_PAGE_MAP در sources/polls.py تنظیم نشده است.)",https://polymarket.com/event/piaui-senate-election-1st-place
2026-10-03T19:49:40.398709+00:00,https://polymarket.com/event/parana-senate-election-1st-place,Paraná Senate Election: 1st Place,elections,1.34,0.0,0.0,0,Deltan Dallagnol,66.68,0.635,secondary:Alexandre Curi=11.0%; secondary:Filipe Barros=9.0%; hedge:Cristina Reis Graeml=0.6%; hedge:Dr. Rosinha=0.1%; hedge:Gleisi=12.3%; hedge:Karen Guerreiro=0.1%; hedge:Marcelo Marcelino=0.1%,"no independent sources available — sized at floor, using market-implied favorite (RACE_PAGE_MAP در sources/polls.py تنظیم نشده است.)",https://polymarket.com/event/parana-senate-election-1st-place
2026-10-03T19:49:40.398801+00:00,https://polymarket.com/event/rio-de-janeiro-senate-election-1st-place,Rio de Janeiro Senate Election: 1st Place,elections,1.34,0.0,0.0,0,Carlos Jordy,54.6,0.52,secondary:Benedita da Silva=17.2%; secondary:Carlos Portinho=10.1%; hedge:André Monteiro=0.3%; hedge:Helio Secco=0.3%; hedge:Luciano Mattos=0.3%; hedge:Luiz Eugenio=0.3%; hedge:Marcelo Crivella=2.1%; hedge:Marcos Dias=0.3%; hedge:Michelly Xavier=0.3%; hedge:Monica Benicio=0.3%; hedge:Ó Clemente=0.3%; hedge:Paula Falcão=0.3%; hedge:Pedro Paulo=12.8%; hedge:Vinicius Benevides=0.3%; hedge:Waguinho=0.3%,"no independent sources available — sized at floor, using market-implied favorite (RACE_PAGE_MAP در sources/polls.py تنظیم نشده است.)",https://polymarket.com/event/rio-de-janeiro-senate-election-1st-place
2026-10-03T19:49:40.398891+00:00,https://polymarket.com/event/rio-grande-do-norte-senate-election-1st-place,Rio Grande do Norte Senate Election: 1st Place,elections,1.34,0.0,0.0,0,Styvenson Valentim,87.15,0.83,secondary:Zenaide Maia=7.7%; hedge:Clóvis Costa do Coletivo Nós=0.1%; hedge:Coronel Hélio=0.1%; hedge:Gari Wendell Batista=0.2%; hedge:Linhares Jiboia=0.1%; hedge:Luciana Mandu=0.5%; hedge:Professor Guilherme=0.1%; hedge:Rafael Motta=2.0%; hedge:Rosália Fernandes=0.1%; hedge:Samanda de Lula=1.9%; hedge:Sandro Pimentel=0.1%; hedge:Sonia Godeiro=0.1%; hedge:Tércio Tinôco=0.1%,"no independent sources available — sized at floor, using market-implied favorite (RACE_PAGE_MAP در sources/polls.py تنظیم نشده است.)",https://polymarket.com/event/rio-grande-do-norte-senate-election-1st-place
2026-10-03T19:49:40.398973+00:00,https://polymarket.com/event/rondonia-senate-election-1st-place,Rondônia Senate Election: 1st Place,elections,1.34,0.0,0.0,0,Dr. Fernando Máximo,70.88,0.675,secondary:Bruno Bolsonaro Scheid=8.8%; secondary:Sílvia Cristina=8.7%; hedge:Acir Gurgacz=1.0%; hedge:Aires Mota=0.2%; hedge:Engenheiro Thulio=0.5%; hedge:Luciana Oliveira=0.4%; hedge:Luis Fernando=0.6%; hedge:Mariana Carvalho=8.7%; hedge:Neidinha=0.2%,"no independent sources available — sized at floor, using market-implied favorite (RACE_PAGE_MAP در sources/polls.py تنظیم نشده است.)",https://polymarket.com/event/rondonia-senate-election-1st-place
2026-10-03T19:49:40.399059+00:00,https://polymarket.com/event/roraima-senate-election-1st-place,Roraima Senate Election: 1st Place,elections,1.34,0.0,0.0,0,Teresa Surita,61.42,0.585,secondary:Nicoletti=16.7%; secondary:Helena da Asatur=6.5%; hedge:Bartô Macuxi=0.1%; hedge:Chico Rodrigues=13.1%; hedge:Helio Bolsonaro=1.4%; hedge:Hilton Xavier=0.1%; hedge:Hiperion de Oliveira=0.1%; hedge:Márcio Junqueira=0.1%; hedge:Mario Rocha=0.1%; hedge:Pastor Isamar=0.1%; hedge:Regina Tio Ivo=0.1%; hedge:Rogério Miranda=0.1%,"no independent sources available — sized at floor, using market-implied favorite (RACE_PAGE_MAP در sources/polls.py تنظیم نشده است.)",https://polymarket.com/event/roraima-senate-election-1st-place
2026-10-03T19:49:40.399148+00:00,https://polymarket.com/event/rio-grande-do-sul-senate-election-1st-place,Rio Grande do Sul Senate Election: 1st Place,elections,1.34,0.0,0.0,0,Marcel Van Hattem,78.75,0.75,secondary:Manuela D'Ávila=6.7%; secondary:Sanderson=6.1%; hedge:Daniela Mulheres Socialistas=0.1%; hedge:Frederico Antunes=0.1%; hedge:Milton Cardoso=0.1%; hedge:Pimenta=4.8%; hedge:Regis Ethur=0.1%; hedge:Renato Jaguarão=0.1%; hedge:Ric Jones=0.1%; hedge:Rigotto=3.2%; hedge:Tania Peres=0.1%,"no independent sources available — sized at floor, using market-implied favorite (RACE_PAGE_MAP در sources/polls.py تنظیم نشده است.)",https://polymarket.com/event/rio-grande-do-sul-senate-election-1st-place
2026-10-03T19:49:40.399233+00:00,https://polymarket.com/event/santa-catarina-senate-election-1st-place,Santa Catarina Senate Election: 1st Place,elections,1.34,0.0,0.0,0,Carol de Toni,70.88,0.675,secondary:Carlos Bolsonaro=12.1%; secondary:Esperidião Amin=5.4%; hedge:Afrânio Boppré=0.8%; hedge:Ana Lucia da Silveira Machado=2.3%; hedge:Carol=0.8%; hedge:Décio Lima=2.3%; hedge:Jeferson da Rocha=0.8%; hedge:Joaninha de Oliveira=0.8%; hedge:Lunelli=0.8%; hedge:Marcos Dorval=1.6%; hedge:Marlene Soccas=0.8%; hedge:Túlio de Amorim Pfuetzenreiter=0.8%,"no independent sources available — sized at floor, using market-implied favorite (RACE_PAGE_MAP در sources/polls.py تنظیم نشده است.)",https://polymarket.com/event/santa-catarina-senate-election-1st-place
2026-10-03T19:49:40.399318+00:00,https://polymarket.com/event/sergipe-senate-election-1st-place,Sergipe Senate Election: 1st Place,elections,1.34,0.0,0.0,0,Delegado André David,37.8,0.36,secondary:Rogerio Carvalho=15.5%; secondary:André Moura=11.0%; secondary:Edvaldo=10.8%; hedge:Coronel Rocha=0.1%; hedge:Delegado Alessandro=9.9%; hedge:Eduardo Amorim=6.4%; hedge:Iran Barbosa=3.2%; hedge:Paulinho da União Tur=0.9%; hedge:Renatinha=0.1%; hedge:Rodrigo Valadares=4.4%,"no independent sources available — sized at floor, using market-implied favorite (RACE_PAGE_MAP در sources/polls.py تنظیم نشده است.)",https://polymarket.com/event/sergipe-senate-election-1st-place
2026-10-03T19:49:40.399404+00:00,https://polymarket.com/event/sao-paulo-senate-election-1st-place,São Paulo Senate Election: 1st Place,elections,1.34,0.0,0.0,0,Guilherme Derrite,70.35,0.67,secondary:André do Prado=13.6%; secondary:Marina Silva=4.2%; hedge:Dra. Eliana Ferreira=0.1%; hedge:Ednelson Cesaretti=0.1%; hedge:Geraldo Rufino=0.1%; hedge:Maíra de Souza=0.1%; hedge:Marcio Alves=0.1%; hedge:Petter Maahs=0.1%; hedge:Salles=1.0%; hedge:Simone Tebet=9.9%; hedge:Soninha Francine=0.1%; hedge:Weller Gonçalves=0.1%; hedge:William Teixeira=0.1%,"no independent sources available — sized at floor, using market-implied favorite (RACE_PAGE_MAP در sources/polls.py تنظیم نشده است.)",https://polymarket.com/event/sao-paulo-senate-election-1st-place
2026-10-03T19:49:40.399492+00:00,https://polymarket.com/event/tocantins-senate-election-1st-place,Tocantins Senate Election: 1st Place,elections,1.34,0.0,0.0,0,Eduardo Gomes,86.62,0.825,secondary:Alexandre Guimarães=4.1%; secondary:Gaguim=4.0%; hedge:Apóstolo Flavio Braga=0.2%; hedge:Eli Borges=3.3%; hedge:Fábio Ribeiro=0.2%; hedge:Helio Rodrigues Bolsonaro=0.2%; hedge:Nilton Santos=0.2%; hedge:Osvany Luz=0.2%; hedge:Paulo Mourão=0.8%; hedge:Professor Osvaldo=0.2%; hedge:Ronaldo Dimas=0.2%; hedge:Vanderlei Luxemburgo=0.2%,"no independent sources available — sized at floor, using market-implied favorite (RACE_PAGE_MAP در sources/polls.py تنظیم نشده است.)",https://polymarket.com/event/tocantins-senate-election-1st-place
2026-10-03T19:49:40.399576+00:00,https://polymarket.com/event/para-senate-election-2nd-place,Pará Senate Election: 2nd Place,elections,1.34,0.0,0.0,0,Delegado Éder Mauro,58.28,0.555,secondary:Chicão=18.0%; secondary:Zequinha Marinho=7.0%; hedge:Breno Guimarães=0.2%; hedge:Celso Sabino=5.9%; hedge:Conti=0.2%; hedge:Edlaine Rodrigues=0.2%; hedge:Fernanda Lopes=1.2%; hedge:Gizelle Freitas=0.6%; hedge:Helder=8.1%; hedge:Willem da Silva=0.3%,"no independent sources available — sized at floor, using market-implied favorite (RACE_PAGE_MAP در sources/polls.py تنظیم نشده است.)",https://polymarket.com/event/para-senate-election-2nd-place
2026-10-03T19:49:40.399671+00:00,https://polymarket.com/event/paraiba-senate-election-2nd-place,Paraíba Senate Election: 2nd Place,elections,1.34,0.0,0.0,0,Veneziano,57.75,0.55,secondary:Nabor=22.1%; secondary:Dr. Marcelo Queiroga=3.2%; hedge:Adriano Trajano=0.2%; hedge:André Gadelha=0.2%; hedge:Joao Azevêdo=15.5%; hedge:João Batista=0.2%; hedge:Major Fábio=0.2%; hedge:Rinaldo Júnior=0.2%; hedge:Rosilene Santana=0.2%,"no independent sources available — sized at floor, using market-implied favorite (RACE_PAGE_MAP در sources/polls.py تنظیم نشده است.)",https://polymarket.com/event/paraiba-senate-election-2nd-place
2026-10-03T19:49:40.399758+00:00,https://polymarket.com/event/pernambuco-senate-election-2nd-place,Pernambuco Senate Election: 2nd Place,elections,1.34,0.0,0.0,0,Humberto Costa,47.25,0.45,secondary:Marília Arraes=17.0%; secondary:Mendonça Filho=9.4%; secondary:Eduardo da Fonte=3.0%; secondary:Túlio Gadêlha=2.3%; hedge:Carlos Sant'Anna=2.3%; hedge:Gorett Bitu=2.3%; hedge:Mailson da Silva Neto=2.3%; hedge:Mariano Macedo=2.3%; hedge:Pastor Gilvan Costa=7.0%; hedge:Paulo Rubem Santiago=2.3%; hedge:Samuel Timoteo=2.3%,"no independent sources available — sized at floor, using market-implied favorite (RACE_PAGE_MAP در sources/polls.py تنظیم نشده است.)",https://polymarket.com/event/pernambuco-senate-election-2nd-place
2026-10-03T19:49:40.399854+00:00,https://polymarket.com/event/piaui-senate-election-2nd-place,Piauí Senate Election: 2nd Place,elections,1.34,0.0,0.0,0,Julio Cesar,50.51,0.481,secondary:Marcelo Castro=17.6%; secondary:Ciro Nogueira=12.1%; hedge:Alexandre Mariano=0.6%; hedge:Antônio Barros=0.2%; hedge:Antônio José Lira=0.2%; hedge:Cloves José=0.6%; hedge:Danniel Rocha=0.2%; hedge:Dionisio Carvalho=0.2%; hedge:Francinaldo Leão=0.6%; hedge:Irmão Evandro Marques=0.2%; hedge:Jardenya Bezerra=0.6%; hedge:Jorge Lopes=0.2%; hedge:Major Paulo Roberto=0.2%; hedge:Maria Madalena Nunes=0.6%; hedge:Missionário Evandro Craveiro=0.6%; hedge:Pastor Sena=0.2%; hedge:Pedro Laurentino=0.2%; hedge:Tiago Junqueira=13.9%; hedge:Toinho Dufrango=0.6%,"no independent sources available — sized at floor, using market-implied favorite (RACE_PAGE_MAP در sources/polls.py تنظیم نشده است.)",https://polymarket.com/event/piaui-senate-election-2nd-place
2026-10-03T19:49:40.399936+00:00,https://polymarket.com/event/parana-senate-election-2nd-place,Paraná Senate Election: 2nd Place,elections,1.34,0.0,0.0,0,Filipe Barros,50.92,0.485,secondary:Alexandre Curi=23.5%; secondary:Deltan Dallagnol=6.0%; hedge:Cristina Reis Graeml=5.2%; hedge:Dr. Rosinha=0.1%; hedge:Gleisi=14.1%; hedge:Karen Guerreiro=0.1%; hedge:Marcelo Marcelino=0.1%,"no independent sources available — sized at floor, using market-implied favorite (RACE_PAGE_MAP در sources/polls.py تنظیم نشده است.)",https://polymarket.com/event/parana-senate-election-2nd-place
2026-10-03T19:49:40.400022+00:00,https://polymarket.com/event/rio-de-janeiro-senate-election-2nd-place,Rio de Janeiro Senate Election: 2nd Place,elections,1.34,0.0,0.0,0,Carlos Portinho,35.0,0.304,secondary:Marcelo Crivella=18.0%; secondary:Benedita da Silva=10.7%; secondary:Carlos Jordy=10.3%; hedge:André Monteiro=0.4%; hedge:Helio Secco=0.4%; hedge:Luciano Mattos=0.4%; hedge:Luiz Eugenio=0.4%; hedge:Marcos Dias=0.4%; hedge:Michelly Xavier=0.4%; hedge:Monica Benicio=1.2%; hedge:Ó Clemente=0.4%; hedge:Paula Falcão=0.4%; hedge:Pedro Paulo=20.5%; hedge:Vinicius Benevides=0.4%; hedge:Waguinho=0.8%,"no independent sources available — sized at floor, using market-implied favorite (RACE_PAGE_MAP در sources/polls.py تنظیم نشده است.)",https://polymarket.com/event/rio-de-janeiro-senate-election-2nd-place
2026-10-03T19:49:40.400113+00:00,https://polymarket.com/event/rio-grande-do-norte-senate-election-2nd-place,Rio Grande do Norte Senate Election: 2nd Place,elections,1.34,0.0,0.0,0,Zenaide Maia,52.5,0.5,secondary:Samanda de Lula=10.6%; secondary:Styvenson Valentim=10.1%; secondary:Coronel Hélio=7.8%; hedge:Clóvis Costa do Coletivo Nós=0.3%; hedge:Gari Wendell Batista=0.1%; hedge:Linhares Jiboia=0.1%; hedge:Luciana Mandu=0.4%; hedge:Professor Guilherme=0.3%; hedge:Rafael Motta=17.5%; hedge:Rosália Fernandes=0.1%; hedge:Sandro Pimentel=0.1%; hedge:Sonia Godeiro=0.1%; hedge:Tércio Tinôco=0.1%,"no independent sources available — sized at floor, using market-implied favorite (RACE_PAGE_MAP در sources/polls.py تنظیم نشده است.)",https://polymarket.com/event/rio-grande-do-norte-senate-election-2nd-place
2026-10-03T19:49:40.400198+00:00,https://polymarket.com/event/rondonia-senate-election-2nd-place,Rondônia Senate Election: 2nd Place,elections,1.34,0.0,0.0,0,Bruno Bolsonaro Scheid,48.83,0.465,secondary:Sílvia Cristina=25.3%; secondary:Dr. Fernando Máximo=5.4%; hedge:Acir Gurgacz=5.6%; hedge:Aires Mota=3.4%; hedge:Engenheiro Thulio=0.2%; hedge:Luciana Oliveira=0.3%; hedge:Luis Fernando=0.2%; hedge:Mariana Carvalho=10.3%; hedge:Neidinha=0.5%,"no independent sources available — sized at floor, using market-implied favorite (RACE_PAGE_MAP در sources/polls.py تنظیم نشده است.)",https://polymarket.com/event/rondonia-senate-election-2nd-place
2026-10-03T19:49:40.400283+00:00,https://polymarket.com/event/roraima-senate-election-2nd-place,Roraima Senate Election: 2nd Place,elections,1.34,0.0,0.0,0,Nicoletti,59.85,0.57,secondary:Teresa Surita=17.2%; secondary:Helena da Asatur=6.9%; hedge:Bartô Macuxi=0.1%; hedge:Chico Rodrigues=4.9%; hedge:Helio Bolsonaro=10.4%; hedge:Hilton Xavier=0.1%; hedge:Hiperion de Oliveira=0.1%; hedge:Márcio Junqueira=0.1%; hedge:Mario Rocha=0.2%; hedge:Pastor Isamar=0.1%; hedge:Regina Tio Ivo=0.1%; hedge:Rogério Miranda=0.1%,"no independent sources available — sized at floor, using market-implied favorite (RACE_PAGE_MAP در sources/polls.py تنظیم نشده است.)",https://polymarket.com/event/roraima-senate-election-2nd-place
2026-10-03T19:49:40.400368+00:00,https://polymarket.com/event/rio-grande-do-sul-senate-election-2nd-place,Rio Grande do Sul Senate Election: 2nd Place,elections,1.34,0.0,0.0,0,Sanderson,64.58,0.615,secondary:Manuela D'Ávila=10.6%; secondary:Marcel Van Hattem=10.6%; hedge:Daniela Mulheres Socialistas=0.1%; hedge:Frederico Antunes=0.1%; hedge:Milton Cardoso=0.1%; hedge:Pimenta=6.4%; hedge:Regis Ethur=0.1%; hedge:Renato Jaguarão=0.1%; hedge:Ric Jones=0.1%; hedge:Rigotto=7.3%; hedge:Tania Peres=0.1%,"no independent sources available — sized at floor, using market-implied favorite (RACE_PAGE_MAP در sources/polls.py تنظیم نشده است.)",https://polymarket.com/event/rio-grande-do-sul-senate-election-2nd-place
2026-10-03T19:49:40.400453+00:00,https://polymarket.com/event/santa-catarina-senate-election-2nd-place,Santa Catarina Senate Election: 2nd Place,elections,1.34,0.0,0.0,0,Carlos Bolsonaro,42.0,0.4,secondary:Esperidião Amin=18.9%; secondary:Carol de Toni=15.9%; hedge:Afrânio Boppré=0.7%; hedge:Ana Lucia da Silveira Machado=0.7%; hedge:Carol=0.7%; hedge:Décio Lima=16.7%; hedge:Jeferson da Rocha=0.7%; hedge:Joaninha de Oliveira=0.7%; hedge:Lunelli=0.7%; hedge:Marcos Dorval=0.7%; hedge:Marlene Soccas=0.7%; hedge:Túlio de Amorim Pfuetzenreiter=0.7%,"no independent sources available — sized at floor, using market-implied favorite (RACE_PAGE_MAP در sources/polls.py تنظیم نشده است.)",https://polymarket.com/event/santa-catarina-senate-election-2nd-place
2026-10-03T19:49:40.400535+00:00,https://polymarket.com/event/sergipe-senate-election-2nd-place,Sergipe Senate Election: 2nd Place,elections,1.34,0.0,0.0,0,Rogerio Carvalho,35.0,0.315,secondary:André Moura=12.8%; secondary:Delegado André David=12.1%; secondary:Delegado Alessandro=7.2%; secondary:Eduardo Amorim=6.9%; hedge:Coronel Rocha=0.4%; hedge:Edvaldo=4.3%; hedge:Iran Barbosa=0.4%; hedge:Paulinho da União Tur=1.1%; hedge:Renatinha=1.8%; hedge:Rodrigo Valadares=18.2%,"no independent sources available — sized at floor, using market-implied favorite (RACE_PAGE_MAP در sources/polls.py تنظیم نشده است.)",https://polymarket.com/event/sergipe-senate-election-2nd-place
2026-10-03T19:49:40.400624+00:00,https://polymarket.com/event/sao-paulo-senate-election-2nd-place,São Paulo Senate Election: 2nd Place,elections,1.34,0.0,0.0,0,André do Prado,57.7,0.5495,secondary:Guilherme Derrite=15.0%; secondary:Simone Tebet=10.4%; hedge:Dra. Eliana Ferreira=0.1%; hedge:Ednelson Cesaretti=0.1%; hedge:Geraldo Rufino=0.1%; hedge:Maíra de Souza=0.1%; hedge:Marcio Alves=0.1%; hedge:Marina Silva=16.3%; hedge:Petter Maahs=0.1%; hedge:Salles=0.1%; hedge:Soninha Francine=0.1%; hedge:Weller Gonçalves=0.1%; hedge:William Teixeira=0.1%,"no independent sources available — sized at floor, using market-implied favorite (RACE_PAGE_MAP در sources/polls.py تنظیم نشده است.)",https://polymarket.com/event/sao-paulo-senate-election-2nd-place
2026-10-03T19:49:40.400728+00:00,https://polymarket.com/event/tocantins-senate-election-2nd-place,Tocantins Senate Election: 2nd Place,elections,1.34,0.0,0.0,0,Alexandre Guimarães,37.27,0.355,secondary:Gaguim=11.0%; secondary:Eduardo Gomes=9.4%; secondary:Eli Borges=8.9%; secondary:Vanderlei Luxemburgo=7.0%; secondary:Ronaldo Dimas=0.8%; secondary:Paulo Mourão=0.6%; hedge:Apóstolo Flavio Braga=4.8%; hedge:Fábio Ribeiro=6.1%; hedge:Helio Rodrigues Bolsonaro=1.3%; hedge:Nilton Santos=5.6%; hedge:Osvany Luz=6.1%; hedge:Professor Osvaldo=1.3%,"no independent sources available — sized at floor, using market-implied favorite (RACE_PAGE_MAP در sources/polls.py تنظیم نشده است.)",https://polymarket.com/event/tocantins-senate-election-2nd-place
